-- phpMyAdmin SQL Dump
-- version 4.9.5deb2
-- https://www.phpmyadmin.net/
--
-- Host: localhost:3306
-- Generation Time: Jan 04, 2022 at 09:27 AM
-- Server version: 8.0.27-0ubuntu0.20.04.1
-- PHP Version: 7.4.3

SET SQL_MODE = "NO_AUTO_VALUE_ON_ZERO";
SET AUTOCOMMIT = 0;
START TRANSACTION;
SET time_zone = "+00:00";


/*!40101 SET @OLD_CHARACTER_SET_CLIENT=@@CHARACTER_SET_CLIENT */;
/*!40101 SET @OLD_CHARACTER_SET_RESULTS=@@CHARACTER_SET_RESULTS */;
/*!40101 SET @OLD_COLLATION_CONNECTION=@@COLLATION_CONNECTION */;
/*!40101 SET NAMES utf8mb4 */;

--
-- Database: `u2071497`
--

-- --------------------------------------------------------

--
-- Table structure for table `breeds`
--

CREATE TABLE `breeds` (
  `id` bigint UNSIGNED NOT NULL,
  `name` text CHARACTER SET utf8mb4 COLLATE utf8mb4_unicode_ci NOT NULL
) ENGINE=InnoDB DEFAULT CHARSET=utf8mb4 COLLATE=utf8mb4_unicode_ci;

--
-- Dumping data for table `breeds`
--

INSERT INTO `breeds` (`id`, `name`) VALUES
(1, 'Bulldog'),
(2, 'Chihuahua'),
(3, 'Terrier'),
(4, 'Mastiff'),
(5, 'Bloodhound'),
(6, 'Beagle'),
(7, 'Labrador'),
(8, 'Great Dane'),
(9, 'Irish Wolfhound'),
(10, 'Lurcher'),
(11, 'Poodle'),
(12, 'Pug'),
(13, 'Chow'),
(14, 'Greyhound'),
(15, 'Husky'),
(16, 'Spaniel'),
(17, 'Boxer'),
(18, 'Dachshund'),
(19, 'American Bulldog'),
(20, 'Pomeranian'),
(21, 'Rottweiler'),
(22, 'Labradoodle'),
(23, 'Mongrel');

-- --------------------------------------------------------

--
-- Stand-in structure for view `cheap`
-- (See below for the actual view)
--
CREATE TABLE `cheap` (
`price` decimal(5,2)
,`roomNo` int
);

-- --------------------------------------------------------

--
-- Table structure for table `competitions`
--

CREATE TABLE `competitions` (
  `id` bigint UNSIGNED NOT NULL,
  `day` text CHARACTER SET utf8mb4 COLLATE utf8mb4_unicode_ci NOT NULL,
  `amOrPm` text CHARACTER SET utf8mb4 COLLATE utf8mb4_unicode_ci NOT NULL,
  `event_id` bigint UNSIGNED NOT NULL,
  `chief_judge_id` bigint UNSIGNED NOT NULL
) ENGINE=InnoDB DEFAULT CHARSET=utf8mb4 COLLATE=utf8mb4_unicode_ci;

--
-- Dumping data for table `competitions`
--

INSERT INTO `competitions` (`id`, `day`, `amOrPm`, `event_id`, `chief_judge_id`) VALUES
(1, 'Wednesday', 'pm', 1, 23),
(2, 'Friday', 'am', 9, 4),
(3, 'Wednesday', 'am', 9, 15),
(4, 'Monday', 'am', 5, 3),
(5, 'Sunday', 'pm', 10, 25),
(6, 'Friday', 'pm', 2, 25),
(7, 'Thursday', 'pm', 4, 19),
(8, 'Sunday', 'pm', 1, 25),
(9, 'Tuesday', 'am', 9, 12),
(10, 'Wednesday', 'am', 6, 19),
(11, 'Friday', 'pm', 2, 15),
(12, 'Wednesday', 'am', 1, 16),
(13, 'Wednesday', 'am', 7, 25),
(14, 'Monday', 'pm', 5, 21),
(15, 'Wednesday', 'am', 10, 6);

-- --------------------------------------------------------

--
-- Table structure for table `customers`
--

CREATE TABLE `customers` (
  `customerNumber` int NOT NULL,
  `customerName` varchar(50) NOT NULL,
  `contactLastName` varchar(50) NOT NULL,
  `contactFirstName` varchar(50) NOT NULL,
  `phone` varchar(50) NOT NULL,
  `addressLine1` varchar(50) NOT NULL,
  `addressLine2` varchar(50) DEFAULT NULL,
  `city` varchar(50) NOT NULL,
  `state` varchar(50) DEFAULT NULL,
  `postalCode` varchar(15) DEFAULT NULL,
  `country` varchar(50) NOT NULL,
  `salesRepEmployeeNumber` int DEFAULT NULL,
  `creditLimit` decimal(10,2) DEFAULT NULL
) ENGINE=InnoDB DEFAULT CHARSET=latin1;

--
-- Dumping data for table `customers`
--

INSERT INTO `customers` (`customerNumber`, `customerName`, `contactLastName`, `contactFirstName`, `phone`, `addressLine1`, `addressLine2`, `city`, `state`, `postalCode`, `country`, `salesRepEmployeeNumber`, `creditLimit`) VALUES
(103, 'Atelier graphique', 'Schmitt', 'Carine ', '40.32.2555', '54, rue Royale', NULL, 'Nantes', NULL, '44000', 'France', 1370, '21000.00'),
(112, 'Signal Gift Stores', 'King', 'Jean', '7025551838', '8489 Strong St.', NULL, 'Las Vegas', 'NV', '83030', 'USA', 1166, '71800.00'),
(114, 'Australian Collectors, Co.', 'Ferguson', 'Peter', '03 9520 4555', '636 St Kilda Road', 'Level 3', 'Melbourne', 'Victoria', '3004', 'Australia', 1611, '117300.00'),
(119, 'La Rochelle Gifts', 'Labrune', 'Janine ', '40.67.8555', '67, rue des Cinquante Otages', NULL, 'Nantes', NULL, '44000', 'France', 1370, '118200.00'),
(121, 'Baane Mini Imports', 'Bergulfsen', 'Jonas ', '07-98 9555', 'Erling Skakkes gate 78', NULL, 'Stavern', NULL, '4110', 'Norway', 1504, '81700.00'),
(124, 'Mini Gifts Distributors Ltd.', 'Nelson', 'Susan', '4155551450', '5677 Strong St.', NULL, 'San Rafael', 'CA', '97562', 'USA', 1165, '210500.00'),
(125, 'Havel & Zbyszek Co', 'Piestrzeniewicz', 'Zbyszek ', '(26) 642-7555', 'ul. Filtrowa 68', NULL, 'Warszawa', NULL, '01-012', 'Poland', NULL, '0.00'),
(128, 'Blauer See Auto, Co.', 'Keitel', 'Roland', '+49 69 66 90 2555', 'Lyonerstr. 34', NULL, 'Frankfurt', NULL, '60528', 'Germany', 1504, '59700.00'),
(129, 'Mini Wheels Co.', 'Murphy', 'Julie', '6505555787', '5557 North Pendale Street', NULL, 'San Francisco', 'CA', '94217', 'USA', 1165, '64600.00'),
(131, 'Land of Toys Inc.', 'Lee', 'Kwai', '2125557818', '897 Long Airport Avenue', NULL, 'NYC', 'NY', '10022', 'USA', 1323, '114900.00'),
(141, 'Euro+ Shopping Channel', 'Freyre', 'Diego ', '(91) 555 94 44', 'C/ Moralzarzal, 86', NULL, 'Madrid', NULL, '28034', 'Spain', 1370, '227600.00'),
(144, 'Volvo Model Replicas, Co', 'Berglund', 'Christina ', '0921-12 3555', 'Berguvsvägen  8', NULL, 'Luleå', NULL, 'S-958 22', 'Sweden', 1504, '53100.00'),
(145, 'Danish Wholesale Imports', 'Petersen', 'Jytte ', '31 12 3555', 'Vinbæltet 34', NULL, 'Kobenhavn', NULL, '1734', 'Denmark', 1401, '83400.00'),
(146, 'Saveley & Henriot, Co.', 'Saveley', 'Mary ', '78.32.5555', '2, rue du Commerce', NULL, 'Lyon', NULL, '69004', 'France', 1337, '123900.00'),
(148, 'Dragon Souveniers, Ltd.', 'Natividad', 'Eric', '+65 221 7555', 'Bronz Sok.', 'Bronz Apt. 3/6 Tesvikiye', 'Singapore', NULL, '079903', 'Singapore', 1621, '103800.00'),
(151, 'Muscle Machine Inc', 'Young', 'Jeff', '2125557413', '4092 Furth Circle', 'Suite 400', 'NYC', 'NY', '10022', 'USA', 1286, '138500.00'),
(157, 'Diecast Classics Inc.', 'Leong', 'Kelvin', '2155551555', '7586 Pompton St.', NULL, 'Allentown', 'PA', '70267', 'USA', 1216, '100600.00'),
(161, 'Technics Stores Inc.', 'Hashimoto', 'Juri', '6505556809', '9408 Furth Circle', NULL, 'Burlingame', 'CA', '94217', 'USA', 1165, '84600.00'),
(166, 'Handji Gifts& Co', 'Victorino', 'Wendy', '+65 224 1555', '106 Linden Road Sandown', '2nd Floor', 'Singapore', NULL, '069045', 'Singapore', 1612, '97900.00'),
(167, 'Herkku Gifts', 'Oeztan', 'Veysel', '+47 2267 3215', 'Brehmen St. 121', 'PR 334 Sentrum', 'Bergen', NULL, 'N 5804', 'Norway  ', 1504, '96800.00'),
(168, 'American Souvenirs Inc', 'Franco', 'Keith', '2035557845', '149 Spinnaker Dr.', 'Suite 101', 'New Haven', 'CT', '97823', 'USA', 1286, '0.00'),
(169, 'Porto Imports Co.', 'de Castro', 'Isabel ', '(1) 356-5555', 'Estrada da saúde n. 58', NULL, 'Lisboa', NULL, '1756', 'Portugal', NULL, '0.00'),
(171, 'Daedalus Designs Imports', 'Rancé', 'Martine ', '20.16.1555', '184, chaussée de Tournai', NULL, 'Lille', NULL, '59000', 'France', 1370, '82900.00'),
(172, 'La Corne D\'abondance, Co.', 'Bertrand', 'Marie', '(1) 42.34.2555', '265, boulevard Charonne', NULL, 'Paris', NULL, '75012', 'France', 1337, '84300.00'),
(173, 'Cambridge Collectables Co.', 'Tseng', 'Jerry', '6175555555', '4658 Baden Av.', NULL, 'Cambridge', 'MA', '51247', 'USA', 1188, '43400.00'),
(175, 'Gift Depot Inc.', 'King', 'Julie', '2035552570', '25593 South Bay Ln.', NULL, 'Bridgewater', 'CT', '97562', 'USA', 1323, '84300.00'),
(177, 'Osaka Souveniers Co.', 'Kentary', 'Mory', '+81 06 6342 5555', '1-6-20 Dojima', NULL, 'Kita-ku', 'Osaka', ' 530-0003', 'Japan', 1621, '81200.00'),
(181, 'Vitachrome Inc.', 'Frick', 'Michael', '2125551500', '2678 Kingston Rd.', 'Suite 101', 'NYC', 'NY', '10022', 'USA', 1286, '76400.00'),
(186, 'Toys of Finland, Co.', 'Karttunen', 'Matti', '90-224 8555', 'Keskuskatu 45', NULL, 'Helsinki', NULL, '21240', 'Finland', 1501, '96500.00'),
(187, 'AV Stores, Co.', 'Ashworth', 'Rachel', '(171) 555-1555', 'Fauntleroy Circus', NULL, 'Manchester', NULL, 'EC2 5NT', 'UK', 1501, '136800.00'),
(189, 'Clover Collections, Co.', 'Cassidy', 'Dean', '+353 1862 1555', '25 Maiden Lane', 'Floor No. 4', 'Dublin', NULL, '2', 'Ireland', 1504, '69400.00'),
(198, 'Auto-Moto Classics Inc.', 'Taylor', 'Leslie', '6175558428', '16780 Pompton St.', NULL, 'Brickhaven', 'MA', '58339', 'USA', 1216, '23000.00'),
(201, 'UK Collectables, Ltd.', 'Devon', 'Elizabeth', '(171) 555-2282', '12, Berkeley Gardens Blvd', NULL, 'Liverpool', NULL, 'WX1 6LT', 'UK', 1501, '92700.00'),
(202, 'Canadian Gift Exchange Network', 'Tamuri', 'Yoshi ', '(604) 555-3392', '1900 Oak St.', NULL, 'Vancouver', 'BC', 'V3F 2K1', 'Canada', 1323, '90300.00'),
(204, 'Online Mini Collectables', 'Barajas', 'Miguel', '6175557555', '7635 Spinnaker Dr.', NULL, 'Brickhaven', 'MA', '58339', 'USA', 1188, '68700.00'),
(205, 'Toys4GrownUps.com', 'Young', 'Julie', '6265557265', '78934 Hillside Dr.', NULL, 'Pasadena', 'CA', '90003', 'USA', 1166, '90700.00'),
(206, 'Asian Shopping Network, Co', 'Walker', 'Brydey', '+612 9411 1555', 'Suntec Tower Three', '8 Temasek', 'Singapore', NULL, '038988', 'Singapore', NULL, '0.00'),
(209, 'Mini Caravy', 'Citeaux', 'Frédérique ', '88.60.1555', '24, place Kléber', NULL, 'Strasbourg', NULL, '67000', 'France', 1370, '53800.00'),
(211, 'King Kong Collectables, Co.', 'Gao', 'Mike', '+852 2251 1555', 'Bank of China Tower', '1 Garden Road', 'Central Hong Kong', NULL, NULL, 'Hong Kong', 1621, '58600.00'),
(216, 'Enaco Distributors', 'Saavedra', 'Eduardo ', '(93) 203 4555', 'Rambla de Cataluña, 23', NULL, 'Barcelona', NULL, '08022', 'Spain', 1702, '60300.00'),
(219, 'Boards & Toys Co.', 'Young', 'Mary', '3105552373', '4097 Douglas Av.', NULL, 'Glendale', 'CA', '92561', 'USA', 1166, '11000.00'),
(223, 'Natürlich Autos', 'Kloss', 'Horst ', '0372-555188', 'Taucherstraße 10', NULL, 'Cunewalde', NULL, '01307', 'Germany', NULL, '0.00'),
(227, 'Heintze Collectables', 'Ibsen', 'Palle', '86 21 3555', 'Smagsloget 45', NULL, 'Århus', NULL, '8200', 'Denmark', 1401, '120800.00'),
(233, 'Québec Home Shopping Network', 'Fresnière', 'Jean ', '(514) 555-8054', '43 rue St. Laurent', NULL, 'Montréal', 'Québec', 'H1J 1C3', 'Canada', 1286, '48700.00'),
(237, 'ANG Resellers', 'Camino', 'Alejandra ', '(91) 745 6555', 'Gran Vía, 1', NULL, 'Madrid', NULL, '28001', 'Spain', NULL, '0.00'),
(239, 'Collectable Mini Designs Co.', 'Thompson', 'Valarie', '7605558146', '361 Furth Circle', NULL, 'San Diego', 'CA', '91217', 'USA', 1166, '105000.00'),
(240, 'giftsbymail.co.uk', 'Bennett', 'Helen ', '(198) 555-8888', 'Garden House', 'Crowther Way 23', 'Cowes', 'Isle of Wight', 'PO31 7PJ', 'UK', 1501, '93900.00'),
(242, 'Alpha Cognac', 'Roulet', 'Annette ', '61.77.6555', '1 rue Alsace-Lorraine', NULL, 'Toulouse', NULL, '31000', 'France', 1370, '61100.00'),
(247, 'Messner Shopping Network', 'Messner', 'Renate ', '069-0555984', 'Magazinweg 7', NULL, 'Frankfurt', NULL, '60528', 'Germany', NULL, '0.00'),
(249, 'Amica Models & Co.', 'Accorti', 'Paolo ', '011-4988555', 'Via Monte Bianco 34', NULL, 'Torino', NULL, '10100', 'Italy', 1401, '113000.00'),
(250, 'Lyon Souveniers', 'Da Silva', 'Daniel', '+33 1 46 62 7555', '27 rue du Colonel Pierre Avia', NULL, 'Paris', NULL, '75508', 'France', 1337, '68100.00'),
(256, 'Auto Associés & Cie.', 'Tonini', 'Daniel ', '30.59.8555', '67, avenue de l\'Europe', NULL, 'Versailles', NULL, '78000', 'France', 1370, '77900.00'),
(259, 'Toms Spezialitäten, Ltd', 'Pfalzheim', 'Henriette ', '0221-5554327', 'Mehrheimerstr. 369', NULL, 'Köln', NULL, '50739', 'Germany', 1504, '120400.00'),
(260, 'Royal Canadian Collectables, Ltd.', 'Lincoln', 'Elizabeth ', '(604) 555-4555', '23 Tsawassen Blvd.', NULL, 'Tsawassen', 'BC', 'T2F 8M4', 'Canada', 1323, '89600.00'),
(273, 'Franken Gifts, Co', 'Franken', 'Peter ', '089-0877555', 'Berliner Platz 43', NULL, 'München', NULL, '80805', 'Germany', NULL, '0.00'),
(276, 'Anna\'s Decorations, Ltd', 'O\'Hara', 'Anna', '02 9936 8555', '201 Miller Street', 'Level 15', 'North Sydney', 'NSW', '2060', 'Australia', 1611, '107800.00'),
(278, 'Rovelli Gifts', 'Rovelli', 'Giovanni ', '035-640555', 'Via Ludovico il Moro 22', NULL, 'Bergamo', NULL, '24100', 'Italy', 1401, '119600.00'),
(282, 'Souveniers And Things Co.', 'Huxley', 'Adrian', '+61 2 9495 8555', 'Monitor Money Building', '815 Pacific Hwy', 'Chatswood', 'NSW', '2067', 'Australia', 1611, '93300.00'),
(286, 'Marta\'s Replicas Co.', 'Hernandez', 'Marta', '6175558555', '39323 Spinnaker Dr.', NULL, 'Cambridge', 'MA', '51247', 'USA', 1216, '123700.00'),
(293, 'BG&E Collectables', 'Harrison', 'Ed', '+41 26 425 50 01', 'Rte des Arsenaux 41 ', NULL, 'Fribourg', NULL, '1700', 'Switzerland', NULL, '0.00'),
(298, 'Vida Sport, Ltd', 'Holz', 'Mihael', '0897-034555', 'Grenzacherweg 237', NULL, 'Genève', NULL, '1203', 'Switzerland', 1702, '141300.00'),
(299, 'Norway Gifts By Mail, Co.', 'Klaeboe', 'Jan', '+47 2212 1555', 'Drammensveien 126A', 'PB 211 Sentrum', 'Oslo', NULL, 'N 0106', 'Norway  ', 1504, '95100.00'),
(303, 'Schuyler Imports', 'Schuyler', 'Bradley', '+31 20 491 9555', 'Kingsfordweg 151', NULL, 'Amsterdam', NULL, '1043 GR', 'Netherlands', NULL, '0.00'),
(307, 'Der Hund Imports', 'Andersen', 'Mel', '030-0074555', 'Obere Str. 57', NULL, 'Berlin', NULL, '12209', 'Germany', NULL, '0.00'),
(311, 'Oulu Toy Supplies, Inc.', 'Koskitalo', 'Pirkko', '981-443655', 'Torikatu 38', NULL, 'Oulu', NULL, '90110', 'Finland', 1501, '90500.00'),
(314, 'Petit Auto', 'Dewey', 'Catherine ', '(02) 5554 67', 'Rue Joseph-Bens 532', NULL, 'Bruxelles', NULL, 'B-1180', 'Belgium', 1401, '79900.00'),
(319, 'Mini Classics', 'Frick', 'Steve', '9145554562', '3758 North Pendale Street', NULL, 'White Plains', 'NY', '24067', 'USA', 1323, '102700.00'),
(320, 'Mini Creations Ltd.', 'Huang', 'Wing', '5085559555', '4575 Hillside Dr.', NULL, 'New Bedford', 'MA', '50553', 'USA', 1188, '94500.00'),
(321, 'Corporate Gift Ideas Co.', 'Brown', 'Julie', '6505551386', '7734 Strong St.', NULL, 'San Francisco', 'CA', '94217', 'USA', 1165, '105000.00'),
(323, 'Down Under Souveniers, Inc', 'Graham', 'Mike', '+64 9 312 5555', '162-164 Grafton Road', 'Level 2', 'Auckland  ', NULL, NULL, 'New Zealand', 1612, '88000.00'),
(324, 'Stylish Desk Decors, Co.', 'Brown', 'Ann ', '(171) 555-0297', '35 King George', NULL, 'London', NULL, 'WX3 6FW', 'UK', 1501, '77000.00'),
(328, 'Tekni Collectables Inc.', 'Brown', 'William', '2015559350', '7476 Moss Rd.', NULL, 'Newark', 'NJ', '94019', 'USA', 1323, '43000.00'),
(333, 'Australian Gift Network, Co', 'Calaghan', 'Ben', '61-7-3844-6555', '31 Duncan St. West End', NULL, 'South Brisbane', 'Queensland', '4101', 'Australia', 1611, '51600.00'),
(334, 'Suominen Souveniers', 'Suominen', 'Kalle', '+358 9 8045 555', 'Software Engineering Center', 'SEC Oy', 'Espoo', NULL, 'FIN-02271', 'Finland', 1501, '98800.00'),
(335, 'Cramer Spezialitäten, Ltd', 'Cramer', 'Philip ', '0555-09555', 'Maubelstr. 90', NULL, 'Brandenburg', NULL, '14776', 'Germany', NULL, '0.00'),
(339, 'Classic Gift Ideas, Inc', 'Cervantes', 'Francisca', '2155554695', '782 First Street', NULL, 'Philadelphia', 'PA', '71270', 'USA', 1188, '81100.00'),
(344, 'CAF Imports', 'Fernandez', 'Jesus', '+34 913 728 555', 'Merchants House', '27-30 Merchant\'s Quay', 'Madrid', NULL, '28023', 'Spain', 1702, '59600.00'),
(347, 'Men \'R\' US Retailers, Ltd.', 'Chandler', 'Brian', '2155554369', '6047 Douglas Av.', NULL, 'Los Angeles', 'CA', '91003', 'USA', 1166, '57700.00'),
(348, 'Asian Treasures, Inc.', 'McKenna', 'Patricia ', '2967 555', '8 Johnstown Road', NULL, 'Cork', 'Co. Cork', NULL, 'Ireland', NULL, '0.00'),
(350, 'Marseille Mini Autos', 'Lebihan', 'Laurence ', '91.24.4555', '12, rue des Bouchers', NULL, 'Marseille', NULL, '13008', 'France', 1337, '65000.00'),
(353, 'Reims Collectables', 'Henriot', 'Paul ', '26.47.1555', '59 rue de l\'Abbaye', NULL, 'Reims', NULL, '51100', 'France', 1337, '81100.00'),
(356, 'SAR Distributors, Co', 'Kuger', 'Armand', '+27 21 550 3555', '1250 Pretorius Street', NULL, 'Hatfield', 'Pretoria', '0028', 'South Africa', NULL, '0.00'),
(357, 'GiftsForHim.com', 'MacKinlay', 'Wales', '64-9-3763555', '199 Great North Road', NULL, 'Auckland', NULL, NULL, 'New Zealand', 1612, '77700.00'),
(361, 'Kommission Auto', 'Josephs', 'Karin', '0251-555259', 'Luisenstr. 48', NULL, 'Münster', NULL, '44087', 'Germany', NULL, '0.00'),
(362, 'Gifts4AllAges.com', 'Yoshido', 'Juri', '6175559555', '8616 Spinnaker Dr.', NULL, 'Boston', 'MA', '51003', 'USA', 1216, '41900.00'),
(363, 'Online Diecast Creations Co.', 'Young', 'Dorothy', '6035558647', '2304 Long Airport Avenue', NULL, 'Nashua', 'NH', '62005', 'USA', 1216, '114200.00'),
(369, 'Lisboa Souveniers, Inc', 'Rodriguez', 'Lino ', '(1) 354-2555', 'Jardim das rosas n. 32', NULL, 'Lisboa', NULL, '1675', 'Portugal', NULL, '0.00'),
(376, 'Precious Collectables', 'Urs', 'Braun', '0452-076555', 'Hauptstr. 29', NULL, 'Bern', NULL, '3012', 'Switzerland', 1702, '0.00'),
(379, 'Collectables For Less Inc.', 'Nelson', 'Allen', '6175558555', '7825 Douglas Av.', NULL, 'Brickhaven', 'MA', '58339', 'USA', 1188, '70700.00'),
(381, 'Royale Belge', 'Cartrain', 'Pascale ', '(071) 23 67 2555', 'Boulevard Tirou, 255', NULL, 'Charleroi', NULL, 'B-6000', 'Belgium', 1401, '23500.00'),
(382, 'Salzburg Collectables', 'Pipps', 'Georg ', '6562-9555', 'Geislweg 14', NULL, 'Salzburg', NULL, '5020', 'Austria', 1401, '71700.00'),
(385, 'Cruz & Sons Co.', 'Cruz', 'Arnold', '+63 2 555 3587', '15 McCallum Street', 'NatWest Center #13-03', 'Makati City', NULL, '1227 MM', 'Philippines', 1621, '81500.00'),
(386, 'L\'ordine Souveniers', 'Moroni', 'Maurizio ', '0522-556555', 'Strada Provinciale 124', NULL, 'Reggio Emilia', NULL, '42100', 'Italy', 1401, '121400.00'),
(398, 'Tokyo Collectables, Ltd', 'Shimamura', 'Akiko', '+81 3 3584 0555', '2-2-8 Roppongi', NULL, 'Minato-ku', 'Tokyo', '106-0032', 'Japan', 1621, '94400.00'),
(406, 'Auto Canal+ Petit', 'Perrier', 'Dominique', '(1) 47.55.6555', '25, rue Lauriston', NULL, 'Paris', NULL, '75016', 'France', 1337, '95000.00'),
(409, 'Stuttgart Collectable Exchange', 'Müller', 'Rita ', '0711-555361', 'Adenauerallee 900', NULL, 'Stuttgart', NULL, '70563', 'Germany', NULL, '0.00'),
(412, 'Extreme Desk Decorations, Ltd', 'McRoy', 'Sarah', '04 499 9555', '101 Lambton Quay', 'Level 11', 'Wellington', NULL, NULL, 'New Zealand', 1612, '86800.00'),
(415, 'Bavarian Collectables Imports, Co.', 'Donnermeyer', 'Michael', ' +49 89 61 08 9555', 'Hansastr. 15', NULL, 'Munich', NULL, '80686', 'Germany', 1504, '77000.00'),
(424, 'Classic Legends Inc.', 'Hernandez', 'Maria', '2125558493', '5905 Pompton St.', 'Suite 750', 'NYC', 'NY', '10022', 'USA', 1286, '67500.00'),
(443, 'Feuer Online Stores, Inc', 'Feuer', 'Alexander ', '0342-555176', 'Heerstr. 22', NULL, 'Leipzig', NULL, '04179', 'Germany', NULL, '0.00'),
(447, 'Gift Ideas Corp.', 'Lewis', 'Dan', '2035554407', '2440 Pompton St.', NULL, 'Glendale', 'CT', '97561', 'USA', 1323, '49700.00'),
(448, 'Scandinavian Gift Ideas', 'Larsson', 'Martha', '0695-34 6555', 'Åkergatan 24', NULL, 'Bräcke', NULL, 'S-844 67', 'Sweden', 1504, '116400.00'),
(450, 'The Sharp Gifts Warehouse', 'Frick', 'Sue', '4085553659', '3086 Ingle Ln.', NULL, 'San Jose', 'CA', '94217', 'USA', 1165, '77600.00'),
(452, 'Mini Auto Werke', 'Mendel', 'Roland ', '7675-3555', 'Kirchgasse 6', NULL, 'Graz', NULL, '8010', 'Austria', 1401, '45300.00'),
(455, 'Super Scale Inc.', 'Murphy', 'Leslie', '2035559545', '567 North Pendale Street', NULL, 'New Haven', 'CT', '97823', 'USA', 1286, '95400.00'),
(456, 'Microscale Inc.', 'Choi', 'Yu', '2125551957', '5290 North Pendale Street', 'Suite 200', 'NYC', 'NY', '10022', 'USA', 1286, '39800.00'),
(458, 'Corrida Auto Replicas, Ltd', 'Sommer', 'Martín ', '(91) 555 22 82', 'C/ Araquil, 67', NULL, 'Madrid', NULL, '28023', 'Spain', 1702, '104600.00'),
(459, 'Warburg Exchange', 'Ottlieb', 'Sven ', '0241-039123', 'Walserweg 21', NULL, 'Aachen', NULL, '52066', 'Germany', NULL, '0.00'),
(462, 'FunGiftIdeas.com', 'Benitez', 'Violeta', '5085552555', '1785 First Street', NULL, 'New Bedford', 'MA', '50553', 'USA', 1216, '85800.00'),
(465, 'Anton Designs, Ltd.', 'Anton', 'Carmen', '+34 913 728555', 'c/ Gobelas, 19-1 Urb. La Florida', NULL, 'Madrid', NULL, '28023', 'Spain', NULL, '0.00'),
(471, 'Australian Collectables, Ltd', 'Clenahan', 'Sean', '61-9-3844-6555', '7 Allen Street', NULL, 'Glen Waverly', 'Victoria', '3150', 'Australia', 1611, '60300.00'),
(473, 'Frau da Collezione', 'Ricotti', 'Franco', '+39 022515555', '20093 Cologno Monzese', 'Alessandro Volta 16', 'Milan', NULL, NULL, 'Italy', 1401, '34800.00'),
(475, 'West Coast Collectables Co.', 'Thompson', 'Steve', '3105553722', '3675 Furth Circle', NULL, 'Burbank', 'CA', '94019', 'USA', 1166, '55400.00'),
(477, 'Mit Vergnügen & Co.', 'Moos', 'Hanna ', '0621-08555', 'Forsterstr. 57', NULL, 'Mannheim', NULL, '68306', 'Germany', NULL, '0.00'),
(480, 'Kremlin Collectables, Co.', 'Semenov', 'Alexander ', '+7 812 293 0521', '2 Pobedy Square', NULL, 'Saint Petersburg', NULL, '196143', 'Russia', NULL, '0.00'),
(481, 'Raanan Stores, Inc', 'Altagar,G M', 'Raanan', '+ 972 9 959 8555', '3 Hagalim Blv.', NULL, 'Herzlia', NULL, '47625', 'Israel', NULL, '0.00'),
(484, 'Iberia Gift Imports, Corp.', 'Roel', 'José Pedro ', '(95) 555 82 82', 'C/ Romero, 33', NULL, 'Sevilla', NULL, '41101', 'Spain', 1702, '65700.00'),
(486, 'Motor Mint Distributors Inc.', 'Salazar', 'Rosa', '2155559857', '11328 Douglas Av.', NULL, 'Philadelphia', 'PA', '71270', 'USA', 1323, '72600.00'),
(487, 'Signal Collectibles Ltd.', 'Taylor', 'Sue', '4155554312', '2793 Furth Circle', NULL, 'Brisbane', 'CA', '94217', 'USA', 1165, '60300.00'),
(489, 'Double Decker Gift Stores, Ltd', 'Smith', 'Thomas ', '(171) 555-7555', '120 Hanover Sq.', NULL, 'London', NULL, 'WA1 1DP', 'UK', 1501, '43300.00'),
(495, 'Diecast Collectables', 'Franco', 'Valarie', '6175552555', '6251 Ingle Ln.', NULL, 'Boston', 'MA', '51003', 'USA', 1188, '85100.00'),
(496, 'Kelly\'s Gift Shop', 'Snowden', 'Tony', '+64 9 5555500', 'Arenales 1938 3\'A\'', NULL, 'Auckland  ', NULL, NULL, 'New Zealand', 1612, '110000.00');

-- --------------------------------------------------------

--
-- Table structure for table `dogs`
--

CREATE TABLE `dogs` (
  `id` bigint UNSIGNED NOT NULL,
  `name` text CHARACTER SET utf8mb4 COLLATE utf8mb4_unicode_ci NOT NULL,
  `breed_id` bigint UNSIGNED NOT NULL,
  `owner_id` bigint UNSIGNED NOT NULL
) ENGINE=InnoDB DEFAULT CHARSET=utf8mb4 COLLATE=utf8mb4_unicode_ci;

--
-- Dumping data for table `dogs`
--

INSERT INTO `dogs` (`id`, `name`, `breed_id`, `owner_id`) VALUES
(1, 'Kieran', 1, 12),
(2, 'Alexa', 8, 36),
(3, 'Leah', 4, 2),
(4, 'Sonia', 1, 15),
(5, 'Darren', 9, 27),
(6, 'Jack', 18, 42),
(7, 'Jonathan', 4, 6),
(8, 'Cameron', 20, 17),
(9, 'Millie', 23, 39),
(10, 'Natalie', 21, 41),
(11, 'Anthony', 17, 4),
(12, 'Emily', 21, 1),
(13, 'Cameron', 22, 49),
(14, 'Emily', 6, 35),
(15, 'Aiden', 11, 10),
(16, 'Eva', 21, 32),
(17, 'Isla', 13, 35),
(18, 'Anthony', 23, 26),
(19, 'Callum', 4, 17),
(20, 'Isla', 6, 9),
(21, 'Harvey', 16, 39),
(22, 'Aaron', 1, 49),
(23, 'Henry', 18, 7),
(24, 'Ruby', 4, 44),
(25, 'Rosie', 23, 7),
(26, 'Matilda', 9, 24),
(27, 'Rowena', 18, 24),
(28, 'Benjamin', 1, 17),
(29, 'Jodie', 7, 30),
(30, 'Liam', 22, 40),
(31, 'George', 20, 27),
(32, 'Freddie', 5, 47),
(33, 'Frank', 15, 24),
(34, 'Ellie', 6, 9),
(35, 'Jack', 23, 30),
(36, 'Erin', 23, 1),
(37, 'Amber', 21, 38),
(38, 'Freddie', 18, 3),
(39, 'Bradley', 15, 18),
(40, 'Harrison', 19, 17),
(41, 'Gordon', 12, 49),
(42, 'Tyler', 14, 24),
(43, 'Finley', 9, 29),
(44, 'Joseph', 9, 28),
(45, 'Jason', 13, 49),
(46, 'Muhammad', 2, 26),
(47, 'Mason', 6, 11),
(48, 'Olivia', 12, 28),
(49, 'Jake', 17, 1),
(50, 'Nick', 18, 35),
(51, 'Quentin', 14, 24),
(52, 'Charlie', 16, 50),
(53, 'Damien', 20, 27),
(54, 'Oliver', 18, 49),
(55, 'Tara', 14, 29),
(56, 'Jacob', 22, 23),
(57, 'Linda', 14, 9),
(58, 'Theo', 23, 34),
(59, 'Jonathan', 17, 14),
(60, 'Adrian', 9, 11),
(61, 'Alan', 12, 27),
(62, 'Rob', 21, 10),
(63, 'Gavin', 19, 13),
(64, 'Colin', 11, 31),
(65, 'Joshua', 12, 44),
(66, 'Georgia', 15, 2),
(67, 'Jason', 23, 43),
(68, 'Joseph', 16, 20),
(69, 'Scott', 7, 32),
(70, 'Tanya', 16, 14),
(71, 'Claire', 12, 12),
(72, 'Shannon', 8, 35),
(73, 'Kimberly', 19, 34),
(74, 'Riley', 7, 28),
(75, 'Samuel', 22, 38),
(76, 'Duncan', 2, 48),
(77, 'Wayne', 20, 14),
(78, 'Harvey', 9, 15),
(79, 'Megan', 15, 33),
(80, 'Leo', 19, 2),
(81, 'Yvette', 18, 8),
(82, 'Eva', 12, 45),
(83, 'Harley', 9, 41),
(84, 'Candice', 23, 16),
(85, 'Zach', 11, 42),
(86, 'Isla', 9, 49),
(87, 'Elliot', 2, 31),
(88, 'Finley', 14, 37),
(89, 'Paul', 22, 7),
(90, 'Eden', 2, 13),
(91, 'Harvey', 8, 12),
(92, 'Owen', 22, 18),
(93, 'Kirsty', 18, 46),
(94, 'Ruby', 10, 21),
(95, 'Tina', 8, 34),
(96, 'Andy', 4, 17),
(97, 'Theo', 23, 43),
(98, 'Max', 15, 17),
(99, 'Amelia', 7, 12),
(100, 'Lola', 16, 28),
(101, 'Maisie', 16, 41),
(102, 'Darren', 6, 14),
(103, 'Gordon', 6, 5),
(104, 'Ava', 8, 34),
(105, 'Isabel', 10, 48),
(106, 'Mandy', 15, 6),
(107, 'Henry', 17, 42),
(108, 'Ryan', 3, 15),
(109, 'Joanne', 16, 1),
(110, 'Caroline', 13, 32),
(111, 'Alex', 12, 40),
(112, 'Lexi', 3, 21),
(113, 'Greg', 17, 33),
(114, 'Elizabeth', 12, 50),
(115, 'Jonathan', 16, 31),
(116, 'Edward', 5, 3),
(117, 'Sasha', 23, 2),
(118, 'Callum', 1, 17),
(119, 'Elsie', 20, 5),
(120, 'Alexandra', 21, 24),
(121, 'Dominic', 9, 21),
(122, 'Shannon', 13, 5),
(123, 'Frank', 13, 31),
(124, 'Kelly', 4, 5),
(125, 'Amber', 5, 48),
(126, 'Carmen', 22, 3),
(127, 'Dylan', 6, 28),
(128, 'Lisa', 6, 50),
(129, 'Isabella', 14, 7),
(130, 'Ross', 15, 11),
(131, 'Isaac', 2, 47),
(132, 'Keeley', 20, 6),
(133, 'Greg', 23, 36),
(134, 'Graham', 7, 17),
(135, 'Jacob', 17, 23),
(136, 'Craig', 22, 13),
(137, 'Neil', 21, 35),
(138, 'Amber', 11, 15),
(139, 'Maria', 18, 47),
(140, 'Lisa', 2, 29),
(141, 'Steve', 18, 15),
(142, 'Vicky', 4, 37),
(143, 'Gordon', 15, 48),
(144, 'Leah', 7, 49),
(145, 'William', 4, 32),
(146, 'Samuel', 4, 12),
(147, 'Frank', 16, 23),
(148, 'Ruby', 3, 12),
(149, 'Dean', 12, 27),
(150, 'Cameron', 18, 14),
(151, 'Teagan', 7, 20),
(152, 'Eleanor', 8, 30),
(153, 'Daniel', 3, 47),
(154, 'Amber', 12, 47),
(155, 'Francesca', 10, 33),
(156, 'Quentin', 7, 5),
(157, 'Oscar', 8, 42),
(158, 'Aiden', 18, 25),
(159, 'Theo', 13, 4),
(160, 'Fred', 20, 44),
(161, 'Pauline', 12, 14),
(162, 'Pauline', 21, 1),
(163, 'Oliver', 4, 26),
(164, 'Ken', 6, 28),
(165, 'Oscar', 22, 41),
(166, 'Christopher', 1, 38),
(167, 'Evie', 12, 24),
(168, 'Martin', 3, 32),
(169, 'Tina', 2, 4),
(170, 'David', 1, 26),
(171, 'Dylan', 10, 42),
(172, 'Tyler', 13, 34),
(173, 'Jamie', 16, 14),
(174, 'Lucy', 22, 8),
(175, 'Sienna', 21, 1),
(176, 'Isla', 11, 18),
(177, 'Evelyn', 21, 47),
(178, 'Caitlin', 3, 39),
(179, 'Jake', 14, 33),
(180, 'Damien', 10, 20),
(181, 'Sally', 5, 15),
(182, 'Bradley', 14, 21),
(183, 'Lexi', 10, 4),
(184, 'Muhammad', 8, 25),
(185, 'Dean', 9, 25),
(186, 'Maisie', 19, 38),
(187, 'Philip', 16, 17),
(188, 'Ruth', 21, 36),
(189, 'Stacey', 1, 9),
(190, 'Elliot', 17, 32),
(191, 'Isla', 12, 28),
(192, 'Finley', 12, 4),
(193, 'Nikki', 1, 41),
(194, 'Isabelle', 5, 34),
(195, 'Eileen', 14, 35),
(196, 'Francesca', 6, 32),
(197, 'Helena', 10, 8),
(198, 'Teagan', 17, 18),
(199, 'Georgia', 17, 7),
(200, 'Michael', 23, 7),
(201, 'Karl', 9, 15),
(202, 'Amy', 13, 45),
(203, 'Carmen', 4, 40),
(204, 'Stefan', 17, 17),
(205, 'Isabelle', 6, 1),
(206, 'Mary', 22, 37),
(207, 'Roxanne', 9, 44),
(208, 'Eva', 12, 25),
(209, 'Sally', 23, 43),
(210, 'Amelia', 19, 22),
(211, 'Neil', 2, 44),
(212, 'Jodie', 22, 29),
(213, 'Jayden', 12, 25),
(214, 'Jackson', 20, 11),
(215, 'Andy', 6, 49),
(216, 'William', 23, 1),
(217, 'Karen', 12, 15),
(218, 'Natalie', 7, 6),
(219, 'Julia', 20, 45),
(220, 'James', 11, 36),
(221, 'Helena', 9, 1),
(222, 'Ryan', 15, 44),
(223, 'Bruce', 13, 44),
(224, 'Daisy', 17, 16),
(225, 'Tyler', 1, 9),
(226, 'Grace', 4, 28),
(227, 'Tanya', 13, 31),
(228, 'Eileen', 2, 28),
(229, 'Pete', 18, 30),
(230, 'Zach', 9, 5),
(231, 'Vicky', 19, 44),
(232, 'Linda', 11, 28),
(233, 'Tyler', 19, 9),
(234, 'Bruce', 22, 43),
(235, 'Melissa', 21, 13),
(236, 'Jonathan', 22, 10),
(237, 'Eden', 5, 10),
(238, 'Alice', 15, 1),
(239, 'Ethan', 23, 28),
(240, 'Frank', 15, 4),
(241, 'Lucy', 3, 32),
(242, 'Caitlin', 7, 16),
(243, 'Dan', 4, 27),
(244, 'Benjamin', 20, 50),
(245, 'Sally', 7, 12),
(246, 'Kyle', 5, 10),
(247, 'Sasha', 1, 6),
(248, 'Ben', 9, 25),
(249, 'Hannah', 4, 4),
(250, 'Joel', 3, 30),
(251, 'Tom', 17, 6),
(252, 'Craig', 5, 34),
(253, 'Rowena', 16, 20),
(254, 'Jack', 13, 19),
(255, 'Owen', 4, 6),
(256, 'Leo', 7, 32),
(257, 'Florence', 7, 45),
(258, 'Edward', 11, 5),
(259, 'Chelsea', 11, 4),
(260, 'Sophia', 13, 35),
(261, 'Ruth', 9, 29),
(262, 'Claire', 23, 35),
(263, 'Jodie', 20, 44),
(264, 'Isaac', 23, 13),
(265, 'Bethany', 5, 32),
(266, 'Elsie', 13, 7),
(267, 'Paula', 12, 13),
(268, 'Alfie', 2, 21),
(269, 'Chelsea', 19, 10),
(270, 'Craig', 8, 31),
(271, 'Natalie', 21, 14),
(272, 'Tom', 11, 31),
(273, 'Ruby', 7, 36),
(274, 'Tracy', 7, 37),
(275, 'Samuel', 11, 34),
(276, 'Faye', 19, 14),
(277, 'Melissa', 15, 41),
(278, 'Candice', 12, 43),
(279, 'Pauline', 19, 2),
(280, 'Alex', 13, 29),
(281, 'Connor', 18, 25),
(282, 'Scarlett', 15, 49),
(283, 'Teagan', 1, 41),
(284, 'Tanya', 5, 11),
(285, 'Henry', 15, 20),
(286, 'Frank', 16, 28),
(287, 'Louis', 19, 15),
(288, 'Ryan', 11, 36),
(289, 'Megan', 2, 21),
(290, 'Sebastian', 5, 45),
(291, 'Becky', 19, 36),
(292, 'Christian', 11, 43),
(293, 'James', 18, 31),
(294, 'Rob', 23, 35),
(295, 'Sabrina', 10, 23),
(296, 'Amelia', 6, 15),
(297, 'Riley', 7, 18),
(298, 'Chelsea', 13, 9),
(299, 'Maisie', 21, 2),
(300, 'Brandon', 3, 8);

-- --------------------------------------------------------

--
-- Table structure for table `ea_Branch`
--

CREATE TABLE `ea_Branch` (
  `branchNo` varchar(5) NOT NULL,
  `street` varchar(20) NOT NULL,
  `city` varchar(20) NOT NULL,
  `postcode` varchar(10) NOT NULL
) ENGINE=InnoDB DEFAULT CHARSET=utf8mb3;

--
-- Dumping data for table `ea_Branch`
--

INSERT INTO `ea_Branch` (`branchNo`, `street`, `city`, `postcode`) VALUES
('B001', '56 Clover Drive', 'London', 'SW1 1WS'),
('B002', '69 Firth Street', 'Huddersfield', 'HD1 3DH'),
('B003', '123 Main Street', 'Glasgow', 'G1 3GL'),
('B004', '32 Manse Road', 'Bristol', 'BS99 1NZ'),
('B005', '22 Deer Street', 'London', 'NW1 1WN'),
('B006', '321 Duck Street', 'Manchester', 'M1 2MA'),
('B007', '6 Argyle Street', 'Aberdeen', 'AB1 5AH'),
('B008', '21 Bolton Road', 'Manchester', 'MA2 6AH'),
('B009', '6 Bond Street', 'London', 'SW1 1AA'),
('B010', '11 Bath Street', 'Bristol', 'BS11 4BB'),
('B011', '12 Carlile Road', 'Glasgow', 'G2 2BC'),
('B012', '13 Oastler Street', 'Huddersfield', 'HD5 6AB'),
('B013', '14 Elgin Street', 'Aberdeen', 'AB2 3AH'),
('B014', '15 Bury Road', 'Manchester', 'MA3 4BC'),
('B015', '16 Chelsea Road', 'London', 'SW4 5AS'),
('B016', '17 Cotswold Way', 'Bristol', 'BS4 5QW'),
('B017', '18 Edingburgh Way', 'Glasgow', 'G3 4PO'),
('B018', '19 Outlane Avenue', 'Huddersfield', 'HD4 5MN'),
('B019', '20 Dyce Road', 'Aberdeen', 'AB3 $BN'),
('B020', '21 Rochdale Road', 'Manchester', 'MA4 5ZX');

-- --------------------------------------------------------

--
-- Table structure for table `ea_Client`
--

CREATE TABLE `ea_Client` (
  `clientNo` varchar(5) NOT NULL,
  `fname` varchar(20) NOT NULL,
  `lname` varchar(20) NOT NULL,
  `telNo` int DEFAULT NULL,
  `prefType` varchar(20) DEFAULT NULL,
  `maxRent` decimal(5,2) DEFAULT NULL,
  `email` varchar(30) DEFAULT NULL
) ENGINE=InnoDB DEFAULT CHARSET=utf8mb3;

--
-- Dumping data for table `ea_Client`
--

INSERT INTO `ea_Client` (`clientNo`, `fname`, `lname`, `telNo`, `prefType`, `maxRent`, `email`) VALUES
('CR01', 'John', 'Russell', 1234685432, 'Flat', '450.00', 'j.r@hudddy.com'),
('CR02', 'Carl', 'Bachs', 1345870023, 'Flat', '450.00', 'c.b@hudddy.com'),
('CR03', 'Emanuel', 'DeMontfort', 1456722142, 'House', '750.00', 'e.d@hudddy.com'),
('CR04', 'Ian', 'Hall', 1597462887, 'Flat', '450.00', 'i.h@hudddy.com'),
('CR05', 'Karen', 'Juda', 1622837461, 'Flat', '470.00', 'k.j@hudddy.com'),
('CR06', 'Mikael', 'Lohm', 1756904883, 'House', '550.00', 'm.l@hudddy.com'),
('CR07', 'Olive', 'Nepal', 1834583300, 'Flat', '400.00', 'o.n@hudddy.com'),
('CR08', 'Selwyn', 'Russell', 1951237791, 'Flat', '400.00', 's.r@hudddy.com'),
('CR09', 'Eric', 'Thomas', 1046984223, 'House', '600.00', 'e.t@hudddy.com'),
('CR10', 'Denis', 'Chow', 1187326648, 'Cottage', '490.00', 'd.c@hudddy.com'),
('CR100', 'Lachlan', 'Lacy', 2147483647, 'House', '550.00', 'l.l3@hudddy.com'),
('CR101', 'Macaria', 'Mac', 2147483647, 'House', '750.00', 'm.m3@hudddy.com'),
('CR102', 'Nadine', 'Nairn', 2147483647, 'House', '550.00', 'n.n3@hudddy.com'),
('CR103', 'Obijulu', 'Oberon', 2147483647, 'Flat', '470.00', 'o.o3@hudddy.com'),
('CR104', 'Padma', 'Padraig', 2147483647, 'House', '550.00', 'p.p3@hudddy.com'),
('CR105', 'Qiturah', 'Qino', 2147483647, 'Cottage', '400.00', 'q.q3@hudddy.com'),
('CR106', 'Rafferty', 'Raheem', 2147483647, 'Flat', '400.00', 'r.r3@hudddy.com'),
('CR107', 'Sadie', 'Saffron', 2147483647, 'House', '500.00', 's.s3@hudddy.com'),
('CR108', 'Tad', 'Taima', 2147483647, 'Cottage', '590.00', 't.t3@hudddy.com'),
('CR109', 'Ula', 'Ulf', 2147483647, 'Flat', '470.00', 'u.u3@hudddy.com'),
('CR11', 'Alan', 'Andrews', 1214685432, 'Flat', '450.00', 'a.a@hudddy.com'),
('CR110', 'Valencia', 'Valenta', 2147483647, 'House', '550.00', 'v.v3@hudddy.com'),
('CR111', 'Waleska', 'Walker', 2147483647, 'Cottage', '430.00', 'w.w3@hudddy.com'),
('CR112', 'Xanthus', 'Xaverie', 2147483647, 'Flat', '400.00', 'x.x3@hudddy.com'),
('CR113', 'Yael', 'Yaffa', 2147483647, 'House', '530.00', 'y.y3@hudddy.com'),
('CR114', 'Zahara', 'Zaid', 2147483647, 'Cottage', '590.00', 'z.z3@hudddy.com'),
('CR115', 'Adrian', 'Addison', 2147483647, 'Flat', '450.00', 'a.a4@hudddy.com'),
('CR116', 'Bailey', 'Blair', 2147483647, 'House', '550.00', 'b.b4@hudddy.com'),
('CR117', 'Camden', 'Carey', 2147483647, 'House', '750.00', 'c.c4@hudddy.com'),
('CR118', 'Drew', 'Delaney', 2147483647, 'Flat', '450.00', 'd.d4@hudddy.com'),
('CR119', 'Evelyn', 'Everly', 2147483647, 'House', '470.00', 'e.e4@hudddy.com'),
('CR12', 'Bengamin', 'Button', 1325870023, 'House', '550.00', 'b.b@hudddy.com'),
('CR120', 'Finlay', 'Fennel', 2147483647, 'House', '550.00', 'f.f4@hudddy.com'),
('CR121', 'Gene', 'Garnet', 2147483647, 'Flat', '400.00', 'g.g4@hudddy.com'),
('CR122', 'Hannah', 'Harley', 2147483647, 'House', '400.00', 'h.h4@hudddy.com'),
('CR123', 'Isabelle', 'Isaacs', 2147483647, 'House', '600.00', 'i.i4@hudddy.com'),
('CR124', 'Julia', 'Jenson', 2147483647, 'Cottage', '590.00', 'j.j4@hudddy.com'),
('CR125', 'Kyle', 'Kayla', 2147483647, 'Flat', '450.00', 'k.k4@hudddy.com'),
('CR126', 'Leo', 'Logan', 2147483647, 'House', '550.00', 'l.l4@hudddy.com'),
('CR127', 'Max', 'Mason', 2147483647, 'House', '750.00', 'm.m4@hudddy.com'),
('CR128', 'Noah', 'Nicole', 2147483647, 'House', '550.00', 'n.n4@hudddy.com'),
('CR129', 'Olivia', 'Oisin', 2147483647, 'Flat', '470.00', 'o.o4@hudddy.com'),
('CR13', 'Conrad', 'Channing', 1436722142, 'House', '750.00', 'c.c@hudddy.com'),
('CR130', 'Poppy', 'Patrick', 2147483647, 'House', '550.00', 'p.p4@hudddy.com'),
('CR131', 'Qasim', 'Quinn', 2147483647, 'Cottage', '400.00', 'q.q4@hudddy.com'),
('CR132', 'Ruby', 'Riley', 2147483647, 'Flat', '400.00', 'r.r4@hudddy.com'),
('CR133', 'Sophie', 'Summer', 2147483647, 'House', '500.00', 's.s4@hudddy.com'),
('CR134', 'Thomas', 'Tyler', 2147483647, 'Cottage', '590.00', 't.t4@hudddy.com'),
('CR135', 'Una', 'Uzma', 2147483647, 'Flat', '470.00', 'u.u4@hudddy.com'),
('CR136', 'Viccy', 'Valentine', 2147483647, 'House', '550.00', 'v.v4@hudddy.com'),
('CR137', 'William', 'Wren', 2147483647, 'Cottage', '430.00', 'w.w4@hudddy.com'),
('CR138', 'Xue', 'Xun', 2147483647, 'Flat', '400.00', 'x.x4@hudddy.com'),
('CR139', 'Yakub', 'Yan', 2147483647, 'House', '530.00', 'y.y4@hudddy.com'),
('CR14', 'David', 'Dunce', 1847462887, 'Flat', '450.00', 'd.d@hudddy.com'),
('CR140', 'Zainab', 'Zahid', 2147483647, 'Cottage', '590.00', 'z.z4@hudddy.com'),
('CR141', 'Alexis', 'Arthur', 2147483647, 'Flat', '450.00', 'a.a5@hudddy.com'),
('CR142', 'Bobby', 'Brody', 2147483647, 'House', '550.00', 'b.b5@hudddy.com'),
('CR143', 'Connie', 'Cole', 2147483647, 'House', '750.00', 'c.c5@hudddy.com'),
('CR144', 'Demi', 'Dillon', 2147483647, 'Flat', '450.00', 'd.d5@hudddy.com'),
('CR145', 'Emily', 'Evans', 2147483647, 'House', '470.00', 'e.e5@hudddy.com'),
('CR146', 'Ffion', 'Farrah', 2147483647, 'House', '550.00', 'f.f5@hudddy.com'),
('CR147', 'Georgina', 'George', 2147483647, 'Flat', '400.00', 'g.g5@hudddy.com'),
('CR148', 'Hugo', 'Hayden', 2147483647, 'House', '400.00', 'h.h5@hudddy.com'),
('CR149', 'Imogen', 'Idris', 2147483647, 'House', '600.00', 'i.i5@hudddy.com'),
('CR15', 'Ellen', 'Eight', 1352837461, 'House', '470.00', 'e.e@hudddy.com'),
('CR150', 'Josh', 'Jones', 2147483647, 'Cottage', '590.00', 'j.j5@hudddy.com'),
('CR151', 'Kayla', 'Kian', 2147483647, 'Flat', '450.00', 'k.k5@hudddy.com'),
('CR152', 'Lola', 'Lewis', 2147483647, 'House', '550.00', 'l.l5@hudddy.com'),
('CR153', 'Millie', 'Matthews', 2147483647, 'House', '750.00', 'm.m5@hudddy.com'),
('CR154', 'Neve', 'Nabeel', 2147483647, 'House', '550.00', 'n.n5@hudddy.com'),
('CR155', 'Orla', 'Octavia', 2147483647, 'Flat', '470.00', 'o.o5@hudddy.com'),
('CR156', 'Paige', 'Payton', 2147483647, 'House', '550.00', 'p.p5@hudddy.com'),
('CR157', 'Qi', 'Qiang', 2147483647, 'Cottage', '400.00', 'q.q5@hudddy.com'),
('CR158', 'Rhys', 'Ruben', 2147483647, 'Flat', '400.00', 'r.r5@hudddy.com'),
('CR159', 'Skye', 'Skyler', 2147483647, 'House', '500.00', 's.s5@hudddy.com'),
('CR16', 'Fungii', 'Fume', 1566904883, 'House', '550.00', 'f.f@hudddy.com'),
('CR160', 'Tia', 'Taylor', 2147483647, 'Cottage', '590.00', 't.t5@hudddy.com'),
('CR161', 'Uzma', 'Upstairs', 2147483647, 'Flat', '470.00', 'u.u5@hudddy.com'),
('CR162', 'Violet', 'Vaughan', 2147483647, 'House', '550.00', 'v.v5@hudddy.com'),
('CR163', 'Walter', 'Wight', 2147483647, 'Cottage', '430.00', 'w.w5@hudddy.com'),
('CR164', 'Xena', 'Xing', 2147483647, 'Flat', '400.00', 'x.x5@hudddy.com'),
('CR165', 'Yanis', 'Yannick', 2147483647, 'House', '530.00', 'y.y5@hudddy.com'),
('CR166', 'Zena', 'Zoid', 2147483647, 'Cottage', '590.00', 'z.z5@hudddy.com'),
('CR167', 'Ailsa', 'Ashton', 2147483647, 'Flat', '450.00', 'a.a6@hudddy.com'),
('CR168', 'Bella', 'Beau', 2147483647, 'House', '550.00', 'b.b6@hudddy.com'),
('CR169', 'Caitlin', 'Cole', 2147483647, 'House', '750.00', 'c.c6@hudddy.com'),
('CR17', 'Golumn', 'Grump', 1374583300, 'Flat', '400.00', 'g.g@hudddy.com'),
('CR170', 'Danielle', 'Dillon', 2147483647, 'Flat', '450.00', 'd.d6@hudddy.com'),
('CR171', 'Erin', 'Evans', 2147483647, 'House', '470.00', 'e.e6@hudddy.com'),
('CR172', 'Freya', 'Farrah', 2147483647, 'House', '550.00', 'f.f6@hudddy.com'),
('CR173', 'Gracie', 'George', 2147483647, 'Flat', '600.00', 'g.g6@hudddy.com'),
('CR174', 'Hugo', 'Hayden', 2147483647, 'House', '400.00', 'h.h6@hudddy.com'),
('CR175', 'Ivy', 'Idris', 2147483647, 'House', '600.00', 'i.i6@hudddy.com'),
('CR176', 'Jessica', 'Jones', 2147483647, 'Cottage', '590.00', 'j.j6@hudddy.com'),
('CR177', 'Kara', 'Kian', 2147483647, 'Flat', '450.00', 'k.k6@hudddy.com'),
('CR178', 'Logan', 'Lewis', 2147483647, 'House', '550.00', 'l.l6@hudddy.com'),
('CR179', 'Maximus', 'Matthews', 2147483647, 'House', '750.00', 'm.m6@hudddy.com'),
('CR18', 'Horace', 'Horseface', 1581237791, 'House', '400.00', 'h.h@hudddy.com'),
('CR180', 'Nicole', 'Nabeel', 2147483647, 'House', '550.00', 'n.n6@hudddy.com'),
('CR181', 'Olly', 'Octavia', 2147483647, 'Flat', '470.00', 'o.o6@hudddy.com'),
('CR182', 'Pheobe', 'Payton', 2147483647, 'House', '550.00', 'p.p6@hudddy.com'),
('CR183', 'Quan', 'Qiang', 2147483647, 'Cottage', '700.00', 'q.q6@hudddy.com'),
('CR184', 'Ruby', 'Ruben', 2147483647, 'Flat', '400.00', 'r.r6@hudddy.com'),
('CR185', 'Samuel', 'Skyler', 2147483647, 'House', '500.00', 's.s6@hudddy.com'),
('CR186', 'Thea', 'Taylor', 2147483647, 'Cottage', '590.00', 't.t6@hudddy.com'),
('CR187', 'Uma', 'Upstairs', 2147483647, 'Flat', '470.00', 'u.u6@hudddy.com'),
('CR188', 'Victor', 'Vaughan', 2147483647, 'House', '550.00', 'v.v6@hudddy.com'),
('CR189', 'Wendy', 'Wight', 2147483647, 'Cottage', '430.00', 'w.w6@hudddy.com'),
('CR19', 'Indigo', 'Innes', 1496984223, 'House', '600.00', 'i.i@hudddy.com'),
('CR190', 'Xun', 'Xing', 2147483647, 'Flat', '400.00', 'x.x6@hudddy.com'),
('CR191', 'Yara', 'Yannick', 2147483647, 'House', '530.00', 'y.y6@hudddy.com'),
('CR192', 'Zaara', 'Zoid', 2147483647, 'Cottage', '590.00', 'z.z6@hudddy.com'),
('CR193', 'Ailsa', 'Austin', 2147483647, 'Flat', '450.00', 'a.a7@hudddy.com'),
('CR194', 'Bella', 'Brody', 2147483647, 'House', '550.00', 'b.b7@hudddy.com'),
('CR195', 'Caitlin', 'Cooper', 2147483647, 'House', '750.00', 'c.c7@hudddy.com'),
('CR196', 'Danielle', 'Dainton', 2147483647, 'Flat', '450.00', 'd.d7@hudddy.com'),
('CR197', 'Erin', 'Elliot', 2147483647, 'House', '470.00', 'e.e7@hudddy.com'),
('CR198', 'Freya', 'Fern', 2147483647, 'House', '550.00', 'f.f7@hudddy.com'),
('CR199', 'Gracie', 'Gata', 2147483647, 'Flat', '600.00', 'g.g7@hudddy.com'),
('CR20', 'Jules', 'Jones', 1207326648, 'Cottage', '590.00', 'j.j@hudddy.com'),
('CR200', 'Hugo', 'Hunter', 2147483647, 'House', '400.00', 'h.h7@hudddy.com'),
('CR201', 'Ivy', 'Iona', 2147483647, 'House', '600.00', 'i.i7@hudddy.com'),
('CR202', 'Jessica', 'Jason', 2147483647, 'Cottage', '590.00', 'j.j7@hudddy.com'),
('CR203', 'Kara', 'Kaan', 2147483647, 'Flat', '450.00', 'k.k7@hudddy.com'),
('CR204', 'Logan', 'Lexie', 2147483647, 'House', '550.00', 'l.l7@hudddy.com'),
('CR205', 'Maximus', 'Madison', 2147483647, 'House', '750.00', 'm.m7@hudddy.com'),
('CR206', 'Nicole', 'Nabil', 2147483647, 'House', '550.00', 'n.n7@hudddy.com'),
('CR207', 'Olly', 'Oliwia', 2147483647, 'Flat', '470.00', 'o.o7@hudddy.com'),
('CR208', 'Pheobe', 'Preston', 2147483647, 'House', '550.00', 'p.p7@hudddy.com'),
('CR209', 'Quan', 'Qusp', 2147483647, 'Cottage', '700.00', 'q.q7@hudddy.com'),
('CR21', 'Kenneth', 'Khan', 1231685432, 'Flat', '450.00', 'k.k@hudddy.com'),
('CR210', 'Ruby', 'Rosa', 2147483647, 'Flat', '400.00', 'r.r7@hudddy.com'),
('CR211', 'Samuel', 'Shay', 2147483647, 'House', '500.00', 's.s7@hudddy.com'),
('CR212', 'Thea', 'Tiana', 2147483647, 'Cottage', '590.00', 't.t7@hudddy.com'),
('CR213', 'Uma', 'Upside', 2147483647, 'Flat', '470.00', 'u.u7@hudddy.com'),
('CR214', 'Victor', 'Valentino', 2147483647, 'House', '550.00', 'v.v7@hudddy.com'),
('CR215', 'Wendy', 'Whitney', 2147483647, 'Cottage', '430.00', 'w.w7@hudddy.com'),
('CR216', 'Xun', 'Xang', 2147483647, 'Flat', '400.00', 'x.x7@hudddy.com'),
('CR217', 'Yara', 'Yaseen', 2147483647, 'House', '530.00', 'y.y7@hudddy.com'),
('CR218', 'Zaara', 'Zander', 2147483647, 'Cottage', '590.00', 'z.z7@hudddy.com'),
('CR219', 'Annie', 'Austin', 2147483647, 'Flat', '450.00', 'a.a8@hudddy.com'),
('CR22', 'Lewis', 'Leftside', 1342870023, 'House', '550.00', 'l.l@hudddy.com'),
('CR220', 'Bertha', 'Brody', 2147483647, 'House', '550.00', 'b.b8@hudddy.com'),
('CR221', 'Candice', 'Cooper', 2147483647, 'House', '750.00', 'c.c8@hudddy.com'),
('CR222', 'Daphnie', 'Dainton', 2147483647, 'Flat', '450.00', 'd.d8@hudddy.com'),
('CR223', 'Ethelred', 'Elliot', 2147483647, 'House', '470.00', 'e.e8@hudddy.com'),
('CR224', 'Fergus', 'Fern', 2147483647, 'House', '550.00', 'f.f8@hudddy.com'),
('CR225', 'Grant', 'Gata', 2147483647, 'Flat', '600.00', 'g.g8@hudddy.com'),
('CR226', 'Hibbert', 'Hunter', 2147483647, 'House', '400.00', 'h.h8@hudddy.com'),
('CR227', 'Iris', 'Iona', 2147483647, 'House', '600.00', 'i.i8@hudddy.com'),
('CR228', 'Judy', 'Jason', 2147483647, 'Cottage', '590.00', 'j.j8@hudddy.com'),
('CR229', 'Kirstina', 'Kaan', 2147483647, 'Flat', '450.00', 'k.k8@hudddy.com'),
('CR23', 'Morris', 'Minor', 1453722142, 'House', '750.00', 'm.m@hudddy.com'),
('CR230', 'Lewis', 'Lexie', 2147483647, 'House', '550.00', 'l.l8@hudddy.com'),
('CR231', 'Maude', 'Madison', 2147483647, 'House', '750.00', 'm.m8@hudddy.com'),
('CR232', 'Norman', 'Nabil', 2147483647, 'House', '550.00', 'n.n8@hudddy.com'),
('CR233', 'Oxbow', 'Oliwia', 2147483647, 'Flat', '470.00', 'o.o8@hudddy.com'),
('CR234', 'Pronto', 'Preston', 2147483647, 'House', '550.00', 'p.p8@hudddy.com'),
('CR235', 'Quick', 'Qusp', 2147483647, 'Cottage', '700.00', 'q.q8@hudddy.com'),
('CR236', 'Rossetta', 'Rosa', 2147483647, 'Flat', '400.00', 'r.r8@hudddy.com'),
('CR237', 'Sean', 'Shay', 2147483647, 'House', '500.00', 's.s8@hudddy.com'),
('CR238', 'Thelma', 'Tiana', 2147483647, 'Cottage', '590.00', 't.t8@hudddy.com'),
('CR239', 'Unger', 'Upside', 2147483647, 'Flat', '470.00', 'u.u8@hudddy.com'),
('CR24', 'Norris', 'Noway', 1894462887, 'House', '550.00', 'n.n@hudddy.com'),
('CR240', 'Vincent', 'Valentino', 2147483647, 'House', '550.00', 'v.v8@hudddy.com'),
('CR241', 'Willow', 'Whitney', 2147483647, 'Cottage', '430.00', 'w.w8@hudddy.com'),
('CR242', 'Xebidee', 'Xang', 2147483647, 'Flat', '400.00', 'x.x8@hudddy.com'),
('CR243', 'Yaris', 'Yaseen', 2147483647, 'House', '530.00', 'y.y8@hudddy.com'),
('CR244', 'Zipless', 'Zander', 2147483647, 'Cottage', '590.00', 'z.z8@hudddy.com'),
('CR245', 'Zooloo', 'Zipfile', 2147483647, 'Cottage', '590.00', 'z.z8@hudddy.com'),
('CR25', 'Olly', 'Onetime', 1325837461, 'Flat', '470.00', 'o.o@hudddy.com'),
('CR26', 'Percy', 'Pigg', 1557904883, 'House', '550.00', 'p.p@hudddy.com'),
('CR27', 'Quare', 'Quorn', 1338583300, 'Cottage', '400.00', 'q.q@hudddy.com'),
('CR28', 'Ross', 'Rabbit', 1559237791, 'Flat', '400.00', 'r.r@hudddy.com'),
('CR29', 'Stumpy', 'Stones', 1440984223, 'House', '500.00', 's.s@hudddy.com'),
('CR30', 'Twice', 'Tonight', 1281326648, 'Cottage', '590.00', 't.t@hudddy.com'),
('CR31', 'Under', 'Uncle', 1325817461, 'Flat', '470.00', 'u.u@hudddy.com'),
('CR32', 'Vallary', 'Varcy', 1557924883, 'House', '550.00', 'v.v@hudddy.com'),
('CR33', 'Wooter', 'Wuppit', 1338533300, 'Cottage', '430.00', 'w.w@hudddy.com'),
('CR34', 'Xander', 'Xabit', 1559247791, 'Flat', '400.00', 'x.x@hudddy.com'),
('CR35', 'Yolander', 'Yanks', 1440954223, 'House', '530.00', 'y.y@hudddy.com'),
('CR36', 'Zak', 'Zoneout', 1281366648, 'Cottage', '590.00', 'z.z@hudddy.com'),
('CR37', 'Aberdeen', 'Angus', 1834583300, 'Flat', '400.00', 'a.a1@hudddy.com'),
('CR38', 'Bunga', 'Bunga', 1951237791, 'Flat', '400.00', 'b.b1@hudddy.com'),
('CR39', 'Curious', 'Coffin', 1046984223, 'House', '600.00', 'c.c1@hudddy.com'),
('CR40', 'Denis', 'Downside', 1187326648, 'Cottage', '490.00', 'd.d1@hudddy.com'),
('CR41', 'Evan', 'East', 1214685432, 'Flat', '450.00', 'e.e1@hudddy.com'),
('CR42', 'Forth', 'Fifth', 1325870023, 'Flat', '550.00', 'f.f1@hudddy.com'),
('CR43', 'Glumpy', 'Gonad', 1436722142, 'House', '750.00', 'g.g1@hudddy.com'),
('CR44', 'Hapless', 'Hound', 1847462887, 'Flat', '450.00', 'h.h1@hudddy.com'),
('CR45', 'Ian', 'Inkblot', 1352837461, 'Flat', '470.00', 'i.i1@hudddy.com'),
('CR46', 'Jenny', 'Jankers', 1566904883, 'House', '550.00', 'j.j1@hudddy.com'),
('CR47', 'Klappus', 'Klunk', 1374583300, 'Flat', '400.00', 'k.k1@hudddy.com'),
('CR48', 'Lefty', 'Loosewire', 1581237791, 'Flat', '400.00', 'l.l1@hudddy.com'),
('CR49', 'Michael', 'Mute', 1496984223, 'House', '600.00', 'm.m1@hudddy.com'),
('CR50', 'Norbert', 'Nineiron', 1207326648, 'Cottage', '590.00', 'n.n1@hudddy.com'),
('CR51', 'Orvile', 'Onetime', 1231685432, 'Flat', '450.00', 'o.o1@hudddy.com'),
('CR52', 'Putrid', 'Puss', 1342870023, 'Flat', '550.00', 'p.p1@hudddy.com'),
('CR53', 'Quinton ', 'Quintessa', 1453722142, 'House', '750.00', 'q.q1@hudddy.com'),
('CR54', 'Rachael', 'Rae', 1894462887, 'Flat', '550.00', 'r.r1@hudddy.com'),
('CR55', 'Sabina', 'Saber', 1325837461, 'Flat', '470.00', 's.s1@hudddy.com'),
('CR56', 'Tabatha', 'Tacitus', 1557904883, 'House', '550.00', 't.t1@hudddy.com'),
('CR57', 'Uberto', 'Udath', 1338583300, 'Cottage', '400.00', 'u.u1@hudddy.com'),
('CR58', 'Vaclav', 'Vada', 1559237791, 'Flat', '400.00', 'v.v1@hudddy.com'),
('CR59', 'Waldemar', 'Wade', 1440984223, 'House', '500.00', 'w.w1@hudddy.com'),
('CR60', 'Xadrian', 'Xanadu', 1281326648, 'Cottage', '590.00', 'x.x1@hudddy.com'),
('CR61', 'Yadid', 'Yaal', 1325817461, 'Flat', '470.00', 'y.y1@hudddy.com'),
('CR62', 'Zadok', 'Zada', 1557924883, 'House', '550.00', 'z.z1@hudddy.com'),
('CR63', 'Abdul', 'Abdullah', 1214685431, 'Flat', '450.00', 'a.a2@hudddy.com'),
('CR64', 'Babette', 'Bailey', 1325870022, 'House', '550.00', 'b.b2@hudddy.com'),
('CR65', 'Cade', 'Cabot', 1436722143, 'House', '750.00', 'c.c2@hudddy.com'),
('CR66', 'Dafydd', 'Dagmar', 1847462884, 'Flat', '450.00', 'd.d2@hudddy.com'),
('CR67', 'Egan', 'Eadlin', 1352837465, 'House', '470.00', 'e.e2@hudddy.com'),
('CR68', 'Fabia', 'Faber', 1566904886, 'House', '550.00', 'f.f2@hudddy.com'),
('CR69', 'Gabino', 'Gabrielle', 1374583307, 'House', '400.00', 'g.g2@hudddy.com'),
('CR70', 'Habib', 'Habibar', 1581237798, 'Flat', '400.00', 'h.h2@hudddy.com'),
('CR71', 'Ian', 'Ianthe', 1496984229, 'House', '600.00', 'i.i2@hudddy.com'),
('CR72', 'Jaamini', 'Jabari', 1207326640, 'Cottage', '590.00', 'j.j2@hudddy.com'),
('CR73', 'Kabela', 'Kade', 1231685431, 'Flat', '450.00', 'k.k2@hudddy.com'),
('CR74', 'Laban', 'Lacey', 1342870022, 'House', '550.00', 'l.l2@hudddy.com'),
('CR75', 'Mabel', 'Mabon', 1453722143, 'House', '750.00', 'm.m2@hudddy.com'),
('CR76', 'Nadia', 'Nahara', 1894462884, 'Flat', '550.00', 'n.n2@hudddy.com'),
('CR77', 'Oceana', 'Octave', 1325837465, 'House', '470.00', 'o.o2@hudddy.com'),
('CR78', 'Pablo', 'Pacifica', 1557904886, 'House', '550.00', 'p.p2@hudddy.com'),
('CR79', 'Qabil', 'Qiana', 1338583307, 'Cottage', '400.00', 'q.q2@hudddy.com'),
('CR80', 'Rafael', 'Radhika', 1559237798, 'Flat', '400.00', 'r.r2@hudddy.com'),
('CR81', 'Sabrina', 'Sadella', 1440984229, 'House', '500.00', 's.s2@hudddy.com'),
('CR82', 'Tahira', 'Tai', 1281326640, 'Cottage', '590.00', 't.t2@hudddy.com'),
('CR83', 'Udo', 'Ugo', 1325817469, 'Flat', '470.00', 'u.u2@hudddy.com'),
('CR84', 'Vlademar', 'Valdis', 1557924888, 'House', '550.00', 'v.v2@hudddy.com'),
('CR85', 'Waldo', 'Walden', 1338533307, 'Cottage', '430.00', 'w.w2@hudddy.com'),
('CR86', 'Xanthe', 'Xannon', 1559247796, 'Flat', '400.00', 'x.x2@hudddy.com'),
('CR87', 'Yadira', 'Yadon', 1440954225, 'House', '530.00', 'y.y2@hudddy.com'),
('CR88', 'Zafira', 'Zador', 1281366644, 'Cottage', '590.00', 'z.z2@hudddy.com'),
('CR89', 'Aaron', 'Abasi', 2147483647, 'Flat', '450.00', 'a.a3@hudddy.com'),
('CR90', 'Baden', 'Baird', 2147483647, 'House', '550.00', 'b.b3@hudddy.com'),
('CR91', 'Cadence', 'Cadby', 2147483647, 'House', '750.00', 'c.c3@hudddy.com'),
('CR92', 'Dabeel', 'Dada', 2147483647, 'Flat', '450.00', 'd.d3@hudddy.com'),
('CR93', 'Eamon', 'Earl', 2147483647, 'House', '470.00', 'e.e3@hudddy.com'),
('CR94', 'Fabian', 'Fabrice', 2147483647, 'House', '550.00', 'f.f3@hudddy.com'),
('CR95', 'Gadara', 'Gael', 2147483647, 'Flat', '400.00', 'g.g3@hudddy.com'),
('CR96', 'Hadassah', 'Hackett', 2147483647, 'House', '400.00', 'h.h3@hudddy.com'),
('CR97', 'Iago', 'Ianto', 2147483647, 'House', '600.00', 'i.i3@hudddy.com'),
('CR98', 'Jabulani', 'Jabez', 2147483647, 'Cottage', '590.00', 'j.j3@hudddy.com'),
('CR99', 'Kadeem', 'Kaden', 2147483647, 'Flat', '450.00', 'k.k3@hudddy.com');

-- --------------------------------------------------------

--
-- Table structure for table `ea_PrivateOwner`
--

CREATE TABLE `ea_PrivateOwner` (
  `ownerNo` varchar(5) NOT NULL,
  `fname` varchar(20) NOT NULL,
  `lname` varchar(20) NOT NULL,
  `address` varchar(50) NOT NULL,
  `telNo` int DEFAULT NULL,
  `email` varchar(30) DEFAULT NULL,
  `password` varchar(12) NOT NULL
) ENGINE=InnoDB DEFAULT CHARSET=utf8mb3;

--
-- Dumping data for table `ea_PrivateOwner`
--

INSERT INTO `ea_PrivateOwner` (`ownerNo`, `fname`, `lname`, `address`, `telNo`, `email`, `password`) VALUES
('POA1', 'Britta', 'Britain', '31 Ash Place, Aberdeen, AB4 0QR', 1455462887, 'b.b1@hud.co.uk', 'password'),
('POA10', 'Render', 'Fender', '65 Dock Road, Aberdeen, AB32 9DX', 1455870023, 'r.f@hud.co.uk', 'password'),
('POA11', 'Hilda', 'Hogden', '91 Lancelot Street, Aberdeen, AB32 9DX', 1455870023, 'h.h1@hud.co.uk', 'password'),
('POA12', 'Rina', 'Reck', '92 Percival Street, Aberdeen, AB42 6TT', 1455722142, 'r.r2@hud.co.uk', 'password'),
('POA13', 'Meryl', 'Mullen', '93 Lamorak Place, Aberdeen, AB4 0QR', 1455462887, 'm.m6@hud.co.uk', 'password'),
('POA14', 'Stephan', 'Sallee', '94 Kay Drive, Aberdeen, AB2 7SX', 1233685432, 's.s6@hud.co.uk', 'password'),
('POA15', 'Renae', 'Ragsdale', '95 Gareth Street, Aberdeen, AB32 9DX', 1455870023, 'r.r3@hud.co.uk', 'password'),
('POA2', 'Elba', 'Enyo', '32 Auburn Street, Aberdeen, AB32 9DX', 1455870023, 'e.e1@hud.co.uk', 'password'),
('POA3', 'Margarete', 'Morvant', '33 Avacado Street, Aberdeen, AB42 6TT', 1455722142, 'e.m2@hud.co.uk', 'password'),
('POA4', 'Dawton', 'Dawes', '34 Awesome Place, Aberdeen, AB4 0QR', 1455462887, 'd.d1@hud.co.uk', 'password'),
('POA5', 'Tanika', 'Tonika', '35 Aztec Drive, Aberdeen, AB2 7SX', 1233685432, 't.t@hud.co.uk', 'password'),
('POA6', 'Susan', 'Soupspoon', '61 Beatle Street, Aberdeen, AB2 7SX', 1233685432, 's.s4@hud.co.uk', 'password'),
('POA7', 'Donovan', 'Dennis', '62 Cavour Avenue, Aberdeen, AB32 9DX', 1455870023, 'd.d3@hud.co.uk', 'password'),
('POA8', 'Wilford', 'Whitford', '63 China Avenue, Aberdeen, AB42 6TT', 1455722142, 'w.w@hud.co.uk', 'password'),
('POA9', 'Jaqueline', 'Jones', '64 Communal Square, Aberdeen, AB4 0QR', 1455462887, 'j.j2@hud.co.uk', 'password'),
('POB1', 'Velma', 'Verhey', '16 Black Place, Bristol, BR4 0QR', 1455462887, 'v.v@hud.co.uk', 'password'),
('POB10', 'Alesha', 'Alune', '50 Blond Drive, Bristol, BR2 7SX', 1233685432, 'a.a@hud.co.uk', 'password'),
('POB11', 'Serena', 'Schmidt', '76 Elgin Avenue, Bristol, BR32 9DX', 1455870023, 's.s5@hud.co.uk', 'password'),
('POB12', 'Maxine', 'Maine', '77 Elizabeth Street, Bristol, BR42 6TT', 1455722142, 'm.m5@hud.co.uk', 'password'),
('POB13', 'Nery', 'Neufeld', '78 Empire Avenue, Bristol, BR4 0QR', 1455462887, 'n.n2@hud.co.uk', 'password'),
('POB14', 'Rosalva', 'Relay', '79 Epink Square, Bristol, BR2 7SX', 1233685432, 'r.r1@hud.co.uk', 'password'),
('POB15', 'Garrat', 'Gober', '80 Farmers Lane, Bristol, BR32 9DX', 1455870023, 'g.g@hud.co.uk', 'password'),
('POB2', 'Marcie', 'Munch', '17 White Drive, Bristol, BR2 7SX', 1233685432, 'm.m@hud.co.uk', 'password'),
('POB3', 'Merissa', 'Meade', '18 Cyan Street, Bristol, BR32 9DX', 1455870023, 'm.m1@hud.co.uk', 'password'),
('POB4', 'Kelle', 'Klubfoot', '19 Aero Street, Bristol, BR42 6TT', 1455722142, 'k.k@hud.co.uk', 'password'),
('POB5', 'Mariella', 'Madison', '20 Crimson Place, Bristol, BR4 0QR', 1455462887, 'm.m2@hud.co.uk', 'password'),
('POB6', 'Mireille', 'Mainstreet', '46 Bistre Drive, Bristol, BR2 7SX', 1233685432, 'm.m3@hud.co.uk', 'password'),
('POB7', 'Maud', 'Munchin', '47 Bitter Street, Bristol, BR32 9DX', 1455870023, 'm.m4@hud.co.uk', 'password'),
('POB8', 'Darrell', 'Double', '48 Blanch Street, Bristol, BR42 6TT', 1455722142, 'd.d2@hud.co.uk', 'password'),
('POB9', 'Loris', 'Locke', '49 Bizzard Place, Bristol, BR4 0QR', 1455462887, 'l.l3@hud.co.uk', 'password'),
('POG1', 'Eloy', 'Elder', '11 Yellow Street, Glasgow, G42 6TT', 1455722142, 'e.e@hud.co.uk', 'password'),
('POG10', 'Jeri', 'Jankers', '55 Auerbach Avenue, Glasgow, G42 6TT', 1455722142, 'j.j1@hud.co.uk', 'password'),
('POG11', 'Tasha', 'Thrasher', '81 Federation Square, Glasgow, G42 6TT', 1455722142, 't.t2@hud.co.uk', 'password'),
('POG12', 'Genevieve', 'Gusher', '82 Flower Street, Glasgow, G4 0QR', 1455462887, 'g.g1@hud.co.uk', 'password'),
('POG13', 'Junie', 'Javier', '83 Forest Avenue, Glasgow, AB2 7SX', 1233685432, 'j.j4@hud.co.uk', 'password'),
('POG14', 'Palmer', 'Poppell', '84 Freedom Avenue, Glasgow, G32 9DX', 1455870023, 'p.p1@hud.co.uk', 'password'),
('POG15', 'Forrest', 'Forsyth', '85 French Street, Glasgow, G42 6TT', 1455722142, 'f.f2@hud.co.uk', 'password'),
('POG2', 'Regan', 'Rebbel', '12 Indigo Place, Glasgow, G4 0QR', 1455462887, 'r.r@hud.co.uk', 'password'),
('POG3', 'Sharyn', 'Shoe', '13 Oink Drive, Glasgow, G2 7SX', 1233685432, 's.s@hud.co.uk', 'password'),
('POG4', 'Steph', 'Spurr', '14 Orange Street, Glasgow, G32 9DX', 1455870023, 's.s1@hud.co.uk', 'password'),
('POG5', 'Hye', 'Hytz', '15 Purple Street, Glasgow, G42 6TT', 1455722142, 'h.h@hud.co.uk', 'password'),
('POG6', 'Kina', 'Koons', '51 Abby Park Street, Glasgow, G32 9DX', 1455870023, 'k.k2@hud.co.uk', 'password'),
('POG7', 'Hildegard', 'Hedonist', '52 Adelaide Avenue, Glasgow, G42 6TT', 1455722142, 'h.h@hud.co.uk', 'password'),
('POG8', 'Illa', 'Itto', '53 Andreas Avenue, Glasgow, G4 0QR', 1455462887, 'i.i@hud.co.uk', 'password'),
('POG9', 'Cicely', 'Cross', '54 Arthur Street, Glasgow, G32 9DX', 1455870023, 'c.c4@hud.co.uk', 'password'),
('POH1', 'Farah', 'Farrel', '6 Arch Street, Huddersfield, HD2 9DX', 1455870023, 'f.f@hud.co.uk', 'password'),
('POH10', 'Leila', 'Lucious', '60 Belby Road, Huddersfield, HD4 0QR', 1455462887, 'l.l4@hud.co.uk', 'password'),
('POH11', 'Barnie', 'Breadboard', '86 Galahad Place, Huddersfield, HD4 0QR', 1455462887, 'b.b@hud.co.uk', 'password'),
('POH12', 'Irma', 'Ikkard', '87 Arthur Street, Huddersfield, HD32 9DX', 1455870023, 'i.i1@hud.co.uk', 'password'),
('POH13', 'Cortney', 'Cox', '88 Gawain Street, Huddersfield, HD42 6TT', 1455722142, 'c.c7@hud.co.uk', 'password'),
('POH14', 'Renna', 'Rennata', '89 Geraint Place, Huddersfield, HD4 0QR', 1455462887, 'r.r2@hud.co.uk', 'password'),
('POH15', 'Jane', 'Jessen', '90 Bors Drive, Huddersfield, HDB2 7SX', 1233685432, 'j.j5@hud.co.uk', 'password'),
('POH2', 'Jenise', 'Jain', '7 Blue Street, Huddersfield, HD42 6TT', 1455722142, 'j.j@hud.co.uk', 'password'),
('POH3', 'Lourdes', 'Lunberg', '8 Red Place, Huddersfield, HD4 0QR', 1455462887, 'l.l@hud.co.uk', 'password'),
('POH4', 'Ivan', 'Iman', '9 Green Drive, Huddersfield, HD2 7SX', 1233685432, 'i.i@hud.co.uk', 'password'),
('POH5', 'Cindi', 'Chimail', '10 Pink Street, Huddersfield, HD32 9DX', 1455870023, 'c.c@hud.co.uk', 'password'),
('POH6', 'Columbus', 'Cordaroy', '56 Auburn Avenue, Huddersfield, HD4 0QR', 1455462887, 'c.c5@hud.co.uk', 'password'),
('POH7', 'Vicente', 'Viera', '57 Barn Street, Huddersfield, HD2 7SX', 1233685432, 'v.v@hud.co.uk', 'password'),
('POH8', 'Crysta', 'Cross', '58 Bay Avenue, Huddersfield, HD32 9DX', 1455870023, 'c.c6@hud.co.uk', 'password'),
('POH9', 'Tiny', 'Toes', '59 Camp Avenue, Huddersfield, HD42 6TT', 1455722142, 't.t@hud.co.uk', 'password'),
('POL1', 'Joe', 'Joanes', '1 Fergus Drive, London, L2 7SX', 1233685432, 'j.j@hud.co.uk', 'password'),
('POL10', 'Yolonda', 'Yesman', '25 Acajou Street, London, L32 9DX', 1455870023, 'y.y@hud.co.uk', 'password'),
('POL11', 'Noriko', 'Northcutt', '41 Baazar Street, London, L42 6TT', 1455722142, 'n.n@hud.co.uk', 'password'),
('POL12', 'Frankie', 'Fraud', '42 Bisque Place, London, L4 0QR', 1455462887, 'f.f@hud.co.uk', 'password'),
('POL13', 'Conrad', 'Corning', '43 Beau Street, London, L32 9DX', 1455870023, 'c.c3@hud.co.uk', 'password'),
('POL14', 'Frederic', 'Flavour', '44 Beer Street, London, L42 6TT', 1455722142, 'f.f1@hud.co.uk', 'password'),
('POL15', 'Natalia', 'Nutcase', '45 Beige Place, London, L4 0QR', 1455462887, 'n.n1@hud.co.uk', 'password'),
('POL16', 'Aileen', 'Arney', '71 Democracy Avenue, London, L4 0QR', 1455462887, 'a.a3@hud.co.uk', 'password'),
('POL17', 'Annamarie', 'Arnold', '72 Dimitri Street, London, L2 7SX', 1233685432, 'a.a4@hud.co.uk', 'password'),
('POL18', 'Mana', 'Farrel', '73 Constitution Street, London, L32 9DX', 1455870023, 'm.f@hud.co.uk', 'password'),
('POL19', 'Carey', 'Scarey', '74 Dubnitz Road, London, L42 6TT', 1455722142, 'c.s@hud.co.uk', 'password'),
('POL2', 'Carol', 'Barrel', '2 Achray Street, London, L32 9DX', 1455870023, 'c.b@hud.co.uk', 'password'),
('POL20', 'Theresia', 'Tentpole', '75 East Street, London, L4 0QR', 1455462887, 't.t1@hud.co.uk', 'password'),
('POL3', 'Emma', 'MONTFORT', '3 Well Street, London, L42 6TT', 1455722142, 'e.m@hud.co.uk', 'password'),
('POL4', 'Tony', 'Shaw', '4 Park Place, London, L4 0QR', 1455462887, 't.s@hud.co.uk', 'password'),
('POL5', 'Una', 'Upton', '5 Mandel Drive, London, L2 7SX', 1233685432, 'u.u@hud.co.uk', 'password'),
('POL6', 'Darwin', 'Digger', '21 Magenta Street, London, L32 9DX', 1455870023, 'd.d@hud.co.uk', 'password'),
('POL7', 'Phil', 'Phluter', '22 Abmer Street, London, L42 6TT', 1455722142, 'p.p@hud.co.uk', 'password'),
('POL8', 'Isela', 'Isaone', '23 Amazon Place, London, L4 0QR', 1455462887, 'i.i1@hud.co.uk', 'password'),
('POL9', 'Kathern', 'Keogh', '24 Almond Drive, London, L2 7SX', 1233685432, 'k.k1@hud.co.uk', 'password'),
('POM1', 'Chantal', 'Coggins', '26 Apple Street, Manchester, M42 6TT', 1455722142, 'c.c2@hud.co.uk', 'password'),
('POM10', 'Serafina', 'Stearman', '40 Battery Street, Manchester, M32 9DX', 1455870023, 's.s3@hud.co.uk', 'password'),
('POM11', 'Margarett', 'Munche', '66 Copper Street, Manchester, M42 6TT', 1455722142, 'm.m5@hud.co.uk', 'password'),
('POM12', 'Shauna', 'Shaw', '67 Corn Street, Manchester, M4 0QR', 1455462887, 's.s5@hud.co.uk', 'password'),
('POM13', 'Donya', 'Denton', '68 Cresson Square, Manchester, M2 7SX', 1233685432, 'd.d4@hud.co.uk', 'password'),
('POM14', 'Jamar', 'Jarvie', '69 Danish Avenue, Manchester, M32 9DX', 1455870023, 'j.j3@hud.co.uk', 'password'),
('POM15', 'Abbey', 'Artache', '70 Delta Street, Manchester, M42 6TT', 1455722142, 'a.a2@hud.co.uk', 'password'),
('POM16', 'Lorriane', 'Leffler', '96 Bedivere Street, Manchester, M42 6TT', 1455722142, 'l.l5@hud.co.uk', 'password'),
('POM17', 'Marybeth', 'Mars', '97 Gaheris Place, Manchester, M4 0QR', 1455462887, 'm.m6@hud.co.uk', 'password'),
('POM18', 'Ardath', 'Ahlstrom', '98 Tristan Street, Manchester, M32 9DX', 1455870023, 'a.a5@hud.co.uk', 'password'),
('POM19', 'Nuna', 'Nochance', '99 Palamedes Street, Manchester, M4 6TT', 1455722142, 'n.n3@hud.co.uk', 'password'),
('POM2', 'Benedict', 'Birdbrain', '27 Apricot Place, Manchester, M4 0QR', 1455462887, 'b.b@hud.co.uk', 'password'),
('POM20', 'Winifred', 'Whetstone', '100 Gwinivere Place, Manchester, M4 0QR', 1455462887, 'w.w1@hud.co.uk', 'password'),
('POM3', 'Lashawn', 'Laughalot', '28 Aqua Drive, Manchester, M2 7SX', 1233685432, 'l.l1@hud.co.uk', 'password'),
('POM4', 'Lucius', 'Lacivious', '29 Arctic Street, Manchester, M32 9DX', 1455870023, 'l.l2@hud.co.uk', 'password'),
('POM5', 'Sanjuana', 'Sanity', '30 Army Street, Manchester, M42 6TT', 1455722142, 's.s2@hud.co.uk', 'password'),
('POM6', 'Talia', 'Toth', '36 Azure Street, Manchester, M32 9DX', 1455870023, 't.t1@hud.co.uk', 'password'),
('POM7', 'Shizuko', 'Schizoff', '37 Baker Street, Manchester, M42 6TT', 1455722142, 's.s2@hud.co.uk', 'password'),
('POM8', 'Numbers', 'Game', '38 Banana Place, Manchester, M4 0QR', 1455462887, 'n.g@hud.co.uk', 'password'),
('POM9', 'Jed', 'Wood', '39 Barbie Drive, Manchester, M2 7SX', 1233685432, 'j.w@hud.co.uk', 'password');

-- --------------------------------------------------------

--
-- Table structure for table `ea_PropertyForRent`
--

CREATE TABLE `ea_PropertyForRent` (
  `propertyNo` varchar(5) NOT NULL,
  `street` varchar(20) NOT NULL,
  `city` varchar(20) NOT NULL,
  `postcode` varchar(10) NOT NULL,
  `type` varchar(20) NOT NULL,
  `rooms` int NOT NULL,
  `rent` decimal(7,2) NOT NULL,
  `ownerNo` varchar(5) NOT NULL,
  `staffNo` varchar(5) DEFAULT NULL,
  `branchNo` varchar(5) NOT NULL
) ENGINE=InnoDB DEFAULT CHARSET=utf8mb3;

--
-- Dumping data for table `ea_PropertyForRent`
--

INSERT INTO `ea_PropertyForRent` (`propertyNo`, `street`, `city`, `postcode`, `type`, `rooms`, `rent`, `ownerNo`, `staffNo`, `branchNo`) VALUES
('PA1', '1 Amber Buildings', 'Aberdeen', 'AB1 1AD', 'House', 6, '650.00', 'POA1', 'SA1', 'B007'),
('PA10', '6 White Buildings', 'Aberdeen', 'AB3 3CD', 'Flat', 3, '450.00', 'POA5', 'SA1', 'B007'),
('PA11', '7 Black Buildings', 'Aberdeen', 'AB4 4DD', 'Cottage', 4, '550.00', 'POA6', 'SA2', 'B007'),
('PA12', '8 Black Buildings', 'Aberdeen', 'AB4 4DD', 'Cottage', 4, '550.00', 'POA6', 'SA2', 'B007'),
('PA13', '11 Purple Road', 'Aberdeen', 'AB6 6FD', 'House', 4, '550.00', 'POA7', 'SA3', 'B013'),
('PA14', '12 Purple Road', 'Aberdeen', 'AB6 6FD', 'House', 4, '600.00', 'POA7', 'SA3', 'B013'),
('PA15', '15 Pink Avenue', 'Aberdeen', 'AB8 8HD', 'House', 4, '575.00', 'POA8', 'SA4', 'B019'),
('PA16', '16 Pink Avenue', 'Aberdeen', 'AB8 8HD', 'House', 4, '575.00', 'POA8', 'SA4', 'B019'),
('PA17', '17 Blue Buildings', 'Aberdeen', 'AB3 5ID', 'Flat', 3, '450.00', 'POA9', 'SA1', 'B007'),
('PA18', '18 Blue Buildings', 'Aberdeen', 'AB3 5ID', 'Flat', 3, '450.00', 'POA9', 'SA1', 'B007'),
('PA19', '19 Brown Buildings', 'Aberdeen', 'AB4 6JD', 'Cottage', 4, '550.00', 'POA10', 'SA2', 'B007'),
('PA2', '2 Amber Buildings', 'Aberdeen', 'AB1 1AD', 'House', 6, '650.00', 'POA1', 'SA1', 'B007'),
('PA20', '20 Brown Buildings', 'Aberdeen', 'AB4 6JD', 'Cottage', 4, '550.00', 'POA10', 'SA2', 'B007'),
('PA21', '21 Tan Buildings', 'Aberdeen', 'AB5 7KD', 'House', 4, '600.00', 'POA11', 'SA3', 'B013'),
('PA22', '22 Tan Buildings', 'Aberdeen', 'AB5 7KD', 'House', 4, '550.00', 'POA11', 'SA3', 'B013'),
('PA23', '23 Sepia Road', 'Aberdeen', 'AB6 8LD', 'House', 3, '500.00', 'POA12', 'SA3', 'B013'),
('PA24', '24 Sepia Road', 'Aberdeen', 'AB6 8LD', 'House', 3, '500.00', 'POA12', 'SA3', 'B013'),
('PA25', '25 Gold Avenue', 'Aberdeen', 'AB7 9MD', 'House', 2, '425.00', 'POA13', 'SA4', 'B019'),
('PA26', '26 Gold Avenue', 'Aberdeen', 'AB7 9MD', 'House', 2, '425.00', 'POA13', 'SA4', 'B019'),
('PA27', '27 Maroon Avenue', 'Aberdeen', 'AB8 1ND', 'House', 2, '425.00', 'POA14', 'SA4', 'B019'),
('PA28', '28 Maroon Avenue', 'Aberdeen', 'AB8 1ND', 'House', 2, '425.00', 'POA14', 'SA4', 'B019'),
('PA29', '29 Crimson Street', 'Aberdeen', 'AB1 7OD', 'Cottage', 2, '425.00', 'POA15', 'SA2', 'B007'),
('PA3', '3 Red Buildings', 'Aberdeen', 'AB2 2BD', 'House', 4, '550.00', 'POA2', 'SA2', 'B007'),
('PA30', '30 Crimson Street', 'Aberdeen', 'AB1 7OD', 'Cottage', 2, '425.00', 'POA15', 'SA2', 'B007'),
('PA4', '4 Red Buildings', 'Aberdeen', 'AB2 2BD', 'House', 4, '550.00', 'POA2', 'SA2', 'B007'),
('PA5', '9 Green Buildings', 'Aberdeen', 'AB5 5ED', 'House', 4, '550.00', 'POA3', 'SA3', 'B013'),
('PA6', '10 Green Buildings', 'Aberdeen', 'AB5 5ED', 'House', 4, '550.00', 'POA3', 'SA3', 'B013'),
('PA7', '13 Orange Avenue', 'Aberdeen', 'AB7 7GD', 'House', 4, '575.00', 'POA4', 'SA4', 'B019'),
('PA8', '14 Orange Avenue', 'Aberdeen', 'AB7 7GD', 'House', 4, '575.00', 'POA4', 'SA4', 'B019'),
('PA9', '5 White Buildings', 'Aberdeen', 'AB3 3CD', 'Flat', 3, '450.00', 'POA5', 'SA1', 'B007'),
('PB1', '1 Adler Avenue', 'Bristol', 'B1	1AB', 'House', 1, '400.00', 'POB1', 'SB1', 'B004'),
('PB10', '8 Lestrade Street', 'Bristol', 'B5	4DB', 'Cottage', 2, '555.00', 'POB5', 'SB2', 'B010'),
('PB11', '11 Hudson Street', 'Bristol', 'B8	6HB', 'Flat', 3, '500.00', 'POB6', 'SB3', 'B016'),
('PB12', '12 Hudson Street', 'Bristol', 'B8	6HB', 'Flat', 3, '500.00', 'POB6', 'SB3', 'B016'),
('PB13', '5 Hooper Street', 'Bristol', 'B1	3CB', 'House', 1, '400.00', 'POB7', 'SB1', 'B004'),
('PB14', '6 Hooper Street', 'Bristol', 'B1	3CB', 'House', 1, '400.00', 'POB7', 'SB1', 'B004'),
('PB15', '7 Donovan Road', 'Bristol', 'B2	4DB', 'Flat', 2, '500.00', 'POB8', 'SB1', 'B004'),
('PB16', '8 Donovan Road', 'Bristol', 'B2	4DB', 'Flat', 2, '500.00', 'POB8', 'SB1', 'B004'),
('PB17', '9 Anderson Street', 'Bristol', 'B4	5EB', 'House', 3, '600.00', 'POB9', 'SB2', 'B010'),
('PB18', '10 Anderson Street', 'Bristol', 'B4	5EB', 'House', 3, '600.00', 'POB9', 'SB2', 'B010'),
('PB19', '11 Smith Street', 'Bristol', 'B5	6FB', 'Cottage', 2, '555.00', 'POB10', 'SB2', 'B010'),
('PB2', '2 Adler Avenue', 'Bristol', 'B1	1AB', 'House', 1, '400.00', 'POB1', 'SB1', 'B004'),
('PB20', '12 Smith Street', 'Bristol', 'B5	6FB', 'Cottage', 2, '555.00', 'POB10', 'SB2', 'B010'),
('PB21', '13 Hawkins Street', 'Bristol', 'B7	7IB', 'House', 2, '400.00', 'POB11', 'SB3', 'B016'),
('PB22', '14 Hawkins Street', 'Bristol', 'B7	7IB', 'House', 2, '400.00', 'POB11', 'SB3', 'B016'),
('PB23', '15 Small Street', 'Bristol', 'B8	8JB', 'Flat', 3, '500.00', 'POB12', 'SB3', 'B016'),
('PB24', '16 Small Street', 'Bristol', 'B8	8JB', 'Flat', 3, '500.00', 'POB12', 'SB3', 'B016'),
('PB25', '9 Morstan Road', 'Bristol', 'B3	5EB', 'Cottage', 2, '550.00', 'POB13', 'SB1', 'B004'),
('PB26', '10 Morstan Road', 'Bristol', 'B3	5EB', 'Cottage', 2, '550.00', 'POB13', 'SB1', 'B004'),
('PB27', '13 Augustus Road', 'Bristol', 'B6	7GB', 'Flat', 2, '485.00', 'POB14', 'SB2', 'B010'),
('PB28', '14 Augustus Road', 'Bristol', 'B6	7GB', 'Flat', 2, '485.00', 'POB14', 'SB2', 'B010'),
('PB29', '17 Magnussen Road', 'Bristol', 'B9	9KB', 'Cottage', 4, '700.00', 'POB15', 'SB3', 'B016'),
('PB3', '5 Holmes Street', 'Bristol', 'B4	3CB', 'House', 3, '600.00', 'POB2', 'SB2', 'B010'),
('PB30', '18 Magnussen Road', 'Bristol', 'B9	9KB', 'Cottage', 4, '700.00', 'POB15', 'SB3', 'B016'),
('PB4', '6 Holmes Street', 'Bristol', 'B4	3CB', 'House', 3, '600.00', 'POB2', 'SB2', 'B010'),
('PB5', '9 Watson Street', 'Bristol', 'B7	5GB', 'House', 2, '400.00', 'POB3', 'SB3', 'B016'),
('PB6', '10 Watson Street', 'Bristol', 'B7	5GB', 'House', 2, '400.00', 'POB3', 'SB3', 'B016'),
('PB7', '3 Moriaty Avenue', 'Bristol', 'B2	2BB', 'House', 2, '500.00', 'POB4', 'SB1', 'B004'),
('PB8', '4 Moriaty Avenue', 'Bristol', 'B2	2BB', 'House', 2, '500.00', 'POB4', 'SB1', 'B004'),
('PB9', '7 Lestrade Street', 'Bristol', 'B5	4DB', 'Cottage', 2, '555.00', 'POB5', 'SB2', 'B010'),
('PG1', '3 Croft Drive', 'Glasgow', 'G1 4EF', 'Flat', 3, '350.00', 'POG1', 'SG1', 'B003'),
('PG10', '9 Fairway Drive', 'Glasgow', 'G6 6HJ', 'Flat', 4, '450.00', 'POG5', 'SG5', 'B011'),
('PG11', '10 Rough Road', 'Glasgow', 'G8 6AJ', 'House', 3, '450.00', 'POG6', 'SG6', 'B017'),
('PG12', '11 Rough Road', 'Glasgow', 'G8 6AJ', 'House', 3, '450.00', 'POG6', 'SG6', 'B017'),
('PG13', '7 Loft Drive', 'Glasgow', 'G5 8EF', 'Flat', 3, '350.00', 'POG7', 'SG1', 'B003'),
('PG14', '8 Loft Drive', 'Glasgow', 'G5 8EF', 'Flat', 3, '350.00', 'POG7', 'SG1', 'B003'),
('PG15', '8 Ripper Grove', 'Glasgow', 'G1 9FG', 'Flat', 3, '375.00', 'POG8', 'SG2', 'B003'),
('PG16', '9 Ripper Grove', 'Glasgow', 'G1 9FG', 'Flat', 3, '375.00', 'POG8', 'SG2', 'B003'),
('PG17', '9 Hopping Grange', 'Glasgow', 'G2 1GH', 'House', 5, '600.00', 'POG9', 'SG3', 'B003'),
('PG18', '10 Hopping Grange', 'Glasgow', 'G2 1GH', 'House', 5, '600.00', 'POG9', 'SG3', 'B003'),
('PG19', '10 Stairway Hill', 'Glasgow', 'G3 2HJ', 'Flat', 4, '450.00', 'POG10', 'SG4', 'B003'),
('PG2', '4 Dipper Grove', 'Glasgow', 'G2 5FG', 'Flat', 3, '375.00', 'POG2', 'SG2', 'B003'),
('PG20', '11 Stairway Hill', 'Glasgow', 'G3 2HJ', 'Flat', 4, '450.00', 'POG10', 'SG4', 'B003'),
('PG21', '10 Stairway Drive', 'Glasgow', 'G7 7IJ', 'Flat', 4, '460.00', 'POG11', 'SG5', 'B011'),
('PG22', '11 Stairway Drive', 'Glasgow', 'G7 7IJ', 'Flat', 4, '460.00', 'POG11', 'SG5', 'B011'),
('PG23', '12 Clough Road', 'Glasgow', 'G9 7BJ', 'House', 3, '450.00', 'POG12', 'SG6', 'B017'),
('PG24', '13 Clough Road', 'Glasgow', 'G9 7BJ', 'House', 3, '450.00', 'POG12', 'SG6', 'B017'),
('PG25', '12 Green Drive', 'Glasgow', 'G6 8KJ', 'House', 4, '470.00', 'POG13', 'SG5', 'B011'),
('PG26', '13 Green Drive', 'Glasgow', 'G6 8KJ', 'House', 4, '470.00', 'POG13', 'SG5', 'B011'),
('PG27', '14 Sandpit Drive', 'Glasgow', 'G7 9LJ', 'Cottage', 2, '480.00', 'POG14', 'SG5', 'B011'),
('PG28', '15 sandpit Drive', 'Glasgow', 'G7 9LJ', 'Cottage', 2, '480.00', 'POG14', 'SG5', 'B011'),
('PG29', '14 Waterfall Road', 'Glasgow', 'G9 8CJ', 'Cottage', 3, '550.00', 'POG15', 'SG6', 'B017'),
('PG3', '5 Epping Grange', 'Glasgow', 'G3 6GH', 'House', 5, '600.00', 'POG3', 'SG3', 'B003'),
('PG30', '15 Waterfall Road', 'Glasgow', 'G9 8CJ', 'Cottage', 3, '550.00', 'POG15', 'SG6', 'B017'),
('PG4', '6 Fairway Hill', 'Glasgow', 'G4 7HJ', 'Flat', 4, '450.00', 'POG4', 'SG4', 'B003'),
('PG5', '4 Croft Drive', 'Glasgow', 'G1 4EF', 'Flat', 3, '350.00', 'POG1', 'SG1', 'B003'),
('PG6', '5 Dipper Grove', 'Glasgow', 'G2 5FG', 'Flat', 3, '375.00', 'POG2', 'SG2', 'B003'),
('PG7', '6 Epping Grange', 'Glasgow', 'G3 6GH', 'House', 5, '600.00', 'POG3', 'SG3', 'B003'),
('PG8', '7 Fairway Hill', 'Glasgow', 'G4 7HJ', 'Flat', 4, '450.00', 'POG4', 'SG4', 'B003'),
('PG9', '8 Fairway Drive', 'Glasgow', 'G6 6HJ', 'Flat', 4, '450.00', 'POG5', 'SG5', 'B011'),
('PH1', '7 Grouse Hall', 'Huddersfield', 'HD1 8JK', 'House', 3, '390.00', 'POH1', 'SH1', 'B002'),
('PH10', '4 Third Street', 'Huddersfield', 'HD8 4CB', 'Flat', 3, '450.00', 'POH5', 'SH5', 'B018'),
('PH11', '7 Robin Hall', 'Huddersfield', 'HD4 3JK', 'House', 2, '390.00', 'POH6', 'SH1', 'B002'),
('PH12', '8 Robin Hall', 'Huddersfield', 'HD4 3JK', 'House', 2, '390.00', 'POH6', 'SH1', 'B002'),
('PH13', '8 Wren Lane', 'Huddersfield', 'HD5 4KL', 'House', 3, '400.00', 'POH7', 'SH2', 'B002'),
('PH14', '9 Wren Lane', 'Huddersfield', 'HD5 4KL', 'House', 3, '400.00', 'POH7', 'SH2', 'B002'),
('PH15', '1 Pigeon Street', 'Huddersfield', 'HD1 5AB', 'House', 3, '450.00', 'POH8', 'SH3', 'B002'),
('PH16', '2 Pigeon Street', 'Huddersfield', 'HD1 5AB', 'House', 3, '450.00', 'POH8', 'SH3', 'B002'),
('PH17', '3 Forth Street', 'Huddersfield', 'HD7 6BB', 'House', 3, '450.00', 'POH9', 'SH4', 'B012'),
('PH18', '4 Forth Street', 'Huddersfield', 'HD7 6BB', 'House', 3, '450.00', 'POH9', 'SH4', 'B012'),
('PH19', '5 Fifth Street', 'Huddersfield', 'HD8 5DB', 'Flat', 3, '450.00', 'POH10', 'SH5', 'B018'),
('PH2', '8 Hornbill Lane', 'Huddersfield', 'HD2 9KL', 'House', 3, '400.00', 'POH2', 'SH2', 'B002'),
('PH20', '6 Fifth Street', 'Huddersfield', 'HD8 5DB', 'Flat', 3, '450.00', 'POH10', 'SH5', 'B018'),
('PH21', '7 Sparrow Hall', 'Huddersfield', 'HD2 3KJ', 'House', 2, '380.00', 'POH11', 'SH1', 'B002'),
('PH22', '8 Sparrow Hall', 'Huddersfield', 'HD2 3KJ', 'House', 2, '380.00', 'POH11', 'SH1', 'B002'),
('PH23', '8 Kingfisher Lane', 'Huddersfield', 'HD3 4LK', 'House', 3, '420.00', 'POH12', 'SH2', 'B002'),
('PH24', '9 Kingfisher Lane', 'Huddersfield', 'HD3 4LK', 'House', 3, '420.00', 'POH12', 'SH2', 'B002'),
('PH25', '1 Blackbird Street', 'Huddersfield', 'HD4 5MN', 'House', 3, '470.00', 'POH13', 'SH3', 'B002'),
('PH26', '2 Blackbird Street', 'Huddersfield', 'HD4 5MN', 'House', 3, '470.00', 'POH13', 'SH3', 'B002'),
('PH27', '5 Sixth Street', 'Huddersfield', 'HD7 6CB', 'House', 3, '450.00', 'POH14', 'SH4', 'B012'),
('PH28', '6 Sixth Street', 'Huddersfield', 'HD7 6CB', 'House', 3, '450.00', 'POH14', 'SH4', 'B012'),
('PH29', '7 Seventh Street', 'Huddersfield', 'HD9 5EB', 'Flat', 3, '450.00', 'POH15', 'SH5', 'B018'),
('PH3', '8 Grouse Hall', 'Huddersfield', 'HD1 8JK', 'House', 3, '390.00', 'POH1', 'SH1', 'B002'),
('PH30', '8 Seventh Street', 'Huddersfield', 'HD9 5EB', 'Flat', 3, '450.00', 'POH15', 'SH5', 'B018'),
('PH4', '9 Hornbill Lane', 'Huddersfield', 'HD2 9KL', 'House', 3, '400.00', 'POH2', 'SH2', 'B002'),
('PH5', '1 Avocet Street', 'Huddersfield', 'HD3 2AB', 'House', 3, '450.00', 'POH3', 'SH3', 'B002'),
('PH6', '2 Avocet Street', 'Huddersfield', 'HD3 2AB', 'House', 3, '450.00', 'POH3', 'SH3', 'B002'),
('PH7', '1 Second Street', 'Huddersfield', 'HD6 3AB', 'House', 3, '450.00', 'POH4', 'SH4', 'B012'),
('PH8', '2 Second Street', 'Huddersfield', 'HD6 3AB', 'House', 3, '450.00', 'POH4', 'SH4', 'B012'),
('PH9', '3 Third Street', 'Huddersfield', 'HD8 4CB', 'Flat', 3, '450.00', 'POH5', 'SH5', 'B018'),
('PL1', '12 Happy Street', 'London', 'SE1 2ES', 'House', 3, '750.00', 'POL2', 'SL2', 'B005'),
('PL10', '8 Joyful Street', 'London', 'NW2 4CS', 'Flat', 1, '550.00', 'POL6', 'SL6', 'B015'),
('PL11', '2 Beswick Crescent', 'London', 'SW2 1AA', 'Flat', 4, '800.00', 'POL1', 'SL1', 'B001'),
('PL12', '3 Beswick Crescent', 'London', 'SW2 1AA', 'Flat', 4, '800.00', 'POL1', 'SL1', 'B001'),
('PL13', '4 Leaf Lane', 'London', 'SW2 2AB', 'Cottage', 2, '600.00', 'POL7', 'SL1', 'B001'),
('PL14', '5 Leaf Lane', 'London', 'SW2 2AB', 'Cottage', 2, '600.00', 'POL7', 'SL1', 'B001'),
('PL15', '12 Jolly Road', 'London', 'SE2 2AS', 'House', 2, '550.00', 'POL8', 'SL2', 'B005'),
('PL16', '14 Jolly Road', 'London', 'SE2 2AS', 'House', 2, '550.00', 'POL8', 'SL2', 'B005'),
('PL17', '15 Cute Street', 'London', 'SE3 3BS', 'House', 3, '650.00', 'POL9', 'SL3', 'B005'),
('PL18', '26 Cute Street', 'London', 'SE3 3BS', 'House', 3, '650.00', 'POL9', 'SL3', 'B005'),
('PL19', '37 Pretty Avenue', 'London', 'SE4 4CS', 'House', 4, '750.00', 'POL10', 'SL4', 'B005'),
('PL2', '14 Happy Street', 'London', 'SE1 2ES', 'House', 3, '750.00', 'POL2', 'SL2', 'B005'),
('PL20', '48 Prety Avenue', 'London', 'SE4 4CS', 'House', 4, '750.00', 'POL10', 'SL4', 'B005'),
('PL21', '7 Nice Street', 'London', 'NE2 5CS', 'House', 3, '775.00', 'POL11', 'SL5', 'B009'),
('PL22', '8 Nice Street', 'London', 'NE2 5CS', 'House', 3, '775.00', 'POL11', 'SL5', 'B009'),
('PL23', '9 Dead Street', 'London', 'NW3 5DS', 'Cottage', 2, '650.00', 'POL12', 'SL6', 'B015'),
('PL24', '10 Dead Street', 'London', 'NW3 5DS', 'Cottage', 2, '650.00', 'POL12', 'SL6', 'B015'),
('PL25', '6 York Crescent', 'London', 'SW2 3AC', 'Flat', 4, '800.00', 'POL13', 'SL1', 'B001'),
('PL26', '7 York Crescent', 'London', 'SW2 3AC', 'Flat', 4, '800.00', 'POL13', 'SL1', 'B001'),
('PL27', '8 Lancaster Lane', 'London', 'SW2 4AD', 'Cottage', 2, '600.00', 'POL14', 'SL1', 'B001'),
('PL28', '9 Lancaster Lane', 'London', 'SW2 4AD', 'Cottage', 2, '600.00', 'POL14', 'SL1', 'B001'),
('PL29', '12 Chester Road', 'London', 'SE5 2DS', 'House', 2, '550.00', 'POL15', 'SL2', 'B005'),
('PL3', '1 Sad Street', 'London', 'SE1 3AS', 'House', 3, '750.00', 'POL3', 'SL3', 'B005'),
('PL30', '14 Chester Road', 'London', 'SE5 2DS', 'House', 2, '550.00', 'POL15', 'SL2', 'B005'),
('PL31', '15 Derby Street', 'London', 'SE6 3ES', 'House', 3, '650.00', 'POL16', 'SL3', 'B005'),
('PL32', '26 Derby Street', 'London', 'SE6 3ES', 'House', 3, '650.00', 'POL16', 'SL3', 'B005'),
('PL33', '37 Stafford Avenue', 'London', 'SE7 4FS', 'House', 4, '750.00', 'POL17', 'SL4', 'B005'),
('PL34', '48 Stafford Avenue', 'London', 'SE7 4FS', 'House', 4, '750.00', 'POL17', 'SL4', 'B005'),
('PL35', '9 Buxton Street', 'London', 'NE3 6DS', 'House', 2, '650.00', 'POL18', 'SL5', 'B009'),
('PL36', '10 Buxton Street', 'London', 'NE3 6DS', 'House', 2, '650.00', 'POL18', 'SL5', 'B009'),
('PL37', '11 Glossop Street', 'London', 'NE4 7ES', 'House', 3, '775.00', 'POL19', 'SL5', 'B009'),
('PL38', '12 Glossop Street', 'London', 'NE4 7ES', 'House', 3, '775.00', 'POL19', 'SL5', 'B009'),
('PL39', '11 Alive Street', 'London', 'NW4 6ES', 'Cottage', 2, '650.00', 'POL20', 'SL6', 'B015'),
('PL4', '2 Sad Street', 'London', 'SE1 3AS', 'House', 3, '750.00', 'POL3', 'SL3', 'B005'),
('PL40', '12 Alive Street', 'London', 'NW4 6ES', 'Cottage', 2, '650.00', 'POL20', 'SL6', 'B015'),
('PL5', '3 Misery Street', 'London', 'SE1 4BS', 'House', 3, '750.00', 'POL4', 'SL4', 'B005'),
('PL6', '4 Misery Street', 'London', 'SE1 4BS', 'House', 3, '750.00', 'POL4', 'SL4', 'B005'),
('PL7', '5 Lively Street', 'London', 'NE1 4BS', 'House', 2, '650.00', 'POL5', 'SL5', 'B009'),
('PL8', '6 Lively Street', 'London', 'NE1 4BS', 'House', 2, '650.00', 'POL5', 'SL5', 'B009'),
('PL9', '7 Joyful Street', 'London', 'NW2 4CS', 'Flat', 1, '550.00', 'POL6', 'SL6', 'B015'),
('PM1', '9 Ipstone Lodge', 'Manchester', 'M1 0LM', 'House', 4, '480.00', 'POM1', 'SM1', 'B006'),
('PM10', '15 Badger Road', 'Manchester', 'M5 3AM', 'House', 3, '470.00', 'POM5', 'SM5', 'B008'),
('PM11', '16 Bunny Road', 'Manchester', 'M6 3AM', 'House', 3, '480.00', 'POM6', 'SM6', 'B014'),
('PM12', '17 Bunny Road', 'Manchester', 'M6 3AM', 'House', 3, '480.00', 'POM6', 'SM6', 'B014'),
('PM13', '18 Hare Drive', 'Manchester', 'M8 5CM', 'Flat', 3, '480.00', 'POM7', 'SM7', 'B020'),
('PM14', '19 Hare Drive', 'Manchester', 'M8 5CM', 'Flat', 3, '480.00', 'POM7', 'SM7', 'B020'),
('PM15', '15 Stone Lodge', 'Manchester', 'M1 3OM', 'House', 4, '480.00', 'POM8', 'SM1', 'B006'),
('PM16', '16 Stone Lodge', 'Manchester', 'M1 3OM', 'House', 4, '480.00', 'POM8', 'SM1', 'B006'),
('PM17', '17 Concept Hall', 'Manchester', 'M2 4PN', 'House', 5, '570.00', 'POM9', 'SM2', 'B006'),
('PM18', '18 Concept Hall', 'Manchester', 'M2 4PN', 'House', 5, '570.00', 'POM9', 'SM2', 'B006'),
('PM19', '19 Paradigm Road', 'Manchester', 'M3 5QM', 'House', 3, '470.00', 'POM10', 'SM3', 'B006'),
('PM2', '11 Jay Hall', 'Manchester', 'M2 1MN', 'Flat', 5, '570.00', 'POM2', 'SM2', 'B006'),
('PM20', '20 Paradigm Road', 'Manchester', 'M3 5QM', 'House', 3, '470.00', 'POM10', 'SM3', 'B006'),
('PM21', '17 Deer Hall', 'Manchester', 'M4 4BN', 'House', 5, '570.00', 'POM11', 'SM4', 'B008'),
('PM22', '18 Deer Hall', 'Manchester', 'M4 4BN', 'House', 5, '570.00', 'POM11', 'SM4', 'B008'),
('PM23', '19 Stag Street', 'Manchester', 'M5 5CM', 'Cottage', 3, '670.00', 'POM12', 'SM5', 'B008'),
('PM24', '20 Stag Street', 'Manchester', 'M5 5CM', 'Cottage', 3, '670.00', 'POM12', 'SM5', 'B008'),
('PM25', '18 Fawn Road', 'Manchester', 'M7 4BM', 'Cottage', 3, '580.00', 'POM13', 'SM6', 'B014'),
('PM26', '19 Fawn Road', 'Manchester', 'M7 4BM', 'Cottage', 3, '580.00', 'POM13', 'SM6', 'B014'),
('PM27', '20 Stoat Street', 'Manchester', 'M9 6DM', 'House', 3, '480.00', 'POM14', 'SM7', 'B020'),
('PM28', '21 Stoat Street', 'Manchester', 'M9 6DM', 'House', 3, '480.00', 'POM14', 'SM7', 'B020'),
('PM29', '21 Wolf Street', 'Manchester', 'M5 6DM', 'Cottage', 3, '670.00', 'POM15', 'SM5', 'B008'),
('PM3', '10 Ipstone Lodge', 'Manchester', 'M1 0LM', 'House', 4, '480.00', 'POM1', 'SM1', 'B006'),
('PM30', '22 Wolf Street', 'Manchester', 'M5 6DM', 'Cottage', 3, '670.00', 'POM15', 'SM5', 'B008'),
('PM31', '20 Weasle Street', 'Manchester', 'M7 5CM', 'Flat', 2, '520.00', 'POM16', 'SM6', 'B014'),
('PM32', '21 Weasle Street', 'Manchester', 'M7 5CM', 'Flat', 2, '520.00', 'POM16', 'SM6', 'B014'),
('PM33', '22 Red Deer Road', 'Manchester', 'M9 7EM', 'Cottage', 3, '600.00', 'POM17', 'SM7', 'B020'),
('PM34', '23 Red Deer Road', 'Manchester', 'M9 7EM', 'Cottage', 3, '600.00', 'POM17', 'SM7', 'B020'),
('PM35', '21 Polecat Lodge', 'Manchester', 'M1 6RM', 'House', 4, '480.00', 'POM18', 'SM1', 'B006'),
('PM36', '22 Polecat Lodge', 'Manchester', 'M1 6RM', 'House', 4, '480.00', 'POM18', 'SM1', 'B006'),
('PM37', '23 Hedgehog Hall', 'Manchester', 'M2 7SN', 'Flat', 5, '570.00', 'POM19', 'SM2', 'B006'),
('PM38', '24 Hedgehog Hall', 'Manchester', 'M2 7SN', 'Flat', 5, '570.00', 'POM19', 'SM2', 'B006'),
('PM39', '25 Mole Road', 'Manchester', 'M3 8TM', 'Cottage', 3, '670.00', 'POM20', 'SM3', 'B006'),
('PM4', '12 Jay Hall', 'Manchester', 'M2 1MN', 'Flat', 5, '570.00', 'POM2', 'SM2', 'B006'),
('PM40', '26 Mole Road', 'Manchester', 'M3 8TM', 'Cottage', 3, '670.00', 'POM20', 'SM3', 'B006'),
('PM5', '13 Rabbit Road', 'Manchester', 'M3 2NM', 'Cottage', 3, '670.00', 'POM3', 'SM3', 'B006'),
('PM6', '14 Rabbit Road', 'Manchester', 'M3 2NM', 'Cottage', 3, '670.00', 'POM3', 'SM3', 'B006'),
('PM7', '12 Fox Hall', 'Manchester', 'M4 2MN', 'Flat', 4, '570.00', 'POM4', 'SM4', 'B008'),
('PM8', '13 Fox Hall', 'Manchester', 'M4 2MN', 'Flat', 4, '570.00', 'POM4', 'SM4', 'B008'),
('PM9', '14 Badger Road', 'Manchester', 'M5 3AM', 'House', 3, '470.00', 'POM5', 'SM5', 'B008');

-- --------------------------------------------------------

--
-- Table structure for table `ea_Registration`
--

CREATE TABLE `ea_Registration` (
  `clientNo` varchar(5) NOT NULL,
  `branchNo` varchar(5) NOT NULL,
  `staffNo` varchar(5) NOT NULL,
  `dateJoined` date NOT NULL
) ENGINE=InnoDB DEFAULT CHARSET=utf8mb3;

--
-- Dumping data for table `ea_Registration`
--

INSERT INTO `ea_Registration` (`clientNo`, `branchNo`, `staffNo`, `dateJoined`) VALUES
('CR01', 'B001', 'SL1', '2019-04-01'),
('CR02', 'B001', 'SL1', '2019-04-02'),
('CR03', 'B001', 'SL1', '2019-04-03'),
('CR04', 'B001', 'SL1', '2019-04-04'),
('CR05', 'B001', 'SL1', '2019-04-05'),
('CR06', 'B001', 'SL1', '2019-04-06'),
('CR07', 'B001', 'SL1', '2019-04-07'),
('CR08', 'B001', 'SL1', '2019-04-08'),
('CR09', 'B001', 'SL1', '2019-04-09'),
('CR10', 'B001', 'SL1', '2019-04-10'),
('CR11', 'B002', 'SH1', '2019-04-11'),
('CR12', 'B002', 'SH2', '2019-04-12'),
('CR13', 'B002', 'SH3', '2019-04-13'),
('CR14', 'B002', 'SH1', '2019-04-14'),
('CR15', 'B002', 'SH2', '2019-04-15'),
('CR16', 'B002', 'SH3', '2019-04-16'),
('CR17', 'B002', 'SH1', '2019-04-17'),
('CR18', 'B002', 'SH2', '2019-04-18'),
('CR19', 'B002', 'SH3', '2019-04-19'),
('CR20', 'B002', 'SH1', '2019-04-20'),
('CR21', 'B002', 'SH2', '2019-04-21'),
('CR22', 'B002', 'SH3', '2019-04-22'),
('CR23', 'B002', 'SH1', '2019-04-23'),
('CR24', 'B002', 'SH2', '2019-04-24'),
('CR25', 'B002', 'SH3', '2019-04-25'),
('CR26', 'B002', 'SH1', '2019-04-26'),
('CR27', 'B002', 'SH2', '2019-04-27'),
('CR28', 'B002', 'SH3', '2019-04-28'),
('CR29', 'B002', 'SH1', '2019-04-29'),
('CR30', 'B002', 'SH2', '2019-04-30'),
('CR31', 'B003', 'SG1', '2019-05-01'),
('CR32', 'B003', 'SG2', '2019-05-02'),
('CR33', 'B003', 'SG3', '2019-05-03'),
('CR34', 'B003', 'SG4', '2019-05-04'),
('CR35', 'B003', 'SG1', '2019-05-05'),
('CR36', 'B003', 'SG2', '2019-05-06'),
('CR37', 'B003', 'SG3', '2019-05-07'),
('CR38', 'B003', 'SG4', '2019-05-08'),
('CR39', 'B003', 'SG1', '2019-05-09'),
('CR40', 'B003', 'SG2', '2019-05-10'),
('CR41', 'B003', 'SG3', '2019-05-11'),
('CR42', 'B003', 'SG4', '2019-05-12'),
('CR43', 'B003', 'SG1', '2019-05-13'),
('CR44', 'B003', 'SG2', '2019-05-14'),
('CR45', 'B003', 'SG3', '2019-05-15'),
('CR46', 'B003', 'SG4', '2019-05-16'),
('CR47', 'B003', 'SG1', '2019-05-17'),
('CR48', 'B003', 'SG2', '2019-05-18'),
('CR49', 'B003', 'SG3', '2019-05-19'),
('CR50', 'B003', 'SG4', '2019-05-20'),
('CR51', 'B004', 'SB1', '2019-05-21'),
('CR52', 'B004', 'SB1', '2019-05-22'),
('CR53', 'B004', 'SB1', '2019-05-23'),
('CR54', 'B004', 'SB1', '2019-05-24'),
('CR55', 'B004', 'SB1', '2019-05-25'),
('CR56', 'B004', 'SB1', '2019-05-26'),
('CR57', 'B004', 'SB1', '2019-05-27'),
('CR58', 'B004', 'SB1', '2019-05-28'),
('CR59', 'B004', 'SB1', '2019-05-29'),
('CR60', 'B004', 'SB1', '2019-05-30'),
('CR61', 'B005', 'SL2', '2019-05-31'),
('CR62', 'B005', 'SL3', '2019-06-01'),
('CR63', 'B005', 'SL4', '2019-06-02'),
('CR64', 'B005', 'SL2', '2019-06-03'),
('CR65', 'B005', 'SL3', '2019-06-04'),
('CR66', 'B005', 'SL4', '2019-06-05'),
('CR67', 'B005', 'SL2', '2019-06-06'),
('CR68', 'B005', 'SL3', '2019-06-07'),
('CR69', 'B005', 'SL4', '2019-06-08'),
('CR70', 'B005', 'SL2', '2019-06-09'),
('CR71', 'B005', 'SL3', '2019-06-10'),
('CR72', 'B005', 'SL4', '2019-06-11'),
('CR73', 'B005', 'SL2', '2019-06-12'),
('CR74', 'B005', 'SL3', '2019-06-13'),
('CR75', 'B005', 'SL4', '2019-06-14'),
('CR76', 'B005', 'SL2', '2019-06-15'),
('CR77', 'B005', 'SL3', '2019-06-16'),
('CR78', 'B005', 'SL4', '2019-06-17'),
('CR79', 'B005', 'SL2', '2019-06-18'),
('CR80', 'B005', 'SL3', '2019-06-19'),
('CR81', 'B006', 'SM2', '2019-06-20'),
('CR82', 'B006', 'SM3', '2019-06-21'),
('CR83', 'B006', 'SM1', '2019-06-22'),
('CR84', 'B006', 'SM2', '2019-06-23'),
('CR85', 'B006', 'SM3', '2019-06-24'),
('CR86', 'B006', 'SM1', '2019-06-25'),
('CR87', 'B006', 'SM2', '2019-06-26'),
('CR88', 'B006', 'SM3', '2019-06-27'),
('CR89', 'B006', 'SM1', '2019-06-28'),
('CR90', 'B006', 'SM2', '2019-06-29'),
('CR91', 'B006', 'SM3', '2019-06-30'),
('CR92', 'B006', 'SM1', '2019-07-01'),
('CR93', 'B006', 'SM2', '2019-07-02'),
('CR94', 'B006', 'SM3', '2019-07-03'),
('CR95', 'B006', 'SM1', '2019-07-04'),
('CR96', 'B006', 'SM2', '2019-07-05'),
('CR97', 'B006', 'SM3', '2019-07-06'),
('CR98', 'B006', 'SM1', '2019-07-07'),
('CR99', 'B006', 'SM2', '2019-07-08'),
('CR100', 'B006', 'SM3', '2019-07-09'),
('CR101', 'B007', 'SA2', '2019-07-10'),
('CR102', 'B007', 'SA1', '2019-07-11'),
('CR103', 'B007', 'SA1', '2019-07-12'),
('CR104', 'B007', 'SA2', '2019-07-13'),
('CR105', 'B007', 'SA2', '2019-07-14'),
('CR106', 'B007', 'SA1', '2019-07-15'),
('CR107', 'B007', 'SA2', '2019-07-16'),
('CR108', 'B007', 'SA1', '2019-07-17'),
('CR109', 'B007', 'SA1', '2019-07-18'),
('CR110', 'B007', 'SA2', '2019-07-19'),
('CR111', 'B007', 'SA2', '2019-07-20'),
('CR112', 'B007', 'SA1', '2019-07-21'),
('CR113', 'B007', 'SA2', '2019-07-22'),
('CR114', 'B007', 'SA1', '2019-07-23'),
('CR115', 'B007', 'SA1', '2019-07-24'),
('CR116', 'B008', 'SM4', '2019-07-25'),
('CR117', 'B008', 'SM5', '2019-07-26'),
('CR118', 'B008', 'SM4', '2019-07-27'),
('CR119', 'B008', 'SM5', '2019-07-28'),
('CR120', 'B008', 'SM4', '2019-07-29'),
('CR121', 'B008', 'SM5', '2019-07-30'),
('CR122', 'B008', 'SM4', '2019-07-31'),
('CR123', 'B008', 'SM5', '2019-08-01'),
('CR124', 'B008', 'SM4', '2019-08-02'),
('CR125', 'B008', 'SM5', '2019-08-03'),
('CR126', 'B009', 'SL5', '2019-08-04'),
('CR127', 'B009', 'SL5', '2019-08-05'),
('CR128', 'B009', 'SL5', '2019-08-06'),
('CR129', 'B009', 'SL5', '2019-08-07'),
('CR130', 'B009', 'SL5', '2019-08-08'),
('CR131', 'B009', 'SL5', '2019-08-09'),
('CR132', 'B009', 'SL5', '2019-08-10'),
('CR133', 'B009', 'SL5', '2019-08-11'),
('CR134', 'B009', 'SL5', '2019-08-12'),
('CR135', 'B009', 'SL5', '2019-08-13'),
('CR136', 'B010', 'SB2', '2019-08-14'),
('CR137', 'B010', 'SB2', '2019-08-15'),
('CR138', 'B010', 'SB2', '2019-08-16'),
('CR139', 'B010', 'SB2', '2019-08-17'),
('CR140', 'B010', 'SB2', '2019-08-18'),
('CR141', 'B010', 'SB2', '2019-08-19'),
('CR142', 'B010', 'SB2', '2019-08-20'),
('CR143', 'B010', 'SB2', '2019-08-21'),
('CR144', 'B010', 'SB2', '2019-08-22'),
('CR145', 'B010', 'SB2', '2019-08-23'),
('CR146', 'B011', 'SG5', '2019-08-24'),
('CR147', 'B011', 'SG5', '2019-08-25'),
('CR148', 'B011', 'SG5', '2019-08-26'),
('CR149', 'B011', 'SG5', '2019-08-27'),
('CR150', 'B011', 'SG5', '2019-08-28'),
('CR151', 'B011', 'SG5', '2019-08-29'),
('CR152', 'B011', 'SG5', '2019-08-30'),
('CR153', 'B011', 'SG5', '2019-08-31'),
('CR154', 'B011', 'SG5', '2019-09-01'),
('CR155', 'B011', 'SG5', '2019-09-02'),
('CR156', 'B012', 'SH4', '2019-09-03'),
('CR157', 'B012', 'SH4', '2019-09-04'),
('CR158', 'B012', 'SH4', '2019-09-05'),
('CR159', 'B012', 'SH4', '2019-09-06'),
('CR160', 'B012', 'SH4', '2019-09-07'),
('CR161', 'B012', 'SH4', '2019-09-08'),
('CR162', 'B012', 'SH4', '2019-09-09'),
('CR163', 'B012', 'SH4', '2019-09-10'),
('CR164', 'B012', 'SH4', '2019-09-11'),
('CR165', 'B012', 'SH4', '2019-09-12'),
('CR166', 'B013', 'SA3', '2019-09-13'),
('CR167', 'B013', 'SA3', '2019-09-14'),
('CR168', 'B013', 'SA3', '2019-09-15'),
('CR169', 'B013', 'SA3', '2019-09-16'),
('CR170', 'B013', 'SA3', '2019-09-17'),
('CR171', 'B013', 'SA3', '2019-09-18'),
('CR172', 'B013', 'SA3', '2019-09-19'),
('CR173', 'B013', 'SA3', '2019-09-20'),
('CR174', 'B013', 'SA3', '2019-09-21'),
('CR175', 'B013', 'SA3', '2019-09-22'),
('CR176', 'B014', 'SM6', '2019-09-23'),
('CR177', 'B014', 'SM6', '2019-09-24'),
('CR178', 'B014', 'SM6', '2019-09-25'),
('CR179', 'B014', 'SM6', '2019-09-26'),
('CR180', 'B014', 'SM6', '2019-09-27'),
('CR181', 'B014', 'SM6', '2019-09-28'),
('CR182', 'B014', 'SM6', '2019-09-29'),
('CR183', 'B014', 'SM6', '2019-09-30'),
('CR184', 'B014', 'SM6', '2019-10-01'),
('CR185', 'B014', 'SM6', '2019-10-02'),
('CR186', 'B015', 'SL6', '2019-10-03'),
('CR187', 'B015', 'SL6', '2019-10-04'),
('CR188', 'B015', 'SL6', '2019-10-05'),
('CR189', 'B015', 'SL6', '2019-10-06'),
('CR190', 'B015', 'SL6', '2019-10-07'),
('CR191', 'B015', 'SL6', '2019-10-08'),
('CR192', 'B015', 'SL6', '2019-10-09'),
('CR193', 'B015', 'SL6', '2019-10-10'),
('CR194', 'B015', 'SL6', '2019-10-11'),
('CR195', 'B015', 'SL6', '2019-10-12'),
('CR196', 'B016', 'SB3', '2019-10-13'),
('CR197', 'B016', 'SB3', '2019-10-14'),
('CR198', 'B016', 'SB3', '2019-10-15'),
('CR199', 'B016', 'SB3', '2019-10-16'),
('CR200', 'B016', 'SB3', '2019-10-17'),
('CR201', 'B016', 'SB3', '2019-10-18'),
('CR202', 'B016', 'SB3', '2019-10-19'),
('CR203', 'B016', 'SB3', '2019-10-20'),
('CR204', 'B016', 'SB3', '2019-10-21'),
('CR205', 'B016', 'SB3', '2019-10-22'),
('CR206', 'B017', 'SG6', '2019-10-23'),
('CR207', 'B017', 'SG6', '2019-10-24'),
('CR208', 'B017', 'SG6', '2019-10-25'),
('CR209', 'B017', 'SG6', '2019-10-26'),
('CR210', 'B017', 'SG6', '2019-10-27'),
('CR211', 'B017', 'SG6', '2019-10-28'),
('CR212', 'B017', 'SG6', '2019-10-29'),
('CR213', 'B017', 'SG6', '2019-10-30'),
('CR214', 'B017', 'SG6', '2019-10-31'),
('CR215', 'B017', 'SG6', '2019-11-01'),
('CR216', 'B018', 'SH5', '2019-11-03'),
('CR217', 'B018', 'SH5', '2019-11-04'),
('CR218', 'B018', 'SH5', '2019-11-05'),
('CR219', 'B018', 'SH5', '2019-11-06'),
('CR220', 'B018', 'SH5', '2019-11-07'),
('CR221', 'B018', 'SH5', '2019-11-08'),
('CR222', 'B018', 'SH5', '2019-11-09'),
('CR223', 'B018', 'SH5', '2019-11-10'),
('CR224', 'B018', 'SH5', '2019-11-11'),
('CR225', 'B018', 'SH5', '2019-11-12'),
('CR226', 'B019', 'SA4', '2019-11-13'),
('CR227', 'B019', 'SA4', '2019-11-14'),
('CR228', 'B019', 'SA4', '2019-11-15'),
('CR229', 'B019', 'SA4', '2019-11-16'),
('CR230', 'B019', 'SA4', '2019-11-17'),
('CR231', 'B019', 'SA4', '2019-11-18'),
('CR232', 'B019', 'SA4', '2019-11-19'),
('CR233', 'B019', 'SA4', '2019-11-20'),
('CR234', 'B019', 'SA4', '2019-11-21'),
('CR235', 'B019', 'SA4', '2019-11-22'),
('CR236', 'B020', 'SM7', '2019-11-23'),
('CR237', 'B020', 'SM7', '2019-11-24'),
('CR238', 'B020', 'SM7', '2019-11-25'),
('CR239', 'B020', 'SM7', '2019-11-26'),
('CR240', 'B020', 'SM7', '2019-11-27'),
('CR241', 'B020', 'SM7', '2019-11-28'),
('CR242', 'B020', 'SM7', '2019-11-29'),
('CR243', 'B020', 'SM7', '2019-11-30'),
('CR244', 'B020', 'SM7', '2019-12-01'),
('CR245', 'B020', 'SM7', '2019-12-02');

-- --------------------------------------------------------

--
-- Table structure for table `ea_Staff`
--

CREATE TABLE `ea_Staff` (
  `staffNo` varchar(5) NOT NULL,
  `fname` varchar(20) NOT NULL,
  `lname` varchar(20) NOT NULL,
  `position` varchar(20) NOT NULL,
  `sex` enum('F','M') NOT NULL,
  `dob` date NOT NULL,
  `salary` decimal(7,2) NOT NULL,
  `branchNo` varchar(5) NOT NULL
) ENGINE=InnoDB DEFAULT CHARSET=utf8mb3;

--
-- Dumping data for table `ea_Staff`
--

INSERT INTO `ea_Staff` (`staffNo`, `fname`, `lname`, `position`, `sex`, `dob`, `salary`, `branchNo`) VALUES
('SL1', 'John', 'BLACK', 'Manager', 'M', '1955-10-01', '50000.00', 'B001'),
('SH1', 'Hanni', 'GUPTAR', 'Manager', 'F', '1965-06-13', '48000.00', 'B002'),
('SH2', 'Ishmail', 'HOWE', 'Assistant', 'M', '1990-07-24', '24000.00', 'B002'),
('SH3', 'Anne', 'BLUE', 'Assistant', 'F', '1960-11-10', '24000.00', 'B002'),
('SG1', 'Frances', 'EARLY', 'Manager', 'M', '1960-06-03', '50000.00', 'B003'),
('SG2', 'Diamuid', 'CUSAAK', 'Supervisor', 'F', '1958-11-24', '35000.00', 'B003'),
('SG3', 'Anne', 'BUCKNER', 'Assistant', 'F', '1960-11-10', '24000.00', 'B003'),
('SG4', 'Diamuid', 'REDMAN', 'Assistant', 'F', '1958-11-24', '24000.00', 'B003'),
('SB1', 'Emma', 'DODDERY', 'Manager', 'F', '1970-02-19', '40000.00', 'B004'),
('SL2', 'John', 'WHITE', 'Manager', 'M', '1965-10-01', '50000.00', 'B005'),
('SL3', 'Gupal', 'FAZOOK', 'Assistant', 'M', '1965-02-19', '24000.00', 'B005'),
('SL4', 'Frances', 'LATE', 'Assistant', 'M', '1970-06-03', '25000.00', 'B005'),
('SM1', 'Jenny', 'INNIS', 'Manager', 'F', '1980-09-11', '48000.00', 'B006'),
('SM2', 'Keith', 'JACKMAN', 'Assistant', 'M', '1981-12-24', '25000.00', 'B006'),
('SM3', 'Gupal', 'FAROOK', 'Assistant', 'M', '1965-02-19', '25000.00', 'B006'),
('SA1', 'Hanna', 'GUPPY', 'Manager', 'F', '1965-06-13', '36000.00', 'B007'),
('SA2', 'Emma', 'DODD', 'Assistant', 'F', '1970-02-19', '26000.00', 'B007'),
('SM4', 'Simon', 'COWEL', 'Manager', 'M', '1975-06-13', '36000.00', 'B008'),
('SM5', 'Lewis', 'WALSH', 'Assistant', 'M', '1960-02-19', '27000.00', 'B008'),
('SL5', 'Jenny', 'INNISOUT', 'Manager', 'F', '1980-09-11', '48000.00', 'B009'),
('SB2', 'Keith', 'JACKASS', 'Manager', 'M', '1981-12-24', '40000.00', 'B010'),
('SG5', 'John', 'PINK', 'Manager', 'M', '1975-10-01', '40000.00', 'B011'),
('SH4', 'Mandy', 'BUCKNER', 'Manager', 'F', '1960-11-10', '40000.00', 'B012'),
('SA3', 'Helen', 'COSAAK', 'Manager', 'F', '1958-11-24', '40000.00', 'B013'),
('SM6', 'Jenna', 'HODD', 'Manager', 'F', '1970-02-19', '40000.00', 'B014'),
('SL6', 'Frank', 'FIELD', 'Manager', 'M', '1970-06-03', '48000.00', 'B015'),
('SB3', 'Donald', 'TRUMP', 'Manager', 'M', '1965-02-19', '40000.00', 'B016'),
('SG6', 'Hillary', 'CLINTON', 'Manager', 'F', '1965-06-13', '40000.00', 'B017'),
('SH5', 'Aneta', 'DICKSON', 'Manager', 'F', '1990-07-24', '40000.00', 'B018'),
('SA4', 'Georgi', 'ZUKOW', 'Manager', 'M', '1980-09-11', '40000.00', 'B019'),
('SM7', 'Jakub', 'SANCTIS', 'Manager', 'M', '1981-12-24', '40000.00', 'B020');

-- --------------------------------------------------------

--
-- Table structure for table `ea_Viewing`
--

CREATE TABLE `ea_Viewing` (
  `clientNo` varchar(5) NOT NULL,
  `propertyNo` varchar(5) NOT NULL,
  `viewDate` date NOT NULL,
  `comment` varchar(50) DEFAULT NULL
) ENGINE=InnoDB DEFAULT CHARSET=utf8mb3;

--
-- Dumping data for table `ea_Viewing`
--

INSERT INTO `ea_Viewing` (`clientNo`, `propertyNo`, `viewDate`, `comment`) VALUES
('CR01', 'PL1', '2019-05-24', 'too small'),
('CR02', 'PL1', '2019-05-24', 'too remote'),
('CR02', 'PL2', '2019-04-23', NULL),
('CR03', 'PL1', '2019-05-01', 'No dining room'),
('CR03', 'PL2', '2019-04-30', NULL),
('CR03', 'PL3', '2019-04-29', 'No bath'),
('CR04', 'PL1', '2019-04-18', 'too big'),
('CR04', 'PL2', '2019-05-01', 'No dining room'),
('CR04', 'PL3', '2019-04-30', NULL),
('CR04', 'PL4', '2019-04-29', 'No Shower'),
('CR05', 'PL5', '2019-05-24', 'too small'),
('CR06', 'PL5', '2019-05-24', 'too remote'),
('CR06', 'PL6', '2019-04-23', NULL),
('CR07', 'PL5', '2019-05-01', 'No dining room'),
('CR07', 'PL6', '2019-04-30', NULL),
('CR07', 'PL7', '2019-04-29', 'No bath'),
('CR08', 'PL5', '2019-04-18', 'too big'),
('CR08', 'PL6', '2019-05-01', 'No dining room'),
('CR08', 'PL7', '2019-04-30', NULL),
('CR08', 'PL8', '2019-04-29', 'No Shower'),
('CR09', 'PL9', '2019-05-24', 'too small'),
('CR10', 'PL9', '2019-05-24', 'too remote'),
('CR10', 'PL10', '2019-04-23', NULL),
('CR11', 'PL11', '2019-05-01', 'Living room too small'),
('CR12', 'PL11', '2019-04-30', NULL),
('CR12', 'PL12', '2019-04-29', 'No bath'),
('CR12', 'PL13', '2019-04-18', 'too big'),
('CR13', 'PL13', '2019-05-01', 'No private parking'),
('CR14', 'PL13', '2019-04-30', NULL),
('CR15', 'PL14', '2019-04-29', 'No Shower'),
('CR15', 'PL15', '2019-05-24', 'too small'),
('CR16', 'PL15', '2019-05-24', 'too remote'),
('CR16', 'PL16', '2019-04-23', NULL),
('CR17', 'PL16', '2019-05-01', 'No dining room'),
('CR17', 'PL17', '2019-04-30', NULL),
('CR18', 'PL17', '2019-04-29', 'No bath'),
('CR18', 'PL18', '2019-04-18', 'too big'),
('CR19', 'PL18', '2019-05-01', 'Kitchen too small'),
('CR19', 'PL19', '2019-04-30', NULL),
('CR19', 'PL20', '2019-04-29', 'No Shower'),
('CR21', 'PL21', '2019-05-24', 'too small'),
('CR22', 'PL21', '2019-05-24', 'too remote'),
('CR22', 'PL22', '2019-04-23', NULL),
('CR23', 'PL21', '2019-05-01', 'No dining room'),
('CR23', 'PL22', '2019-04-30', NULL),
('CR23', 'PL23', '2019-04-29', 'No bath'),
('CR24', 'PL21', '2019-04-18', 'too big'),
('CR24', 'PL22', '2019-05-01', 'No dining room'),
('CR24', 'PL23', '2019-04-30', NULL),
('CR24', 'PL24', '2019-04-29', 'No Shower'),
('CR25', 'PL25', '2019-05-24', 'too small'),
('CR26', 'PL25', '2019-05-24', 'too remote'),
('CR26', 'PL26', '2019-04-23', NULL),
('CR27', 'PL25', '2019-05-01', 'No dining room'),
('CR27', 'PL26', '2019-04-30', NULL),
('CR27', 'PL27', '2019-04-29', 'No bath'),
('CR28', 'PL25', '2019-04-18', 'too big'),
('CR28', 'PL26', '2019-05-01', 'No dining room'),
('CR28', 'PL27', '2019-04-30', NULL),
('CR28', 'PL28', '2019-04-29', 'No Shower'),
('CR29', 'PL29', '2019-05-24', 'too small'),
('CR30', 'PL29', '2019-05-24', 'too remote'),
('CR30', 'PL30', '2019-04-23', NULL),
('CR31', 'PL31', '2019-05-01', 'Living room too small'),
('CR32', 'PL31', '2019-04-30', NULL),
('CR32', 'PL32', '2019-04-29', 'No bath'),
('CR32', 'PL33', '2019-04-18', 'too big'),
('CR33', 'PL33', '2019-05-01', 'No private parking'),
('CR34', 'PL33', '2019-04-30', NULL),
('CR35', 'PL34', '2019-04-29', 'No Shower'),
('CR35', 'PL35', '2019-05-24', 'too small'),
('CR36', 'PL35', '2019-05-24', 'too remote'),
('CR36', 'PL36', '2019-04-23', NULL),
('CR37', 'PL36', '2019-05-01', 'No dining room'),
('CR37', 'PL37', '2019-04-30', NULL),
('CR38', 'PL37', '2019-04-29', 'No bath'),
('CR38', 'PL38', '2019-04-18', 'too big'),
('CR39', 'PL38', '2019-05-01', 'Kitchen too small'),
('CR39', 'PL39', '2019-04-30', NULL),
('CR39', 'PL40', '2019-04-29', 'No Shower'),
('CR41', 'PH1', '2019-05-24', 'too small'),
('CR42', 'PH1', '2019-05-24', 'too remote'),
('CR42', 'PH2', '2019-04-23', NULL),
('CR43', 'PH1', '2019-05-01', 'No dining room'),
('CR43', 'PH2', '2019-04-30', NULL),
('CR43', 'PH3', '2019-04-29', 'No bath'),
('CR44', 'PH1', '2019-04-18', 'too big'),
('CR44', 'PH2', '2019-05-01', 'No dining room'),
('CR44', 'PH3', '2019-04-30', NULL),
('CR44', 'PH4', '2019-04-29', 'No Shower'),
('CR45', 'PH5', '2019-05-24', 'too small'),
('CR46', 'PH5', '2019-05-24', 'too remote'),
('CR46', 'PH6', '2019-04-23', NULL),
('CR47', 'PH5', '2019-05-01', 'No dining room'),
('CR47', 'PH6', '2019-04-30', NULL),
('CR47', 'PH7', '2019-04-29', 'No bath'),
('CR48', 'PH5', '2019-04-18', 'too big'),
('CR48', 'PH6', '2019-05-01', 'No dining room'),
('CR48', 'PH7', '2019-04-30', NULL),
('CR48', 'PH8', '2019-04-29', 'No Shower'),
('CR49', 'PH9', '2019-05-24', 'too small'),
('CR50', 'PH9', '2019-05-24', 'too remote'),
('CR50', 'PH10', '2019-04-23', NULL),
('CR51', 'PH11', '2019-05-01', 'Living room too small'),
('CR52', 'PH11', '2019-04-30', NULL),
('CR52', 'PH12', '2019-04-29', 'No bath'),
('CR52', 'PH13', '2019-04-18', 'too big'),
('CR53', 'PH13', '2019-05-01', 'No private parking'),
('CR54', 'PH13', '2019-04-30', NULL),
('CR55', 'PH14', '2019-04-29', 'No Shower'),
('CR55', 'PH15', '2019-05-24', 'too small'),
('CR56', 'PH15', '2019-05-24', 'too remote'),
('CR56', 'PH16', '2019-04-23', NULL),
('CR57', 'PH16', '2019-05-01', 'No dining room'),
('CR57', 'PH17', '2019-04-30', NULL),
('CR58', 'PH17', '2019-04-29', 'No bath'),
('CR58', 'PH18', '2019-04-18', 'too big'),
('CR59', 'PH18', '2019-06-01', 'Kitchen too small'),
('CR59', 'PH19', '2019-06-02', NULL),
('CR59', 'PH20', '2019-06-03', 'No Shower'),
('CR61', 'PH21', '2019-06-04', 'too small'),
('CR62', 'PH21', '2019-06-05', 'too remote'),
('CR62', 'PH22', '2019-06-06', NULL),
('CR63', 'PH21', '2019-06-07', 'No dining room'),
('CR63', 'PH22', '2019-06-08', NULL),
('CR63', 'PH23', '2019-06-09', 'No bath'),
('CR64', 'PH21', '2019-06-10', 'too big'),
('CR64', 'PH22', '2019-06-11', 'No dining room'),
('CR64', 'PH23', '2019-06-12', NULL),
('CR64', 'PH24', '2019-06-13', 'No Shower'),
('CR65', 'PH25', '2019-06-14', 'too small'),
('CR66', 'PH25', '2019-06-15', 'too remote'),
('CR66', 'PH26', '2019-06-16', NULL),
('CR67', 'PH25', '2019-06-17', 'No dining room'),
('CR67', 'PH26', '2019-06-18', NULL),
('CR67', 'PH27', '2019-06-19', 'No bath'),
('CR68', 'PH25', '2019-06-20', 'too big'),
('CR68', 'PH26', '2019-06-21', 'No dining room'),
('CR68', 'PH27', '2019-06-22', NULL),
('CR68', 'PH28', '2019-06-23', 'No Shower'),
('CR69', 'PH29', '2019-06-25', 'too small'),
('CR70', 'PH29', '2019-06-26', 'too remote'),
('CR70', 'PH30', '2019-06-27', NULL),
('CR216', 'PH21', '2019-11-04', 'too small'),
('CR217', 'PH21', '2019-11-05', 'too remote'),
('CR217', 'PH22', '2019-11-06', NULL),
('CR218', 'PH21', '2019-11-07', 'No dining room'),
('CR218', 'PH22', '2019-11-08', NULL),
('CR218', 'PH23', '2019-11-09', 'No bath'),
('CR219', 'PH21', '2019-11-10', 'too big'),
('CR219', 'PH22', '2019-11-11', 'No dining room'),
('CR219', 'PH23', '2019-11-12', NULL),
('CR219', 'PH24', '2019-11-13', 'No Shower'),
('CR220', 'PH25', '2019-11-14', 'too small'),
('CR221', 'PH25', '2019-11-15', 'too remote'),
('CR221', 'PH26', '2019-11-16', NULL),
('CR222', 'PH25', '2019-11-17', 'No dining room'),
('CR222', 'PH26', '2019-11-18', NULL),
('CR222', 'PH27', '2019-11-19', 'No bath'),
('CR223', 'PH25', '2019-11-20', 'too big'),
('CR223', 'PH26', '2019-11-21', 'No dining room'),
('CR223', 'PH27', '2019-11-22', NULL),
('CR223', 'PH28', '2019-11-23', 'No Shower'),
('CR224', 'PH29', '2019-11-25', 'too small'),
('CR225', 'PH29', '2019-11-26', 'too remote'),
('CR225', 'PH30', '2019-11-27', NULL),
('CR81', 'PG1', '2019-06-28', 'too small'),
('CR82', 'PG1', '2019-06-29', 'too remote'),
('CR82', 'PG2', '2019-06-30', NULL),
('CR83', 'PG1', '2019-07-01', 'No dining room'),
('CR83', 'PG2', '2019-07-02', NULL),
('CR83', 'PG3', '2019-07-03', 'No bath'),
('CR84', 'PG1', '2019-07-04', 'too big'),
('CR84', 'PG2', '2019-07-05', 'No dining room'),
('CR84', 'PG3', '2019-07-06', NULL),
('CR84', 'PG4', '2019-07-07', 'No Shower'),
('CR85', 'PG5', '2019-07-08', 'too small'),
('CR86', 'PG5', '2019-07-09', 'too remote'),
('CR86', 'PG6', '2019-07-10', NULL),
('CR87', 'PG5', '2019-07-11', 'No dining room'),
('CR87', 'PG6', '2019-07-12', NULL),
('CR87', 'PG7', '2019-07-13', 'No bath'),
('CR88', 'PG5', '2019-07-14', 'too big'),
('CR88', 'PG6', '2019-07-15', 'No dining room'),
('CR88', 'PG7', '2019-07-16', NULL),
('CR88', 'PG8', '2019-07-17', 'No Shower'),
('CR89', 'PG9', '2019-07-18', 'too small'),
('CR90', 'PG9', '2019-07-19', 'too remote'),
('CR90', 'PG10', '2019-07-20', NULL),
('CR91', 'PG11', '2019-07-21', 'Living room too small'),
('CR92', 'PG11', '2019-07-22', NULL),
('CR92', 'PG12', '2019-07-23', 'No bath'),
('CR92', 'PG13', '2019-07-24', 'too big'),
('CR93', 'PG13', '2019-07-25', 'No private parking'),
('CR94', 'PG13', '2019-07-26', NULL),
('CR95', 'PG14', '2019-07-27', 'No Shower'),
('CR95', 'PG15', '2019-07-28', 'too small'),
('CR96', 'PG15', '2019-07-29', 'too remote'),
('CR96', 'PG16', '2019-07-30', NULL),
('CR97', 'PG16', '2019-07-31', 'No dining room'),
('CR97', 'PG17', '2019-08-01', NULL),
('CR98', 'PG17', '2019-08-01', 'No bath'),
('CR98', 'PG18', '2019-08-02', 'too big'),
('CR99', 'PG18', '2019-08-01', 'Kitchen too small'),
('CR99', 'PG19', '2019-08-02', NULL),
('CR99', 'PG20', '2019-08-03', 'No Shower'),
('CR101', 'PG21', '2019-08-04', 'too small'),
('CR102', 'PG21', '2019-08-05', 'too remote'),
('CR102', 'PG22', '2019-08-06', NULL),
('CR103', 'PG21', '2019-08-07', 'No dining room'),
('CR103', 'PG22', '2019-08-08', NULL),
('CR103', 'PG23', '2019-08-09', 'No bath'),
('CR104', 'PG21', '2019-08-10', 'too big'),
('CR104', 'PG22', '2019-08-11', 'No dining room'),
('CR104', 'PG23', '2019-08-12', NULL),
('CR104', 'PG24', '2019-08-13', 'No Shower'),
('CR105', 'PG25', '2019-08-14', 'too small'),
('CR106', 'PG25', '2019-08-15', 'too remote'),
('CR106', 'PG26', '2019-08-16', NULL),
('CR107', 'PG25', '2019-08-17', 'No dining room'),
('CR107', 'PG26', '2019-08-18', NULL),
('CR107', 'PG27', '2019-08-19', 'No bath'),
('CR108', 'PG25', '2019-08-20', 'too big'),
('CR108', 'PG26', '2019-08-21', 'No dining room'),
('CR108', 'PG27', '2019-08-22', NULL),
('CR108', 'PG28', '2019-08-23', 'No Shower'),
('CR109', 'PG29', '2019-08-25', 'too small'),
('CR110', 'PG29', '2019-08-26', 'too remote'),
('CR110', 'PG30', '2019-08-27', NULL),
('CR212', 'PG25', '2019-11-17', 'No dining room'),
('CR212', 'PG26', '2019-11-18', NULL),
('CR212', 'PG27', '2019-11-19', 'No bath'),
('CR213', 'PG25', '2019-11-20', 'too big'),
('CR213', 'PG26', '2019-11-21', 'No dining room'),
('CR213', 'PG27', '2019-11-22', NULL),
('CR213', 'PG28', '2019-11-23', 'No Shower'),
('CR214', 'PG29', '2019-11-25', 'too small'),
('CR215', 'PG29', '2019-11-26', 'too remote'),
('CR215', 'PG30', '2019-11-27', NULL),
('CR111', 'PB1', '2019-08-28', 'too small'),
('CR112', 'PB1', '2019-08-29', 'too remote'),
('CR112', 'PB2', '2019-08-30', NULL),
('CR113', 'PB1', '2019-09-01', 'No dining room'),
('CR113', 'PB2', '2019-09-02', NULL),
('CR113', 'PB3', '2019-09-03', 'No bath'),
('CR114', 'PB1', '2019-09-04', 'too big'),
('CR114', 'PB2', '2019-09-05', 'No dining room'),
('CR114', 'PB3', '2019-09-06', NULL),
('CR114', 'PB4', '2019-09-07', 'No Shower'),
('CR115', 'PB5', '2019-09-08', 'too small'),
('CR116', 'PB5', '2019-09-09', 'too remote'),
('CR116', 'PB6', '2019-09-10', NULL),
('CR117', 'PB5', '2019-09-11', 'No dining room'),
('CR117', 'PB6', '2019-09-12', NULL),
('CR117', 'PB7', '2019-09-13', 'No bath'),
('CR118', 'PB5', '2019-09-14', 'too big'),
('CR118', 'PB6', '2019-09-15', 'No dining room'),
('CR118', 'PB7', '2019-09-16', NULL),
('CR118', 'PB8', '2019-09-17', 'No Shower'),
('CR119', 'PB9', '2019-09-18', 'too small'),
('CR120', 'PB9', '2019-09-19', 'too remote'),
('CR120', 'PB10', '2019-09-20', NULL),
('CR121', 'PB11', '2019-09-21', 'Living room too small'),
('CR122', 'PB11', '2019-09-22', NULL),
('CR122', 'PB12', '2019-09-23', 'No bath'),
('CR122', 'PB13', '2019-09-24', 'too big'),
('CR123', 'PB13', '2019-09-25', 'No private parking'),
('CR124', 'PB13', '2019-09-26', NULL),
('CR125', 'PB14', '2019-09-27', 'No Shower'),
('CR125', 'PB15', '2019-09-28', 'too small'),
('CR126', 'PB15', '2019-09-29', 'too remote'),
('CR126', 'PB16', '2019-09-30', NULL),
('CR127', 'PB16', '2019-10-01', 'No dining room'),
('CR127', 'PB17', '2019-10-01', NULL),
('CR128', 'PB17', '2019-10-01', 'No bath'),
('CR128', 'PB18', '2019-10-02', 'too big'),
('CR129', 'PB18', '2019-10-01', 'Kitchen too small'),
('CR129', 'PB19', '2019-10-02', NULL),
('CR129', 'PB20', '2019-10-03', 'No Shower'),
('CR131', 'PB21', '2019-10-04', 'too small'),
('CR132', 'PB21', '2019-10-05', 'too remote'),
('CR132', 'PB22', '2019-10-06', NULL),
('CR133', 'PB21', '2019-10-07', 'No dining room'),
('CR133', 'PB22', '2019-10-08', NULL),
('CR133', 'PB23', '2019-10-09', 'No bath'),
('CR134', 'PB21', '2019-10-10', 'too big'),
('CR134', 'PB22', '2019-10-11', 'No dining room'),
('CR134', 'PB23', '2019-10-12', NULL),
('CR134', 'PB24', '2019-10-13', 'No Shower'),
('CR135', 'PB25', '2019-10-14', 'too small'),
('CR136', 'PB25', '2019-10-15', 'too remote'),
('CR136', 'PB26', '2019-10-16', NULL),
('CR137', 'PB25', '2019-10-17', 'No dining room'),
('CR137', 'PB26', '2019-10-18', NULL),
('CR137', 'PB27', '2019-10-19', 'No bath'),
('CR138', 'PB25', '2019-10-20', 'too big'),
('CR138', 'PB26', '2019-10-21', 'No dining room'),
('CR138', 'PB27', '2019-10-22', NULL),
('CR138', 'PB28', '2019-10-23', 'No Shower'),
('CR139', 'PB29', '2019-10-25', 'too small'),
('CR140', 'PB29', '2019-10-26', 'too remote'),
('CR140', 'PB30', '2019-10-27', NULL),
('CR141', 'PM1', '2019-10-28', 'too small'),
('CR142', 'PM1', '2019-10-29', 'too remote'),
('CR142', 'PM2', '2019-10-30', NULL),
('CR143', 'PM1', '2019-10-31', 'No dining room'),
('CR143', 'PM2', '2019-09-01', NULL),
('CR143', 'PM3', '2019-09-02', 'No bath'),
('CR144', 'PM1', '2019-09-03', 'too big'),
('CR144', 'PM2', '2019-09-04', 'No dining room'),
('CR144', 'PM3', '2019-09-05', NULL),
('CR144', 'PM4', '2019-09-06', 'No Shower'),
('CR145', 'PM5', '2019-09-07', 'too small'),
('CR146', 'PM5', '2019-09-08', 'too remote'),
('CR146', 'PM6', '2019-09-09', NULL),
('CR147', 'PM5', '2019-09-10', 'No dining room'),
('CR147', 'PM6', '2019-09-11', NULL),
('CR147', 'PM7', '2019-09-12', 'No bath'),
('CR148', 'PM5', '2019-09-13', 'too big'),
('CR148', 'PM6', '2019-09-14', 'No dining room'),
('CR148', 'PM7', '2019-09-15', NULL),
('CR148', 'PM8', '2019-09-16', 'No Shower'),
('CR149', 'PM9', '2019-09-17', 'too small'),
('CR150', 'PM9', '2019-09-18', 'too remote'),
('CR150', 'PM10', '2019-09-19', NULL),
('CR151', 'PM11', '2019-09-20', 'Living room too small'),
('CR152', 'PM11', '2019-09-21', NULL),
('CR152', 'PM12', '2019-09-22', 'No bath'),
('CR152', 'PM13', '2019-09-23', 'too big'),
('CR153', 'PM13', '2019-09-24', 'No private parking'),
('CR154', 'PM13', '2019-09-25', NULL),
('CR155', 'PM14', '2019-09-26', 'No Shower'),
('CR155', 'PM15', '2019-09-27', 'too small'),
('CR156', 'PM15', '2019-09-28', 'too remote'),
('CR156', 'PM16', '2019-09-29', NULL),
('CR157', 'PM16', '2019-09-30', 'No dining room'),
('CR157', 'PM17', '2019-09-30', NULL),
('CR158', 'PM17', '2019-09-29', 'No bath'),
('CR158', 'PM18', '2019-09-18', 'too big'),
('CR159', 'PM18', '2019-09-01', 'Kitchen too small'),
('CR159', 'PM19', '2019-09-30', NULL),
('CR159', 'PM20', '2019-09-29', 'No Shower'),
('CR161', 'PM21', '2019-09-24', 'too small'),
('CR162', 'PM21', '2019-09-24', 'too remote'),
('CR162', 'PM22', '2019-09-23', NULL),
('CR163', 'PM21', '2019-09-01', 'No dining room'),
('CR163', 'PM22', '2019-09-30', NULL),
('CR163', 'PM23', '2019-10-29', 'No bath'),
('CR164', 'PM21', '2019-10-18', 'too big'),
('CR164', 'PM22', '2019-10-31', 'No dining room'),
('CR164', 'PM23', '2019-10-30', NULL),
('CR164', 'PM24', '2019-10-29', 'No Shower'),
('CR165', 'PM25', '2019-10-24', 'too small'),
('CR166', 'PM25', '2019-10-24', 'too remote'),
('CR166', 'PM26', '2019-10-23', NULL),
('CR167', 'PM25', '2019-10-31', 'No dining room'),
('CR167', 'PM26', '2019-10-30', NULL),
('CR167', 'PM27', '2019-10-29', 'No bath'),
('CR168', 'PM25', '2019-10-18', 'too big'),
('CR168', 'PM26', '2019-10-31', 'No dining room'),
('CR168', 'PM27', '2019-10-30', NULL),
('CR168', 'PM28', '2019-10-29', 'No Shower'),
('CR169', 'PM29', '2019-10-24', 'too small'),
('CR170', 'PM29', '2019-10-24', 'too remote'),
('CR170', 'PM30', '2019-10-23', NULL),
('CR171', 'PM31', '2019-10-31', 'Living room too small'),
('CR172', 'PM31', '2019-10-30', NULL),
('CR172', 'PM32', '2019-10-29', 'No bath'),
('CR172', 'PM33', '2019-10-18', 'too big'),
('CR173', 'PM33', '2019-10-31', 'No private parking'),
('CR174', 'PM33', '2019-10-30', NULL),
('CR175', 'PM34', '2019-10-29', 'No Shower'),
('CR175', 'PM35', '2019-10-24', 'too small'),
('CR176', 'PM35', '2019-10-24', 'too remote'),
('CR176', 'PM36', '2019-10-23', NULL),
('CR177', 'PM36', '2019-10-31', 'No dining room'),
('CR177', 'PM37', '2019-10-30', NULL),
('CR178', 'PM37', '2019-10-29', 'No bath'),
('CR178', 'PM38', '2019-10-18', 'too big'),
('CR179', 'PM38', '2019-10-31', 'Kitchen too small'),
('CR179', 'PM39', '2019-10-30', NULL),
('CR179', 'PM40', '2019-10-29', 'No Shower'),
('CR236', 'PM30', '2019-11-23', NULL),
('CR237', 'PM31', '2019-11-24', 'Living room too small'),
('CR238', 'PM31', '2019-11-25', NULL),
('CR238', 'PM32', '2019-11-26', 'No bath'),
('CR238', 'PM33', '2019-11-27', 'too big'),
('CR239', 'PM33', '2019-11-28', 'No private parking'),
('CR239', 'PM33', '2019-11-29', NULL),
('CR240', 'PM34', '2019-12-30', 'No Shower'),
('CR240', 'PM35', '2019-12-01', 'too small'),
('CR241', 'PM35', '2019-12-02', 'too remote'),
('CR241', 'PM36', '2019-12-03', NULL),
('CR242', 'PM36', '2019-12-04', 'No dining room'),
('CR242', 'PM37', '2019-12-05', NULL),
('CR243', 'PM37', '2019-12-06', 'No bath'),
('CR243', 'PM38', '2019-12-07', 'too big'),
('CR244', 'PM38', '2019-12-08', 'Kitchen too small'),
('CR244', 'PM39', '2019-12-09', NULL),
('CR245', 'PM40', '2019-12-10', 'No Shower'),
('CR181', 'PA1', '2019-10-28', 'too small'),
('CR182', 'PA1', '2019-10-29', 'too remote'),
('CR182', 'PA2', '2019-10-30', NULL),
('CR183', 'PA1', '2019-10-01', 'No dining room'),
('CR183', 'PA2', '2019-10-02', NULL),
('CR183', 'PA3', '2019-10-03', 'No bath'),
('CR184', 'PA1', '2019-10-04', 'too big'),
('CR184', 'PA2', '2019-10-05', 'No dining room'),
('CR184', 'PA3', '2019-10-06', NULL),
('CR184', 'PA4', '2019-10-07', 'No Shower'),
('CR185', 'PA5', '2019-10-08', 'too small'),
('CR186', 'PA5', '2019-10-09', 'too remote'),
('CR186', 'PA6', '2019-10-10', NULL),
('CR187', 'PA5', '2019-10-11', 'No dining room'),
('CR187', 'PA6', '2019-10-12', NULL),
('CR187', 'PA7', '2019-10-13', 'No bath'),
('CR188', 'PA5', '2019-10-14', 'too big'),
('CR188', 'PA6', '2019-10-15', 'No dining room'),
('CR188', 'PA7', '2019-10-16', NULL),
('CR188', 'PA8', '2019-10-17', 'No Shower'),
('CR189', 'PA9', '2019-10-18', 'too small'),
('CR190', 'PA9', '2019-10-19', 'too remote'),
('CR190', 'PA10', '2019-10-20', NULL),
('CR191', 'PA11', '2019-10-21', 'Living room too small'),
('CR192', 'PA11', '2019-10-22', NULL),
('CR192', 'PA12', '2019-10-23', 'No bath'),
('CR192', 'PA13', '2019-10-24', 'too big'),
('CR193', 'PA13', '2019-10-25', 'No private parking'),
('CR194', 'PA13', '2019-10-26', NULL),
('CR195', 'PA14', '2019-10-27', 'No Shower'),
('CR195', 'PA15', '2019-10-28', 'too small'),
('CR196', 'PA15', '2019-10-29', 'too remote'),
('CR196', 'PA16', '2019-10-30', NULL),
('CR197', 'PA16', '2019-10-15', 'No dining room'),
('CR197', 'PA17', '2019-10-15', NULL),
('CR198', 'PA17', '2019-10-16', 'No bath'),
('CR198', 'PA18', '2019-10-16', 'too big'),
('CR199', 'PA18', '2019-10-17', 'Kitchen too small'),
('CR199', 'PA19', '2019-10-17', NULL),
('CR199', 'PA20', '2019-10-17', 'No Shower'),
('CR201', 'PA21', '2019-10-18', 'too small'),
('CR202', 'PA21', '2019-10-18', 'too remote'),
('CR202', 'PA22', '2019-10-19', NULL),
('CR203', 'PA21', '2019-10-19', 'No dining room'),
('CR203', 'PA22', '2019-10-20', NULL),
('CR203', 'PA23', '2019-10-20', 'No bath'),
('CR204', 'PA21', '2019-10-21', 'too big'),
('CR204', 'PA22', '2019-10-21', 'No dining room'),
('CR204', 'PA23', '2019-10-22', NULL),
('CR204', 'PA24', '2019-10-22', 'No Shower'),
('CR205', 'PA25', '2019-10-23', 'too small'),
('CR206', 'PA25', '2019-10-24', 'too remote'),
('CR206', 'PA26', '2019-10-25', NULL),
('CR207', 'PA25', '2019-10-26', 'No dining room'),
('CR207', 'PA26', '2019-10-26', NULL),
('CR207', 'PA27', '2019-10-27', 'No bath'),
('CR208', 'PA25', '2019-10-28', 'too big'),
('CR208', 'PA26', '2019-10-28', 'No dining room'),
('CR208', 'PA27', '2019-10-29', NULL),
('CR208', 'PA28', '2019-10-29', 'No Shower'),
('CR209', 'PA29', '2019-10-30', 'too small'),
('CR210', 'PA29', '2019-10-30', 'too remote'),
('CR210', 'PA30', '2019-10-31', NULL),
('CR226', 'PA21', '2019-11-18', 'too small'),
('CR227', 'PA21', '2019-11-18', 'too remote'),
('CR227', 'PA22', '2019-11-19', NULL),
('CR228', 'PA21', '2019-11-19', 'No dining room'),
('CR228', 'PA22', '2019-11-20', NULL),
('CR228', 'PA23', '2019-11-20', 'No bath'),
('CR229', 'PA21', '2019-11-21', 'too big'),
('CR229', 'PA22', '2019-11-21', 'No dining room'),
('CR229', 'PA23', '2019-11-22', NULL),
('CR229', 'PA24', '2019-11-22', 'No Shower'),
('CR230', 'PA25', '2019-11-23', 'too small'),
('CR231', 'PA25', '2019-11-24', 'too remote'),
('CR231', 'PA26', '2019-11-25', NULL),
('CR232', 'PA25', '2019-11-26', 'No dining room'),
('CR232', 'PA26', '2019-11-26', NULL),
('CR232', 'PA27', '2019-11-27', 'No bath'),
('CR233', 'PA25', '2019-11-28', 'too big'),
('CR233', 'PA26', '2019-11-28', 'No dining room'),
('CR233', 'PA27', '2019-11-29', NULL),
('CR233', 'PA28', '2019-11-29', 'No Shower'),
('CR234', 'PA29', '2019-11-30', 'too small'),
('CR235', 'PA29', '2019-11-30', 'too remote'),
('CR235', 'PA30', '2019-11-30', NULL);

-- --------------------------------------------------------

--
-- Table structure for table `employees`
--

CREATE TABLE `employees` (
  `employeeNumber` int NOT NULL,
  `lastName` varchar(50) NOT NULL,
  `firstName` varchar(50) NOT NULL,
  `extension` varchar(10) NOT NULL,
  `email` varchar(100) NOT NULL,
  `officeCode` varchar(10) NOT NULL,
  `reportsTo` int DEFAULT NULL,
  `jobTitle` varchar(50) NOT NULL
) ENGINE=InnoDB DEFAULT CHARSET=latin1;

--
-- Dumping data for table `employees`
--

INSERT INTO `employees` (`employeeNumber`, `lastName`, `firstName`, `extension`, `email`, `officeCode`, `reportsTo`, `jobTitle`) VALUES
(1002, 'Murphy', 'Diane', 'x5800', 'dmurphy@classicmodelcars.com', '1', NULL, 'President'),
(1056, 'Patterson', 'Mary', 'x4611', 'mpatterso@classicmodelcars.com', '1', 1002, 'VP Sales'),
(1076, 'Firrelli', 'Jeff', 'x9273', 'jfirrelli@classicmodelcars.com', '1', 1002, 'VP Marketing'),
(1088, 'Patterson', 'William', 'x4871', 'wpatterson@classicmodelcars.com', '6', 1056, 'Sales Manager (APAC)'),
(1102, 'Bondur', 'Gerard', 'x5408', 'gbondur@classicmodelcars.com', '4', 1056, 'Sale Manager (EMEA)'),
(1143, 'Bow', 'Anthony', 'x5428', 'abow@classicmodelcars.com', '1', 1056, 'Sales Manager (NA)'),
(1165, 'Jennings', 'Leslie', 'x3291', 'ljennings@classicmodelcars.com', '1', 1143, 'Sales Rep'),
(1166, 'Thompson', 'Leslie', 'x4065', 'lthompson@classicmodelcars.com', '1', 1143, 'Sales Rep'),
(1188, 'Firrelli', 'Julie', 'x2173', 'jfirrelli@classicmodelcars.com', '2', 1143, 'Sales Rep'),
(1216, 'Patterson', 'Steve', 'x4334', 'spatterson@classicmodelcars.com', '2', 1143, 'Sales Rep'),
(1286, 'Tseng', 'Foon Yue', 'x2248', 'ftseng@classicmodelcars.com', '3', 1143, 'Sales Rep'),
(1323, 'Vanauf', 'George', 'x4102', 'gvanauf@classicmodelcars.com', '3', 1143, 'Sales Rep'),
(1337, 'Bondur', 'Loui', 'x6493', 'lbondur@classicmodelcars.com', '4', 1102, 'Sales Rep'),
(1370, 'Hernandez', 'Gerard', 'x2028', 'ghernande@classicmodelcars.com', '4', 1102, 'Sales Rep'),
(1401, 'Castillo', 'Pamela', 'x2759', 'pcastillo@classicmodelcars.com', '4', 1102, 'Sales Rep'),
(1501, 'Bott', 'Larry', 'x2311', 'lbott@classicmodelcars.com', '7', 1102, 'Sales Rep'),
(1504, 'Jones', 'Barry', 'x102', 'bjones@classicmodelcars.com', '7', 1102, 'Sales Rep'),
(1611, 'Fixter', 'Andy', 'x101', 'afixter@classicmodelcars.com', '6', 1088, 'Sales Rep'),
(1612, 'Marsh', 'Peter', 'x102', 'pmarsh@classicmodelcars.com', '6', 1088, 'Sales Rep'),
(1619, 'King', 'Tom', 'x103', 'tking@classicmodelcars.com', '6', 1088, 'Sales Rep'),
(1621, 'Nishi', 'Mami', 'x101', 'mnishi@classicmodelcars.com', '5', 1056, 'Sales Rep'),
(1625, 'Kato', 'Yoshimi', 'x102', 'ykato@classicmodelcars.com', '5', 1621, 'Sales Rep'),
(1702, 'Gerard', 'Martin', 'x2312', 'mgerard@classicmodelcars.com', '4', 1102, 'Sales Rep');

-- --------------------------------------------------------

--
-- Table structure for table `entries`
--

CREATE TABLE `entries` (
  `id` bigint UNSIGNED NOT NULL,
  `competition_id` bigint UNSIGNED NOT NULL,
  `dog_id` bigint UNSIGNED NOT NULL,
  `score` smallint NOT NULL DEFAULT '0'
) ENGINE=InnoDB DEFAULT CHARSET=utf8mb4 COLLATE=utf8mb4_unicode_ci;

--
-- Dumping data for table `entries`
--

INSERT INTO `entries` (`id`, `competition_id`, `dog_id`, `score`) VALUES
(1, 15, 260, 3),
(2, 1, 183, 7),
(3, 8, 214, 9),
(4, 8, 135, 7),
(5, 13, 190, 5),
(6, 9, 265, 8),
(7, 4, 281, 8),
(8, 4, 172, 5),
(9, 5, 50, 2),
(10, 12, 217, 2),
(11, 15, 126, 8),
(12, 11, 40, 3),
(13, 12, 221, 3),
(14, 11, 18, 0),
(15, 12, 153, 8),
(16, 6, 216, 8),
(17, 15, 299, 1),
(18, 11, 154, 10),
(19, 6, 178, 2),
(20, 4, 222, 9),
(21, 5, 294, 5),
(22, 5, 46, 1),
(23, 14, 17, 10),
(24, 2, 230, 8),
(25, 8, 87, 9),
(26, 7, 228, 6),
(27, 12, 283, 5),
(28, 15, 142, 9),
(29, 5, 137, 9),
(30, 4, 160, 3),
(31, 4, 100, 9),
(32, 9, 101, 6),
(33, 10, 91, 3),
(34, 5, 275, 3),
(35, 2, 134, 5),
(36, 11, 277, 7),
(37, 12, 153, 7),
(38, 5, 89, 1),
(39, 13, 24, 7),
(40, 13, 131, 6),
(41, 11, 77, 10),
(42, 1, 166, 10),
(43, 14, 221, 4),
(44, 12, 178, 6),
(45, 3, 170, 7),
(46, 12, 23, 5),
(47, 15, 284, 10),
(48, 7, 4, 10),
(49, 15, 4, 5),
(50, 15, 267, 2),
(51, 2, 290, 9),
(52, 8, 9, 1),
(53, 1, 110, 2),
(54, 3, 67, 4),
(55, 5, 162, 5),
(56, 10, 93, 4),
(57, 8, 6, 7),
(58, 13, 89, 5),
(59, 4, 298, 1),
(60, 9, 192, 7),
(61, 2, 269, 10),
(62, 15, 287, 4),
(63, 14, 262, 10),
(64, 14, 232, 1),
(65, 9, 122, 2),
(66, 2, 204, 7),
(67, 6, 183, 4),
(68, 12, 107, 9),
(69, 1, 265, 0),
(70, 7, 284, 1),
(71, 9, 101, 2),
(72, 4, 296, 5),
(73, 3, 283, 3),
(74, 10, 147, 6),
(75, 11, 215, 4),
(76, 11, 38, 4),
(77, 2, 124, 7),
(78, 14, 238, 1),
(79, 1, 119, 8),
(80, 13, 87, 5),
(81, 2, 178, 8),
(82, 8, 273, 3),
(83, 9, 64, 0),
(84, 14, 274, 2),
(85, 4, 22, 7),
(86, 8, 15, 0),
(87, 5, 158, 8),
(88, 2, 249, 4),
(89, 9, 149, 10),
(90, 11, 50, 1),
(91, 4, 6, 1),
(92, 15, 10, 9),
(93, 6, 255, 6),
(94, 10, 59, 6),
(95, 9, 127, 9),
(96, 12, 76, 4),
(97, 1, 278, 5),
(98, 11, 132, 7),
(99, 13, 79, 2),
(100, 4, 26, 10),
(101, 12, 193, 8),
(102, 2, 174, 9),
(103, 14, 288, 3),
(104, 9, 25, 2),
(105, 11, 213, 1),
(106, 13, 284, 1),
(107, 4, 224, 4),
(108, 3, 59, 8),
(109, 8, 74, 7),
(110, 9, 286, 7),
(111, 10, 244, 8),
(112, 1, 288, 2),
(113, 9, 174, 7),
(114, 1, 23, 9),
(115, 8, 172, 2),
(116, 3, 272, 4),
(117, 11, 215, 2),
(118, 12, 274, 7),
(119, 9, 183, 10),
(120, 5, 62, 2),
(121, 1, 69, 5),
(122, 5, 163, 6),
(123, 2, 294, 10),
(124, 9, 248, 9),
(125, 1, 142, 10),
(126, 1, 134, 0),
(127, 4, 213, 4),
(128, 6, 186, 8),
(129, 4, 260, 7),
(130, 5, 297, 3),
(131, 12, 74, 1),
(132, 14, 277, 2),
(133, 6, 154, 5),
(134, 2, 128, 8),
(135, 15, 198, 6),
(136, 15, 191, 9),
(137, 12, 20, 3),
(138, 3, 245, 9),
(139, 9, 7, 0),
(140, 8, 252, 8),
(141, 12, 291, 8),
(142, 2, 61, 8),
(143, 7, 135, 10),
(144, 10, 201, 3),
(145, 12, 24, 8),
(146, 14, 211, 6),
(147, 13, 95, 5),
(148, 13, 159, 10),
(149, 2, 157, 5),
(150, 3, 12, 10),
(151, 5, 197, 7),
(152, 1, 213, 2),
(153, 9, 177, 3),
(154, 5, 130, 0),
(155, 14, 23, 3),
(156, 7, 243, 2),
(157, 14, 105, 7),
(158, 9, 252, 9),
(159, 3, 6, 10),
(160, 7, 298, 1),
(161, 8, 3, 6),
(162, 1, 8, 7),
(163, 3, 298, 8),
(164, 9, 103, 4),
(165, 3, 140, 5),
(166, 10, 125, 0),
(167, 2, 155, 4),
(168, 12, 246, 0),
(169, 13, 187, 2),
(170, 7, 24, 9),
(171, 4, 282, 0),
(172, 15, 248, 4),
(173, 12, 248, 0),
(174, 15, 12, 10),
(175, 1, 33, 3),
(176, 4, 183, 0),
(177, 14, 283, 0),
(178, 13, 193, 6),
(179, 12, 9, 6),
(180, 3, 50, 7),
(181, 1, 274, 10),
(182, 2, 289, 3),
(183, 13, 57, 0),
(184, 2, 142, 7),
(185, 6, 213, 3),
(186, 1, 39, 6),
(187, 15, 233, 9),
(188, 13, 198, 1),
(189, 13, 133, 7),
(190, 4, 125, 2),
(191, 10, 23, 9),
(192, 5, 198, 6),
(193, 2, 35, 8),
(194, 11, 32, 3),
(195, 7, 178, 9),
(196, 15, 120, 4),
(197, 5, 167, 3),
(198, 4, 176, 10),
(199, 1, 107, 9),
(200, 15, 267, 8);

-- --------------------------------------------------------

--
-- Table structure for table `events`
--

CREATE TABLE `events` (
  `id` bigint UNSIGNED NOT NULL,
  `description` text CHARACTER SET utf8mb4 COLLATE utf8mb4_unicode_ci NOT NULL
) ENGINE=InnoDB DEFAULT CHARSET=utf8mb4 COLLATE=utf8mb4_unicode_ci;

--
-- Dumping data for table `events`
--

INSERT INTO `events` (`id`, `description`) VALUES
(1, 'Agility Course'),
(2, 'Waggiest Tail'),
(3, 'Obedience Challenge'),
(4, '100m Race'),
(5, 'Wettest Nose'),
(6, 'Loudest Bark'),
(7, 'Fetching the Tennis Ball'),
(8, 'Hidden Object Challenge'),
(9, 'Dog and Owner Resemblance'),
(10, 'Best in Show');

-- --------------------------------------------------------

--
-- Table structure for table `hot_Booking`
--

CREATE TABLE `hot_Booking` (
  `hotelNo` int DEFAULT NULL,
  `guestNo` int DEFAULT NULL,
  `dateFrom` date DEFAULT NULL,
  `dateTo` date DEFAULT NULL,
  `roomNo` int DEFAULT NULL
) ENGINE=InnoDB DEFAULT CHARSET=utf8mb3;

--
-- Dumping data for table `hot_Booking`
--

INSERT INTO `hot_Booking` (`hotelNo`, `guestNo`, `dateFrom`, `dateTo`, `roomNo`) VALUES
(1, 20, '2014-11-27', '2014-12-01', 100),
(1, 21, '2014-08-18', '2014-08-19', 100),
(1, 22, '2014-08-23', '2014-05-28', 100),
(1, 21, '2014-12-01', '2014-12-02', 100),
(1, 30, '2014-11-28', '2014-12-10', 200),
(1, 31, '2014-08-15', '2014-08-20', 200),
(1, 32, '2014-08-27', '2014-08-30', 200),
(1, 33, '2014-11-30', '2014-12-02', 200),
(1, 41, '2014-12-05', '2014-12-06', 300),
(1, 42, '2014-11-20', '2014-12-03', 300),
(1, 33, '2014-08-20', '2014-08-25', 300),
(1, 21, '2014-08-25', '2014-09-02', 400),
(1, 33, '2014-09-06', '2014-09-10', 400),
(1, 33, '2014-08-20', '2014-08-25', 500),
(1, 24, '2014-08-25', '2014-09-02', 500),
(1, 35, '2014-09-06', '2014-09-10', 300),
(2, 25, '2014-12-18', '2014-12-25', 100),
(2, 26, '2014-11-23', '2014-12-04', 500),
(2, 27, '2011-11-11', '2011-11-12', 200),
(2, 28, '2014-09-11', '2014-09-12', 400),
(2, 29, '2014-12-18', '2014-12-25', 100),
(2, 34, '2014-11-23', '2014-12-04', 500),
(2, 35, '2011-11-11', '2011-11-12', 300),
(2, 36, '2014-09-11', '2014-09-12', 300),
(2, 37, '2014-12-18', '2014-12-25', 100),
(2, 38, '2014-11-23', '2014-12-04', 500),
(2, 39, '2011-11-11', '2011-11-12', 200),
(2, 43, '2014-09-11', '2014-09-12', 400),
(2, 44, '2014-12-18', '2014-12-25', 100),
(2, 45, '2014-11-23', '2014-12-04', 500),
(2, 46, '2011-11-11', '2011-11-12', 300),
(2, 47, '2014-09-11', '2014-09-12', 300),
(3, 48, '2015-12-18', '2015-12-25', 100),
(3, 49, '2015-11-23', '2015-12-04', 500),
(3, 27, '2015-11-11', '2015-11-12', 200),
(3, 28, '2015-09-11', '2015-09-12', 400),
(3, 29, '2015-12-18', '2015-12-25', 100),
(3, 34, '2012-11-23', '2012-12-04', 500),
(3, 35, '2013-11-11', '2013-11-12', 300),
(3, 36, '2015-09-11', '2015-09-12', 300),
(3, 37, '2015-12-18', '2015-12-25', 100),
(3, 38, '2015-11-23', '2015-12-04', 500),
(3, 39, '2015-11-11', '2015-11-12', 300),
(3, 43, '2012-09-11', '2012-09-12', 300),
(3, 44, '2013-12-18', '2013-12-25', 100),
(3, 45, '2015-11-23', '2015-12-04', 500),
(3, 46, '2015-11-11', '2016-11-12', 200),
(3, 47, '2015-09-11', '2015-09-12', 400),
(4, 48, '2016-12-18', '2016-12-25', 100),
(4, 49, '2016-11-23', '2016-12-04', 500),
(4, 27, '2016-11-11', '2016-11-12', 200),
(4, 28, '2016-09-11', '2016-09-12', 400),
(4, 29, '2016-12-18', '2016-12-25', 100),
(4, 34, '2016-11-23', '2016-12-04', 500),
(4, 35, '2016-11-11', '2016-11-12', 300),
(4, 36, '2016-09-11', '2016-09-12', 300),
(4, 37, '2016-12-18', '2016-12-25', 100),
(4, 38, '2016-11-23', '2016-12-04', 500),
(4, 39, '2016-11-11', '2016-11-12', 300),
(4, 43, '2016-09-11', '2016-09-12', 300),
(4, 44, '2016-12-18', '2016-12-25', 100),
(4, 45, '2016-11-23', '2016-12-04', 500),
(4, 46, '2016-11-11', '2016-11-12', 200),
(4, 47, '2016-09-11', '2016-09-12', 400);

-- --------------------------------------------------------

--
-- Table structure for table `hot_Guest`
--

CREATE TABLE `hot_Guest` (
  `guestNo` int DEFAULT NULL,
  `guestName` varchar(30) DEFAULT NULL,
  `guestAddress` varchar(50) DEFAULT NULL
) ENGINE=InnoDB DEFAULT CHARSET=utf8mb3;

--
-- Dumping data for table `hot_Guest`
--

INSERT INTO `hot_Guest` (`guestNo`, `guestName`, `guestAddress`) VALUES
(20, 'Brad Vander Zanden', 'Russia'),
(21, 'Minnie Mouse', 'Orlando, FL'),
(22, 'Wily Coyote', 'Phoenix, AZ'),
(23, 'Curly', 'Knoxville, TN'),
(24, 'Larry', 'Orlando, FL'),
(25, 'Mo', 'Phoenix, AZ'),
(26, 'Bud Abbott', 'Knoxville, TN'),
(27, 'Lou Costello', 'China'),
(28, 'Dawn French', 'Manchester'),
(29, 'Jennifer Saunders', 'London'),
(30, 'Daffy Duck', 'Knoxville, TN'),
(31, 'Winnie The Pooh', 'South Africa'),
(32, 'Pluto', 'Phoenix, AZ'),
(33, 'Snow White', 'Orlando, FL'),
(34, 'Eric Morcambe', 'Brazil'),
(35, 'Ernie Wise', 'India'),
(36, 'Steffi Graf', 'Hamburg'),
(37, 'Jo Dury', 'Birmingham'),
(38, 'Martina Hingis', 'Switzerland'),
(39, 'Maria Sharapova', 'Russia'),
(40, 'Bugs Bunny', 'Ithaca, NY'),
(41, 'Quickdraw McGraw', 'China'),
(42, 'Cinderella', 'Orlando, FL'),
(43, 'Groucho', 'Ithaca, NY'),
(44, 'Chico', 'Townsend, TN'),
(45, 'Harpo', 'Orlando, FL'),
(46, 'Zeppo', 'Ithaca, NY'),
(47, 'Jo Brand', 'Leeds'),
(48, 'Victoria Wood', 'Sheffield'),
(49, 'Sandi Taksvig', 'Denmark');

-- --------------------------------------------------------

--
-- Table structure for table `hot_Hotel`
--

CREATE TABLE `hot_Hotel` (
  `hotelNo` int DEFAULT NULL,
  `hotelName` varchar(30) DEFAULT NULL,
  `city` varchar(20) DEFAULT NULL
) ENGINE=InnoDB DEFAULT CHARSET=utf8mb3;

--
-- Dumping data for table `hot_Hotel`
--

INSERT INTO `hot_Hotel` (`hotelNo`, `hotelName`, `city`) VALUES
(1, 'Grosvenor Hotel', 'London'),
(2, 'Holiday Inn', 'Knoxville'),
(3, 'Hilton', 'Knoxville'),
(4, 'Marriott', 'Memphis');

-- --------------------------------------------------------

--
-- Table structure for table `hot_Room`
--

CREATE TABLE `hot_Room` (
  `roomNo` int DEFAULT NULL,
  `hotelNo` int DEFAULT NULL,
  `type` varchar(9) DEFAULT NULL,
  `price` decimal(5,2) DEFAULT NULL
) ENGINE=InnoDB DEFAULT CHARSET=utf8mb3;

--
-- Dumping data for table `hot_Room`
--

INSERT INTO `hot_Room` (`roomNo`, `hotelNo`, `type`, `price`) VALUES
(100, 1, 'double', '89.99'),
(200, 1, 'family', '109.99'),
(300, 1, 'king', '135.50'),
(400, 1, 'king', '205.00'),
(500, 1, 'penthouse', '999.99'),
(100, 2, 'king', '249.99'),
(200, 2, 'double', '99.99'),
(300, 2, 'double', '109.99'),
(400, 2, 'family', '149.99'),
(500, 2, 'penthouse', '205.00'),
(100, 3, 'king', '249.99'),
(200, 3, 'double', '199.99'),
(300, 3, 'double', '209.99'),
(400, 3, 'family', '249.99'),
(500, 3, 'penthouse', '305.00'),
(100, 4, 'king', '349.99'),
(200, 4, 'double', '299.99'),
(300, 4, 'double', '309.99'),
(400, 4, 'family', '349.99'),
(500, 4, 'penthouse', '405.00');

-- --------------------------------------------------------

--
-- Table structure for table `judges`
--

CREATE TABLE `judges` (
  `id` bigint UNSIGNED NOT NULL,
  `name` text CHARACTER SET utf8mb4 COLLATE utf8mb4_unicode_ci NOT NULL,
  `address` text CHARACTER SET utf8mb4 COLLATE utf8mb4_unicode_ci NOT NULL,
  `email` text CHARACTER SET utf8mb4 COLLATE utf8mb4_unicode_ci NOT NULL,
  `phone` text CHARACTER SET utf8mb4 COLLATE utf8mb4_unicode_ci NOT NULL
) ENGINE=InnoDB DEFAULT CHARSET=utf8mb4 COLLATE=utf8mb4_unicode_ci;

--
-- Dumping data for table `judges`
--

INSERT INTO `judges` (`id`, `name`, `address`, `email`, `phone`) VALUES
(1, 'Peter Moore', '833 Katie Lane\nWest Georgiastad\nTW15 3EQ', 'richards.courtney@yahoo.co.uk', '(00914) 80616'),
(2, 'Isabelle Ellis', '0 Owen Stream\nGraceside\nS81 0HT', 'joel.clark@yahoo.co.uk', '08479 51399'),
(3, 'Joanne Kennedy', 'Studio 76\nRoss Turnpike\nNew Rileyland\nSW2 3DJ', 'dmarshall@yahoo.com', '(03266) 535784'),
(4, 'Shannon Wilkinson', 'Flat 28\nPhoebe Pike\nFoxport\nMK9 2AD', 'klewis@hotmail.co.uk', '06250 00527'),
(5, 'Finley Shaw', '56 Amelia Village\nNorth Gavinton\nWA3 3UR', 'smith.bradley@hotmail.com', '(0255) 3473911'),
(6, 'Alexandra Young', '318 Walker Heights\nWendyburgh\nM28 7XP', 'qpatel@yahoo.co.uk', '(0031) 214 9912'),
(7, 'Louis Hill', '7 Ella Isle\nJamesburgh\nPH6 2HW', 'stefan.evans@gmail.co.uk', '0522 474 9293'),
(8, 'Will Hill', '93 Kyle Shore\nLake Jim\nBS5 8PJ', 'muhammad.johnson@gmail.co.uk', '03715 33346'),
(9, 'Elsie Wright', '22 Davies Valley\nStewartport\nTS18 1NS', 'esaunders@hotmail.co.uk', '(07582) 172364'),
(10, 'Ashley Jackson', 'Studio 54p\nSaunders Pass\nMatildahaven\nL35 5JA', 'nathan.hughes@yahoo.com', '04705 346349'),
(11, 'Steve Marshall', 'Studio 50\nRebecca Turnpike\nFinleymouth\nIV2 5EG', 'price.aiden@gmail.com', '09800 999419'),
(12, 'Samantha James', '0 Richards Squares\nNorth Donna\nB92 8HS', 'charlotte20@yahoo.com', '+44(0)974133168'),
(13, 'Adam Richards', '6 Young Well\nMooreberg\nL25 2NW', 'fred.robinson@gmail.co.uk', '(04104) 27372'),
(14, 'Gavin Martin', '287 Carter Light\nSouth Mike\nS70 4DN', 'martin.phillips@hotmail.co.uk', '0841 009 3190'),
(15, 'Steve Davis', 'Studio 81\nCarlie Streets\nLake Lindabury\nCV34 4DF', 'joe.robertson@yahoo.com', '+44(0)7154913350'),
(16, 'Harley Rose', 'Flat 94\nLexi Lock\nNew Chloe\nG83 0SH', 'liam67@yahoo.co.uk', '+44(0)612467067'),
(17, 'Ian Knight', '8 Richards Cliffs\nMatthewport\nPE27 5PP', 'ucook@gmail.co.uk', '0724 9460028'),
(18, 'Tina Khan', '8 Ben Via\nSeanberg\nTN34 9GL', 'mandy.lewis@hotmail.co.uk', '+44(0)0371090525'),
(19, 'George Green', 'Studio 87k\nIsabella Summit\nEast Kyleland\nME15 0JU', 'nwatson@hotmail.co.uk', '0883 442 0700'),
(20, 'Charlie Turner', '5 Morris Stream\nRogersside\nCH45 6UP', 'qwalsh@hotmail.com', '07324 70294'),
(21, 'Tara Young', 'Flat 22k\nKelly Branch\nAidenfort\nSO16 9RJ', 'cook.ben@yahoo.co.uk', '(0923) 6651030'),
(22, 'George Richards', '3 Lilly Field\nNorth Janestad\nSP6 1NH', 'melissa.saunders@yahoo.co.uk', '(0644) 931 9130'),
(23, 'Ashley Ross', 'Studio 14r\nChapman Gardens\nWest Raytown\nCT6 7HL', 'cameron.rose@gmail.com', '(0223) 7664622'),
(24, 'Aaron Owen', 'Flat 74h\nJack Hills\nCandicemouth\nAL3 8RN', 'lily61@gmail.co.uk', '(00276) 691196'),
(25, 'Yasmine Miller', 'Studio 75\nLucas Valley\nSummerstad\nCB2 3EN', 'freddie04@gmail.co.uk', '09936 70467');

-- --------------------------------------------------------

--
-- Table structure for table `offices`
--

CREATE TABLE `offices` (
  `officeCode` varchar(10) NOT NULL,
  `city` varchar(50) NOT NULL,
  `phone` varchar(50) NOT NULL,
  `addressLine1` varchar(50) NOT NULL,
  `addressLine2` varchar(50) DEFAULT NULL,
  `state` varchar(50) DEFAULT NULL,
  `country` varchar(50) NOT NULL,
  `postalCode` varchar(15) NOT NULL,
  `territory` varchar(10) NOT NULL
) ENGINE=InnoDB DEFAULT CHARSET=latin1;

--
-- Dumping data for table `offices`
--

INSERT INTO `offices` (`officeCode`, `city`, `phone`, `addressLine1`, `addressLine2`, `state`, `country`, `postalCode`, `territory`) VALUES
('1', 'San Francisco', '+1 650 219 4782', '100 Market Street', 'Suite 300', 'CA', 'USA', '94080', 'NA'),
('2', 'Boston', '+1 215 837 0825', '1550 Court Place', 'Suite 102', 'MA', 'USA', '02107', 'NA'),
('3', 'NYC', '+1 212 555 3000', '523 East 53rd Street', 'apt. 5A', 'NY', 'USA', '10022', 'NA'),
('4', 'Paris', '+33 14 723 4404', '43 Rue Jouffroy D\'abbans', NULL, NULL, 'France', '75017', 'EMEA'),
('5', 'Tokyo', '+81 33 224 5000', '4-1 Kioicho', NULL, 'Chiyoda-Ku', 'Japan', '102-8578', 'Japan'),
('6', 'Sydney', '+61 2 9264 2451', '5-11 Wentworth Avenue', 'Floor #2', NULL, 'Australia', 'NSW 2010', 'APAC'),
('7', 'London', '+44 20 7877 2041', '25 Old Broad Street', 'Level 7', NULL, 'UK', 'EC2N 1HN', 'EMEA');

-- --------------------------------------------------------

--
-- Table structure for table `orderdetails`
--

CREATE TABLE `orderdetails` (
  `orderNumber` int NOT NULL,
  `productCode` varchar(15) NOT NULL,
  `quantityOrdered` int NOT NULL,
  `priceEach` decimal(10,2) NOT NULL,
  `orderLineNumber` smallint NOT NULL
) ENGINE=InnoDB DEFAULT CHARSET=latin1;

--
-- Dumping data for table `orderdetails`
--

INSERT INTO `orderdetails` (`orderNumber`, `productCode`, `quantityOrdered`, `priceEach`, `orderLineNumber`) VALUES
(10100, 'S18_1749', 30, '136.00', 3),
(10100, 'S18_2248', 50, '55.09', 2),
(10100, 'S18_4409', 22, '75.46', 4),
(10100, 'S24_3969', 49, '35.29', 1),
(10101, 'S18_2325', 25, '108.06', 4),
(10101, 'S18_2795', 26, '167.06', 1),
(10101, 'S24_1937', 45, '32.53', 3),
(10101, 'S24_2022', 46, '44.35', 2),
(10102, 'S18_1342', 39, '95.55', 2),
(10102, 'S18_1367', 41, '43.13', 1),
(10103, 'S10_1949', 26, '214.30', 11),
(10103, 'S10_4962', 42, '119.67', 4),
(10103, 'S12_1666', 27, '121.64', 8),
(10103, 'S18_1097', 35, '94.50', 10),
(10103, 'S18_2432', 22, '58.34', 2),
(10103, 'S18_2949', 27, '92.19', 12),
(10103, 'S18_2957', 35, '61.84', 14),
(10103, 'S18_3136', 25, '86.92', 13),
(10103, 'S18_3320', 46, '86.31', 16),
(10103, 'S18_4600', 36, '98.07', 5),
(10103, 'S18_4668', 41, '40.75', 9),
(10103, 'S24_2300', 36, '107.34', 1),
(10103, 'S24_4258', 25, '88.62', 15),
(10103, 'S32_1268', 31, '92.46', 3),
(10103, 'S32_3522', 45, '63.35', 7),
(10103, 'S700_2824', 42, '94.07', 6),
(10104, 'S12_3148', 34, '131.44', 1),
(10104, 'S12_4473', 41, '111.39', 9),
(10104, 'S18_2238', 24, '135.90', 8),
(10104, 'S18_2319', 29, '122.73', 12),
(10104, 'S18_3232', 23, '165.95', 13),
(10104, 'S18_4027', 38, '119.20', 3),
(10104, 'S24_1444', 35, '52.02', 6),
(10104, 'S24_2840', 44, '30.41', 10),
(10104, 'S24_4048', 26, '106.45', 5),
(10104, 'S32_2509', 35, '51.95', 11),
(10104, 'S32_3207', 49, '56.55', 4),
(10104, 'S50_1392', 33, '114.59', 7),
(10104, 'S50_1514', 32, '53.31', 2),
(10105, 'S10_4757', 50, '127.84', 2),
(10105, 'S12_1108', 41, '205.72', 15),
(10105, 'S12_3891', 29, '141.88', 14),
(10105, 'S18_3140', 22, '136.59', 11),
(10105, 'S18_3259', 38, '87.73', 13),
(10105, 'S18_4522', 41, '75.48', 10),
(10105, 'S24_2011', 43, '117.97', 9),
(10105, 'S24_3151', 44, '73.46', 4),
(10105, 'S24_3816', 50, '75.47', 1),
(10105, 'S700_1138', 41, '54.00', 5),
(10105, 'S700_1938', 29, '86.61', 12),
(10105, 'S700_2610', 31, '60.72', 3),
(10105, 'S700_3505', 39, '92.16', 6),
(10105, 'S700_3962', 22, '99.31', 7),
(10105, 'S72_3212', 25, '44.77', 8),
(10106, 'S18_1662', 36, '134.04', 12),
(10106, 'S18_2581', 34, '81.10', 2),
(10106, 'S18_3029', 41, '80.86', 18),
(10106, 'S18_3856', 41, '94.22', 17),
(10106, 'S24_1785', 28, '107.23', 4),
(10106, 'S24_2841', 49, '65.77', 13),
(10106, 'S24_3420', 31, '55.89', 14),
(10106, 'S24_3949', 50, '55.96', 11),
(10106, 'S24_4278', 26, '71.00', 3),
(10106, 'S32_4289', 33, '65.35', 5),
(10106, 'S50_1341', 39, '35.78', 6),
(10106, 'S700_1691', 31, '91.34', 7),
(10106, 'S700_2047', 30, '85.09', 16),
(10106, 'S700_2466', 34, '99.72', 9),
(10106, 'S700_2834', 32, '113.90', 1),
(10106, 'S700_3167', 44, '76.00', 8),
(10106, 'S700_4002', 48, '70.33', 10),
(10106, 'S72_1253', 48, '43.70', 15),
(10107, 'S10_1678', 30, '81.35', 2),
(10107, 'S10_2016', 39, '105.86', 5),
(10107, 'S10_4698', 27, '172.36', 4),
(10107, 'S12_2823', 21, '122.00', 1),
(10107, 'S18_2625', 29, '52.70', 6),
(10107, 'S24_1578', 25, '96.92', 3),
(10107, 'S24_2000', 38, '73.12', 7),
(10107, 'S32_1374', 20, '88.90', 8),
(10108, 'S12_1099', 33, '165.38', 6),
(10108, 'S12_3380', 45, '96.30', 4),
(10108, 'S12_3990', 39, '75.81', 7),
(10108, 'S12_4675', 36, '107.10', 3),
(10108, 'S18_1889', 38, '67.76', 2),
(10108, 'S18_3278', 26, '73.17', 9),
(10108, 'S18_3482', 29, '132.29', 8),
(10108, 'S18_3782', 43, '52.84', 12),
(10108, 'S18_4721', 44, '139.87', 11),
(10108, 'S24_2360', 35, '64.41', 15),
(10108, 'S24_3371', 30, '60.01', 5),
(10108, 'S24_3856', 40, '132.00', 1),
(10108, 'S24_4620', 31, '67.10', 10),
(10108, 'S32_2206', 27, '36.21', 13),
(10108, 'S32_4485', 31, '87.76', 16),
(10108, 'S50_4713', 34, '74.85', 14),
(10109, 'S18_1129', 26, '117.48', 4),
(10109, 'S18_1984', 38, '137.98', 3),
(10109, 'S18_2870', 26, '126.72', 1),
(10109, 'S18_3232', 46, '160.87', 5),
(10109, 'S18_3685', 47, '125.74', 2),
(10109, 'S24_2972', 29, '32.10', 6),
(10110, 'S18_1589', 37, '118.22', 16),
(10110, 'S18_1749', 42, '153.00', 7),
(10110, 'S18_2248', 32, '51.46', 6),
(10110, 'S18_2325', 33, '115.69', 4),
(10110, 'S18_2795', 31, '163.69', 1),
(10110, 'S18_4409', 28, '81.91', 8),
(10110, 'S18_4933', 42, '62.00', 9),
(10110, 'S24_1046', 36, '72.02', 13),
(10110, 'S24_1628', 29, '43.27', 15),
(10110, 'S24_1937', 20, '28.88', 3),
(10110, 'S24_2022', 39, '40.77', 2),
(10110, 'S24_2766', 43, '82.69', 11),
(10110, 'S24_2887', 46, '112.74', 10),
(10110, 'S24_3191', 27, '80.47', 12),
(10110, 'S24_3432', 37, '96.37', 14),
(10110, 'S24_3969', 48, '35.29', 5),
(10111, 'S18_1342', 33, '87.33', 6),
(10111, 'S18_1367', 48, '48.52', 5),
(10111, 'S18_2957', 28, '53.09', 2),
(10111, 'S18_3136', 43, '94.25', 1),
(10111, 'S18_3320', 39, '91.27', 4),
(10111, 'S24_4258', 26, '85.70', 3),
(10112, 'S10_1949', 29, '197.16', 1),
(10112, 'S18_2949', 23, '85.10', 2),
(10113, 'S12_1666', 21, '121.64', 2),
(10113, 'S18_1097', 49, '101.50', 4),
(10113, 'S18_4668', 50, '43.27', 3),
(10113, 'S32_3522', 23, '58.82', 1),
(10114, 'S10_4962', 31, '128.53', 8),
(10114, 'S18_2319', 39, '106.78', 3),
(10114, 'S18_2432', 45, '53.48', 6),
(10114, 'S18_3232', 48, '169.34', 4),
(10114, 'S18_4600', 41, '105.34', 9),
(10114, 'S24_2300', 21, '102.23', 5),
(10114, 'S24_2840', 24, '28.64', 1),
(10114, 'S32_1268', 32, '88.61', 7),
(10114, 'S32_2509', 28, '43.83', 2),
(10114, 'S700_2824', 42, '82.94', 10),
(10115, 'S12_4473', 46, '111.39', 5),
(10115, 'S18_2238', 46, '140.81', 4),
(10115, 'S24_1444', 47, '56.64', 2),
(10115, 'S24_4048', 44, '106.45', 1),
(10115, 'S50_1392', 27, '100.70', 3),
(10116, 'S32_3207', 27, '60.28', 1),
(10117, 'S12_1108', 33, '195.33', 9),
(10117, 'S12_3148', 43, '148.06', 10),
(10117, 'S12_3891', 39, '173.02', 8),
(10117, 'S18_3140', 26, '121.57', 5),
(10117, 'S18_3259', 21, '81.68', 7),
(10117, 'S18_4027', 22, '122.08', 12),
(10117, 'S18_4522', 23, '73.73', 4),
(10117, 'S24_2011', 41, '119.20', 3),
(10117, 'S50_1514', 21, '55.65', 11),
(10117, 'S700_1938', 38, '75.35', 6),
(10117, 'S700_3962', 45, '89.38', 1),
(10117, 'S72_3212', 50, '52.42', 2),
(10118, 'S700_3505', 36, '86.15', 1),
(10119, 'S10_4757', 46, '112.88', 11),
(10119, 'S18_1662', 43, '151.38', 3),
(10119, 'S18_3029', 21, '74.84', 9),
(10119, 'S18_3856', 27, '95.28', 8),
(10119, 'S24_2841', 41, '64.40', 4),
(10119, 'S24_3151', 35, '72.58', 13),
(10119, 'S24_3420', 20, '63.12', 5),
(10119, 'S24_3816', 35, '82.18', 10),
(10119, 'S24_3949', 28, '62.10', 2),
(10119, 'S700_1138', 25, '57.34', 14),
(10119, 'S700_2047', 29, '74.23', 7),
(10119, 'S700_2610', 38, '67.22', 12),
(10119, 'S700_4002', 26, '63.67', 1),
(10119, 'S72_1253', 28, '40.22', 6),
(10120, 'S10_2016', 29, '118.94', 3),
(10120, 'S10_4698', 46, '158.80', 2),
(10120, 'S18_2581', 29, '82.79', 8),
(10120, 'S18_2625', 46, '57.54', 4),
(10120, 'S24_1578', 35, '110.45', 1),
(10120, 'S24_1785', 39, '93.01', 10),
(10120, 'S24_2000', 34, '72.36', 5),
(10120, 'S24_4278', 29, '71.73', 9),
(10120, 'S32_1374', 22, '94.90', 6),
(10120, 'S32_4289', 29, '68.79', 11),
(10120, 'S50_1341', 49, '41.46', 12),
(10120, 'S700_1691', 47, '91.34', 13),
(10120, 'S700_2466', 24, '81.77', 15),
(10120, 'S700_2834', 24, '106.79', 7),
(10120, 'S700_3167', 43, '72.00', 14),
(10121, 'S10_1678', 34, '86.13', 5),
(10121, 'S12_2823', 50, '126.52', 4),
(10121, 'S24_2360', 32, '58.18', 2),
(10121, 'S32_4485', 25, '95.93', 3),
(10121, 'S50_4713', 44, '72.41', 1),
(10122, 'S12_1099', 42, '155.66', 10),
(10122, 'S12_3380', 37, '113.92', 8),
(10122, 'S12_3990', 32, '65.44', 11),
(10122, 'S12_4675', 20, '104.80', 7),
(10122, 'S18_1129', 34, '114.65', 2),
(10122, 'S18_1889', 43, '62.37', 6),
(10122, 'S18_1984', 31, '113.80', 1),
(10122, 'S18_3232', 25, '137.17', 3),
(10122, 'S18_3278', 21, '69.15', 13),
(10122, 'S18_3482', 21, '133.76', 12),
(10122, 'S18_3782', 35, '59.06', 16),
(10122, 'S18_4721', 28, '145.82', 15),
(10122, 'S24_2972', 39, '34.74', 4),
(10122, 'S24_3371', 34, '50.82', 9),
(10122, 'S24_3856', 43, '136.22', 5),
(10122, 'S24_4620', 29, '67.10', 14),
(10122, 'S32_2206', 31, '33.79', 17),
(10123, 'S18_1589', 26, '120.71', 2),
(10123, 'S18_2870', 46, '114.84', 3),
(10123, 'S18_3685', 34, '117.26', 4),
(10123, 'S24_1628', 50, '43.27', 1),
(10124, 'S18_1749', 21, '153.00', 6),
(10124, 'S18_2248', 42, '58.12', 5),
(10124, 'S18_2325', 42, '111.87', 3),
(10124, 'S18_4409', 36, '75.46', 7),
(10124, 'S18_4933', 23, '66.28', 8),
(10124, 'S24_1046', 22, '62.47', 12),
(10124, 'S24_1937', 45, '30.53', 2),
(10124, 'S24_2022', 22, '36.29', 1),
(10124, 'S24_2766', 32, '74.51', 10),
(10124, 'S24_2887', 25, '93.95', 9),
(10124, 'S24_3191', 49, '76.19', 11),
(10124, 'S24_3432', 43, '101.73', 13),
(10124, 'S24_3969', 46, '36.11', 4),
(10125, 'S18_1342', 32, '89.38', 1),
(10125, 'S18_2795', 34, '138.38', 2),
(10126, 'S10_1949', 38, '205.73', 11),
(10126, 'S10_4962', 22, '122.62', 4),
(10126, 'S12_1666', 21, '135.30', 8),
(10126, 'S18_1097', 38, '116.67', 10),
(10126, 'S18_1367', 42, '51.21', 17),
(10126, 'S18_2432', 43, '51.05', 2),
(10126, 'S18_2949', 31, '93.21', 12),
(10126, 'S18_2957', 46, '61.84', 14),
(10126, 'S18_3136', 30, '93.20', 13),
(10126, 'S18_3320', 38, '94.25', 16),
(10126, 'S18_4600', 50, '102.92', 5),
(10126, 'S18_4668', 43, '47.29', 9),
(10126, 'S24_2300', 27, '122.68', 1),
(10126, 'S24_4258', 34, '83.76', 15),
(10126, 'S32_1268', 43, '82.83', 3),
(10126, 'S32_3522', 26, '62.05', 7),
(10126, 'S700_2824', 45, '97.10', 6),
(10127, 'S12_1108', 46, '193.25', 2),
(10127, 'S12_3148', 46, '140.50', 3),
(10127, 'S12_3891', 42, '169.56', 1),
(10127, 'S12_4473', 24, '100.73', 11),
(10127, 'S18_2238', 45, '140.81', 10),
(10127, 'S18_2319', 45, '114.14', 14),
(10127, 'S18_3232', 22, '149.02', 15),
(10127, 'S18_4027', 25, '126.39', 5),
(10127, 'S24_1444', 20, '50.86', 8),
(10127, 'S24_2840', 39, '34.30', 12),
(10127, 'S24_4048', 20, '107.63', 7),
(10127, 'S32_2509', 45, '46.53', 13),
(10127, 'S32_3207', 29, '60.90', 6),
(10127, 'S50_1392', 46, '111.12', 9),
(10127, 'S50_1514', 46, '55.65', 4),
(10128, 'S18_3140', 41, '120.20', 2),
(10128, 'S18_3259', 41, '80.67', 4),
(10128, 'S18_4522', 43, '77.24', 1),
(10128, 'S700_1938', 32, '72.75', 3),
(10129, 'S10_4757', 33, '123.76', 2),
(10129, 'S24_2011', 45, '113.06', 9),
(10129, 'S24_3151', 41, '81.43', 4),
(10129, 'S24_3816', 50, '76.31', 1),
(10129, 'S700_1138', 31, '58.67', 5),
(10129, 'S700_2610', 45, '72.28', 3),
(10129, 'S700_3505', 42, '90.15', 6),
(10129, 'S700_3962', 30, '94.34', 7),
(10129, 'S72_3212', 32, '44.23', 8),
(10130, 'S18_3029', 40, '68.82', 2),
(10130, 'S18_3856', 33, '99.52', 1),
(10131, 'S18_1662', 21, '141.92', 4),
(10131, 'S24_2841', 35, '60.97', 5),
(10131, 'S24_3420', 29, '52.60', 6),
(10131, 'S24_3949', 50, '54.59', 3),
(10131, 'S700_2047', 22, '76.94', 8),
(10131, 'S700_2466', 40, '86.76', 1),
(10131, 'S700_4002', 26, '63.67', 2),
(10131, 'S72_1253', 21, '40.22', 7),
(10132, 'S700_3167', 36, '80.00', 1),
(10133, 'S18_2581', 49, '80.26', 3),
(10133, 'S24_1785', 41, '109.42', 5),
(10133, 'S24_4278', 46, '61.58', 4),
(10133, 'S32_1374', 23, '80.91', 1),
(10133, 'S32_4289', 49, '67.41', 6),
(10133, 'S50_1341', 27, '37.09', 7),
(10133, 'S700_1691', 24, '76.73', 8),
(10133, 'S700_2834', 27, '115.09', 2),
(10134, 'S10_1678', 41, '90.92', 2),
(10134, 'S10_2016', 27, '116.56', 5),
(10134, 'S10_4698', 31, '187.85', 4),
(10134, 'S12_2823', 20, '131.04', 1),
(10134, 'S18_2625', 30, '51.48', 6),
(10134, 'S24_1578', 35, '94.67', 3),
(10134, 'S24_2000', 43, '75.41', 7),
(10135, 'S12_1099', 42, '173.17', 7),
(10135, 'S12_3380', 48, '110.39', 5),
(10135, 'S12_3990', 24, '72.62', 8),
(10135, 'S12_4675', 29, '103.64', 4),
(10135, 'S18_1889', 48, '66.99', 3),
(10135, 'S18_3278', 45, '65.94', 10),
(10135, 'S18_3482', 42, '139.64', 9),
(10135, 'S18_3782', 45, '49.74', 13),
(10135, 'S18_4721', 31, '133.92', 12),
(10135, 'S24_2360', 29, '67.18', 16),
(10135, 'S24_2972', 20, '34.36', 1),
(10135, 'S24_3371', 27, '52.05', 6),
(10135, 'S24_3856', 47, '139.03', 2),
(10135, 'S24_4620', 23, '76.80', 11),
(10135, 'S32_2206', 33, '38.62', 14),
(10135, 'S32_4485', 30, '91.85', 17),
(10135, 'S50_4713', 44, '78.92', 15),
(10136, 'S18_1129', 25, '117.48', 2),
(10136, 'S18_1984', 36, '120.91', 1),
(10136, 'S18_3232', 41, '169.34', 3),
(10137, 'S18_1589', 44, '115.73', 2),
(10137, 'S18_2870', 37, '110.88', 3),
(10137, 'S18_3685', 31, '118.68', 4),
(10137, 'S24_1628', 26, '40.25', 1),
(10138, 'S18_1749', 33, '149.60', 6),
(10138, 'S18_2248', 22, '51.46', 5),
(10138, 'S18_2325', 38, '114.42', 3),
(10138, 'S18_4409', 47, '79.15', 7),
(10138, 'S18_4933', 23, '64.86', 8),
(10138, 'S24_1046', 45, '59.53', 12),
(10138, 'S24_1937', 22, '33.19', 2),
(10138, 'S24_2022', 33, '38.53', 1),
(10138, 'S24_2766', 28, '73.60', 10),
(10138, 'S24_2887', 30, '96.30', 9),
(10138, 'S24_3191', 49, '77.05', 11),
(10138, 'S24_3432', 21, '99.58', 13),
(10138, 'S24_3969', 29, '32.82', 4),
(10139, 'S18_1342', 31, '89.38', 7),
(10139, 'S18_1367', 49, '52.83', 6),
(10139, 'S18_2795', 41, '151.88', 8),
(10139, 'S18_2949', 46, '91.18', 1),
(10139, 'S18_2957', 20, '52.47', 3),
(10139, 'S18_3136', 20, '101.58', 2),
(10139, 'S18_3320', 30, '81.35', 5),
(10139, 'S24_4258', 29, '93.49', 4),
(10140, 'S10_1949', 37, '186.44', 11),
(10140, 'S10_4962', 26, '131.49', 4),
(10140, 'S12_1666', 38, '118.90', 8),
(10140, 'S18_1097', 32, '95.67', 10),
(10140, 'S18_2432', 46, '51.05', 2),
(10140, 'S18_4600', 40, '100.50', 5),
(10140, 'S18_4668', 29, '40.25', 9),
(10140, 'S24_2300', 47, '118.84', 1),
(10140, 'S32_1268', 26, '87.64', 3),
(10140, 'S32_3522', 28, '62.05', 7),
(10140, 'S700_2824', 36, '101.15', 6),
(10141, 'S12_4473', 21, '114.95', 5),
(10141, 'S18_2238', 39, '160.46', 4),
(10141, 'S18_2319', 47, '103.09', 8),
(10141, 'S18_3232', 34, '143.94', 9),
(10141, 'S24_1444', 20, '50.86', 2),
(10141, 'S24_2840', 21, '32.18', 6),
(10141, 'S24_4048', 40, '104.09', 1),
(10141, 'S32_2509', 24, '53.03', 7),
(10141, 'S50_1392', 44, '94.92', 3),
(10142, 'S12_1108', 33, '166.24', 12),
(10142, 'S12_3148', 33, '140.50', 13),
(10142, 'S12_3891', 46, '167.83', 11),
(10142, 'S18_3140', 47, '129.76', 8),
(10142, 'S18_3259', 22, '95.80', 10),
(10142, 'S18_4027', 24, '122.08', 15),
(10142, 'S18_4522', 24, '79.87', 7),
(10142, 'S24_2011', 33, '114.29', 6),
(10142, 'S24_3151', 49, '74.35', 1),
(10142, 'S32_3207', 42, '60.90', 16),
(10142, 'S50_1514', 42, '56.24', 14),
(10142, 'S700_1138', 41, '55.34', 2),
(10142, 'S700_1938', 43, '77.08', 9),
(10142, 'S700_3505', 21, '92.16', 3),
(10142, 'S700_3962', 38, '91.37', 4),
(10142, 'S72_3212', 39, '46.96', 5),
(10143, 'S10_4757', 49, '133.28', 15),
(10143, 'S18_1662', 32, '126.15', 7),
(10143, 'S18_3029', 46, '70.54', 13),
(10143, 'S18_3856', 34, '99.52', 12),
(10143, 'S24_2841', 27, '63.71', 8),
(10143, 'S24_3420', 33, '59.83', 9),
(10143, 'S24_3816', 23, '74.64', 14),
(10143, 'S24_3949', 28, '55.96', 6),
(10143, 'S50_1341', 34, '34.91', 1),
(10143, 'S700_1691', 36, '86.77', 2),
(10143, 'S700_2047', 26, '87.80', 11),
(10143, 'S700_2466', 26, '79.78', 4),
(10143, 'S700_2610', 31, '69.39', 16),
(10143, 'S700_3167', 28, '70.40', 3),
(10143, 'S700_4002', 34, '65.15', 5),
(10143, 'S72_1253', 37, '49.66', 10),
(10144, 'S32_4289', 20, '56.41', 1),
(10145, 'S10_1678', 45, '76.56', 6),
(10145, 'S10_2016', 37, '104.67', 9),
(10145, 'S10_4698', 33, '154.93', 8),
(10145, 'S12_2823', 49, '146.10', 5),
(10145, 'S18_2581', 30, '71.81', 14),
(10145, 'S18_2625', 30, '52.70', 10),
(10145, 'S24_1578', 43, '103.68', 7),
(10145, 'S24_1785', 40, '87.54', 16),
(10145, 'S24_2000', 47, '63.98', 11),
(10145, 'S24_2360', 27, '56.10', 3),
(10145, 'S24_4278', 33, '71.73', 15),
(10145, 'S32_1374', 33, '99.89', 12),
(10145, 'S32_2206', 31, '39.43', 1),
(10145, 'S32_4485', 27, '95.93', 4),
(10145, 'S50_4713', 38, '73.22', 2),
(10145, 'S700_2834', 20, '113.90', 13),
(10146, 'S18_3782', 47, '60.30', 2),
(10146, 'S18_4721', 29, '130.94', 1),
(10147, 'S12_1099', 48, '161.49', 7),
(10147, 'S12_3380', 31, '110.39', 5),
(10147, 'S12_3990', 21, '74.21', 8),
(10147, 'S12_4675', 33, '97.89', 4),
(10147, 'S18_1889', 26, '70.84', 3),
(10147, 'S18_3278', 36, '74.78', 10),
(10147, 'S18_3482', 37, '129.35', 9),
(10147, 'S24_2972', 25, '33.23', 1),
(10147, 'S24_3371', 30, '48.98', 6),
(10147, 'S24_3856', 23, '123.58', 2),
(10147, 'S24_4620', 31, '72.76', 11),
(10148, 'S18_1129', 23, '114.65', 13),
(10148, 'S18_1589', 47, '108.26', 9),
(10148, 'S18_1984', 25, '136.56', 12),
(10148, 'S18_2870', 27, '113.52', 10),
(10148, 'S18_3232', 32, '143.94', 14),
(10148, 'S18_3685', 28, '135.63', 11),
(10148, 'S18_4409', 34, '83.75', 1),
(10148, 'S18_4933', 29, '66.28', 2),
(10148, 'S24_1046', 25, '65.41', 6),
(10148, 'S24_1628', 47, '46.29', 8),
(10148, 'S24_2766', 21, '77.24', 4),
(10148, 'S24_2887', 34, '115.09', 3),
(10148, 'S24_3191', 31, '71.91', 5),
(10148, 'S24_3432', 27, '96.37', 7),
(10149, 'S18_1342', 50, '87.33', 4),
(10149, 'S18_1367', 30, '48.52', 3),
(10149, 'S18_1749', 34, '156.40', 11),
(10149, 'S18_2248', 24, '50.85', 10),
(10149, 'S18_2325', 33, '125.86', 8),
(10149, 'S18_2795', 23, '167.06', 5),
(10149, 'S18_3320', 42, '89.29', 2),
(10149, 'S24_1937', 36, '31.20', 7),
(10149, 'S24_2022', 49, '39.87', 6),
(10149, 'S24_3969', 26, '38.57', 9),
(10149, 'S24_4258', 20, '90.57', 1),
(10150, 'S10_1949', 45, '182.16', 8),
(10150, 'S10_4962', 20, '121.15', 1),
(10150, 'S12_1666', 30, '135.30', 5),
(10150, 'S18_1097', 34, '95.67', 7),
(10150, 'S18_2949', 47, '93.21', 9),
(10150, 'S18_2957', 30, '56.21', 11),
(10150, 'S18_3136', 26, '97.39', 10),
(10150, 'S18_4600', 49, '111.39', 2),
(10150, 'S18_4668', 30, '47.29', 6),
(10150, 'S32_3522', 49, '62.05', 4),
(10150, 'S700_2824', 20, '95.08', 3),
(10151, 'S12_4473', 24, '114.95', 3),
(10151, 'S18_2238', 43, '152.27', 2),
(10151, 'S18_2319', 49, '106.78', 6),
(10151, 'S18_2432', 39, '58.34', 9),
(10151, 'S18_3232', 21, '167.65', 7),
(10151, 'S24_2300', 42, '109.90', 8),
(10151, 'S24_2840', 30, '29.35', 4),
(10151, 'S32_1268', 27, '84.75', 10),
(10151, 'S32_2509', 41, '43.29', 5),
(10151, 'S50_1392', 26, '108.81', 1),
(10152, 'S18_4027', 35, '117.77', 1),
(10152, 'S24_1444', 25, '49.13', 4),
(10152, 'S24_4048', 23, '112.37', 3),
(10152, 'S32_3207', 33, '57.17', 2),
(10153, 'S12_1108', 20, '201.57', 11),
(10153, 'S12_3148', 42, '128.42', 12),
(10153, 'S12_3891', 49, '155.72', 10),
(10153, 'S18_3140', 31, '125.66', 7),
(10153, 'S18_3259', 29, '82.69', 9),
(10153, 'S18_4522', 22, '82.50', 6),
(10153, 'S24_2011', 40, '111.83', 5),
(10153, 'S50_1514', 31, '53.31', 13),
(10153, 'S700_1138', 43, '58.00', 1),
(10153, 'S700_1938', 31, '80.55', 8),
(10153, 'S700_3505', 50, '87.15', 2),
(10153, 'S700_3962', 20, '85.41', 3),
(10153, 'S72_3212', 50, '51.87', 4),
(10154, 'S24_3151', 31, '75.23', 2),
(10154, 'S700_2610', 36, '59.27', 1),
(10155, 'S10_4757', 32, '129.20', 13),
(10155, 'S18_1662', 38, '138.77', 5),
(10155, 'S18_3029', 44, '83.44', 11),
(10155, 'S18_3856', 29, '105.87', 10),
(10155, 'S24_2841', 23, '62.34', 6),
(10155, 'S24_3420', 34, '56.55', 7),
(10155, 'S24_3816', 37, '76.31', 12),
(10155, 'S24_3949', 44, '58.69', 4),
(10155, 'S700_2047', 32, '89.61', 9),
(10155, 'S700_2466', 20, '87.75', 2),
(10155, 'S700_3167', 43, '76.80', 1),
(10155, 'S700_4002', 44, '70.33', 3),
(10155, 'S72_1253', 34, '49.16', 8),
(10156, 'S50_1341', 20, '43.64', 1),
(10156, 'S700_1691', 48, '77.64', 2),
(10157, 'S18_2581', 33, '69.27', 3),
(10157, 'S24_1785', 40, '89.72', 5),
(10157, 'S24_4278', 33, '66.65', 4),
(10157, 'S32_1374', 34, '83.91', 1),
(10157, 'S32_4289', 28, '56.41', 6),
(10157, 'S700_2834', 48, '109.16', 2),
(10158, 'S24_2000', 22, '67.79', 1),
(10159, 'S10_1678', 49, '81.35', 14),
(10159, 'S10_2016', 37, '101.10', 17),
(10159, 'S10_4698', 22, '170.42', 16),
(10159, 'S12_1099', 41, '188.73', 2),
(10159, 'S12_2823', 38, '131.04', 13),
(10159, 'S12_3990', 24, '67.03', 3),
(10159, 'S18_2625', 42, '51.48', 18),
(10159, 'S18_3278', 21, '66.74', 5),
(10159, 'S18_3482', 25, '129.35', 4),
(10159, 'S18_3782', 21, '54.71', 8),
(10159, 'S18_4721', 32, '142.85', 7),
(10159, 'S24_1578', 44, '100.30', 15),
(10159, 'S24_2360', 27, '67.18', 11),
(10159, 'S24_3371', 50, '49.60', 1),
(10159, 'S24_4620', 23, '80.84', 6),
(10159, 'S32_2206', 35, '39.43', 9),
(10159, 'S32_4485', 23, '86.74', 12),
(10159, 'S50_4713', 31, '78.11', 10),
(10160, 'S12_3380', 46, '96.30', 6),
(10160, 'S12_4675', 50, '93.28', 5),
(10160, 'S18_1889', 38, '70.84', 4),
(10160, 'S18_3232', 20, '140.55', 1),
(10160, 'S24_2972', 42, '30.59', 2),
(10160, 'S24_3856', 35, '130.60', 3),
(10161, 'S18_1129', 28, '121.72', 12),
(10161, 'S18_1589', 43, '102.04', 8),
(10161, 'S18_1984', 48, '139.41', 11),
(10161, 'S18_2870', 23, '125.40', 9),
(10161, 'S18_3685', 36, '132.80', 10),
(10161, 'S18_4933', 25, '62.72', 1),
(10161, 'S24_1046', 37, '73.49', 5),
(10161, 'S24_1628', 23, '47.29', 7),
(10161, 'S24_2766', 20, '82.69', 3),
(10161, 'S24_2887', 25, '108.04', 2),
(10161, 'S24_3191', 20, '72.77', 4),
(10161, 'S24_3432', 30, '94.23', 6),
(10162, 'S18_1342', 48, '87.33', 2),
(10162, 'S18_1367', 45, '45.28', 1),
(10162, 'S18_1749', 29, '141.10', 9),
(10162, 'S18_2248', 27, '53.28', 8),
(10162, 'S18_2325', 38, '113.15', 6),
(10162, 'S18_2795', 48, '156.94', 3),
(10162, 'S18_4409', 39, '86.51', 10),
(10162, 'S24_1937', 37, '27.55', 5),
(10162, 'S24_2022', 43, '38.98', 4),
(10162, 'S24_3969', 37, '32.82', 7),
(10163, 'S10_1949', 21, '212.16', 1),
(10163, 'S18_2949', 31, '101.31', 2),
(10163, 'S18_2957', 48, '59.96', 4),
(10163, 'S18_3136', 40, '101.58', 3),
(10163, 'S18_3320', 43, '80.36', 6),
(10163, 'S24_4258', 42, '96.42', 5),
(10164, 'S10_4962', 21, '143.31', 2),
(10164, 'S12_1666', 49, '121.64', 6),
(10164, 'S18_1097', 36, '103.84', 8),
(10164, 'S18_4600', 45, '107.76', 3),
(10164, 'S18_4668', 25, '46.29', 7),
(10164, 'S32_1268', 24, '91.49', 1),
(10164, 'S32_3522', 49, '57.53', 5),
(10164, 'S700_2824', 39, '86.99', 4),
(10165, 'S12_1108', 44, '168.32', 3),
(10165, 'S12_3148', 34, '123.89', 4),
(10165, 'S12_3891', 27, '152.26', 2),
(10165, 'S12_4473', 48, '109.02', 12),
(10165, 'S18_2238', 29, '134.26', 11),
(10165, 'S18_2319', 46, '120.28', 15),
(10165, 'S18_2432', 31, '60.77', 18),
(10165, 'S18_3232', 47, '154.10', 16),
(10165, 'S18_3259', 50, '84.71', 1),
(10165, 'S18_4027', 28, '123.51', 6),
(10165, 'S24_1444', 25, '46.82', 9),
(10165, 'S24_2300', 32, '117.57', 17),
(10165, 'S24_2840', 27, '31.12', 13),
(10165, 'S24_4048', 24, '106.45', 8),
(10165, 'S32_2509', 48, '50.86', 14),
(10165, 'S32_3207', 44, '55.30', 7),
(10165, 'S50_1392', 48, '106.49', 10),
(10165, 'S50_1514', 38, '49.21', 5),
(10166, 'S18_3140', 43, '136.59', 2),
(10166, 'S18_4522', 26, '72.85', 1),
(10166, 'S700_1938', 29, '76.22', 3),
(10167, 'S10_4757', 44, '123.76', 9),
(10167, 'S18_1662', 43, '141.92', 1),
(10167, 'S18_3029', 46, '69.68', 7),
(10167, 'S18_3856', 34, '84.70', 6),
(10167, 'S24_2011', 33, '110.60', 16),
(10167, 'S24_2841', 21, '54.81', 2),
(10167, 'S24_3151', 20, '77.00', 11),
(10167, 'S24_3420', 32, '64.44', 3),
(10167, 'S24_3816', 29, '73.80', 8),
(10167, 'S700_1138', 43, '66.00', 12),
(10167, 'S700_2047', 29, '87.80', 5),
(10167, 'S700_2610', 46, '62.16', 10),
(10167, 'S700_3505', 24, '85.14', 13),
(10167, 'S700_3962', 28, '83.42', 14),
(10167, 'S72_1253', 40, '42.71', 4),
(10167, 'S72_3212', 38, '43.68', 15),
(10168, 'S10_1678', 36, '94.74', 1),
(10168, 'S10_2016', 27, '97.53', 4),
(10168, 'S10_4698', 20, '160.74', 3),
(10168, 'S18_2581', 21, '75.19', 9),
(10168, 'S18_2625', 46, '49.06', 5),
(10168, 'S24_1578', 50, '103.68', 2),
(10168, 'S24_1785', 49, '93.01', 11),
(10168, 'S24_2000', 29, '72.36', 6),
(10168, 'S24_3949', 27, '57.32', 18),
(10168, 'S24_4278', 48, '68.10', 10),
(10168, 'S32_1374', 28, '89.90', 7),
(10168, 'S32_4289', 31, '57.78', 12),
(10168, 'S50_1341', 48, '39.71', 13),
(10168, 'S700_1691', 28, '91.34', 14),
(10168, 'S700_2466', 31, '87.75', 16),
(10168, 'S700_2834', 36, '94.92', 8),
(10168, 'S700_3167', 48, '72.00', 15),
(10168, 'S700_4002', 39, '67.37', 17),
(10169, 'S12_1099', 30, '163.44', 2),
(10169, 'S12_2823', 35, '126.52', 13),
(10169, 'S12_3990', 36, '71.82', 3),
(10169, 'S18_3278', 32, '65.13', 5),
(10169, 'S18_3482', 36, '136.70', 4),
(10169, 'S18_3782', 38, '52.84', 8),
(10169, 'S18_4721', 33, '120.53', 7),
(10169, 'S24_2360', 38, '66.49', 11),
(10169, 'S24_3371', 34, '53.27', 1),
(10169, 'S24_4620', 24, '77.61', 6),
(10169, 'S32_2206', 26, '37.01', 9),
(10169, 'S32_4485', 34, '83.68', 12),
(10169, 'S50_4713', 48, '75.66', 10),
(10170, 'S12_3380', 47, '116.27', 4),
(10170, 'S12_4675', 41, '93.28', 3),
(10170, 'S18_1889', 20, '70.07', 2),
(10170, 'S24_3856', 34, '130.60', 1),
(10171, 'S18_1129', 35, '134.46', 2),
(10171, 'S18_1984', 35, '128.03', 1),
(10171, 'S18_3232', 39, '165.95', 3),
(10171, 'S24_2972', 36, '34.74', 4),
(10172, 'S18_1589', 42, '109.51', 6),
(10172, 'S18_2870', 39, '117.48', 7),
(10172, 'S18_3685', 48, '139.87', 8),
(10172, 'S24_1046', 32, '61.00', 3),
(10172, 'S24_1628', 34, '43.27', 5),
(10172, 'S24_2766', 22, '79.97', 1),
(10172, 'S24_3191', 24, '77.91', 2),
(10172, 'S24_3432', 22, '87.81', 4),
(10173, 'S18_1342', 43, '101.71', 6),
(10173, 'S18_1367', 48, '51.75', 5),
(10173, 'S18_1749', 24, '168.30', 13),
(10173, 'S18_2248', 26, '55.09', 12),
(10173, 'S18_2325', 31, '127.13', 10),
(10173, 'S18_2795', 22, '140.06', 7),
(10173, 'S18_2957', 28, '56.84', 2),
(10173, 'S18_3136', 31, '86.92', 1),
(10173, 'S18_3320', 29, '90.28', 4),
(10173, 'S18_4409', 21, '77.31', 14),
(10173, 'S18_4933', 39, '58.44', 15),
(10173, 'S24_1937', 31, '29.87', 9),
(10173, 'S24_2022', 27, '39.42', 8),
(10173, 'S24_2887', 23, '98.65', 16),
(10173, 'S24_3969', 35, '35.70', 11),
(10173, 'S24_4258', 22, '93.49', 3),
(10174, 'S10_1949', 34, '207.87', 4),
(10174, 'S12_1666', 43, '113.44', 1),
(10174, 'S18_1097', 48, '108.50', 3),
(10174, 'S18_2949', 46, '100.30', 5),
(10174, 'S18_4668', 49, '44.27', 2),
(10175, 'S10_4962', 33, '119.67', 9),
(10175, 'S12_4473', 26, '109.02', 1),
(10175, 'S18_2319', 48, '101.87', 4),
(10175, 'S18_2432', 41, '59.55', 7),
(10175, 'S18_3232', 29, '150.71', 5),
(10175, 'S18_4600', 47, '102.92', 10),
(10175, 'S24_2300', 28, '121.40', 6),
(10175, 'S24_2840', 37, '32.18', 2),
(10175, 'S32_1268', 22, '89.57', 8),
(10175, 'S32_2509', 50, '50.86', 3),
(10175, 'S32_3522', 29, '56.24', 12),
(10175, 'S700_2824', 42, '80.92', 11),
(10176, 'S12_1108', 33, '166.24', 2),
(10176, 'S12_3148', 47, '145.04', 3),
(10176, 'S12_3891', 50, '160.91', 1),
(10176, 'S18_2238', 20, '139.17', 10),
(10176, 'S18_4027', 36, '140.75', 5),
(10176, 'S24_1444', 27, '55.49', 8),
(10176, 'S24_4048', 29, '101.72', 7),
(10176, 'S32_3207', 22, '62.14', 6),
(10176, 'S50_1392', 23, '109.96', 9),
(10176, 'S50_1514', 38, '52.14', 4),
(10177, 'S18_3140', 23, '113.37', 9),
(10177, 'S18_3259', 29, '92.77', 11),
(10177, 'S18_4522', 35, '82.50', 8),
(10177, 'S24_2011', 50, '115.52', 7),
(10177, 'S24_3151', 45, '79.66', 2),
(10177, 'S700_1138', 24, '58.67', 3),
(10177, 'S700_1938', 31, '77.95', 10),
(10177, 'S700_2610', 32, '64.33', 1),
(10177, 'S700_3505', 44, '88.15', 4),
(10177, 'S700_3962', 24, '83.42', 5),
(10177, 'S72_3212', 40, '52.96', 6),
(10178, 'S10_4757', 24, '131.92', 12),
(10178, 'S18_1662', 42, '127.73', 4),
(10178, 'S18_3029', 41, '70.54', 10),
(10178, 'S18_3856', 48, '104.81', 9),
(10178, 'S24_2841', 34, '67.82', 5),
(10178, 'S24_3420', 27, '65.75', 6),
(10178, 'S24_3816', 21, '68.77', 11),
(10178, 'S24_3949', 30, '64.15', 3),
(10178, 'S700_2047', 34, '86.90', 8),
(10178, 'S700_2466', 22, '91.74', 1),
(10178, 'S700_4002', 45, '68.11', 2),
(10178, 'S72_1253', 45, '41.71', 7),
(10179, 'S18_2581', 24, '82.79', 3),
(10179, 'S24_1785', 47, '105.04', 5),
(10179, 'S24_4278', 27, '66.65', 4),
(10179, 'S32_1374', 45, '86.90', 1),
(10179, 'S32_4289', 24, '63.97', 6),
(10179, 'S50_1341', 34, '43.20', 7),
(10179, 'S700_1691', 23, '75.81', 8),
(10179, 'S700_2834', 25, '98.48', 2),
(10179, 'S700_3167', 39, '80.00', 9),
(10180, 'S10_1678', 29, '76.56', 9),
(10180, 'S10_2016', 42, '99.91', 12),
(10180, 'S10_4698', 41, '164.61', 11),
(10180, 'S12_2823', 40, '131.04', 8),
(10180, 'S18_2625', 25, '48.46', 13),
(10180, 'S18_3782', 21, '59.06', 3),
(10180, 'S18_4721', 44, '147.31', 2),
(10180, 'S24_1578', 48, '98.05', 10),
(10180, 'S24_2000', 28, '61.70', 14),
(10180, 'S24_2360', 35, '60.95', 6),
(10180, 'S24_4620', 28, '68.71', 1),
(10180, 'S32_2206', 34, '33.39', 4),
(10180, 'S32_4485', 22, '102.05', 7),
(10180, 'S50_4713', 21, '74.85', 5),
(10181, 'S12_1099', 27, '155.66', 14),
(10181, 'S12_3380', 28, '113.92', 12),
(10181, 'S12_3990', 20, '67.03', 15),
(10181, 'S12_4675', 36, '107.10', 11),
(10181, 'S18_1129', 44, '124.56', 6),
(10181, 'S18_1589', 42, '124.44', 2),
(10181, 'S18_1889', 22, '74.69', 10),
(10181, 'S18_1984', 21, '129.45', 5),
(10181, 'S18_2870', 27, '130.68', 3),
(10181, 'S18_3232', 45, '147.33', 7),
(10181, 'S18_3278', 30, '73.17', 17),
(10181, 'S18_3482', 22, '120.53', 16),
(10181, 'S18_3685', 39, '137.04', 4),
(10181, 'S24_1628', 34, '45.28', 1),
(10181, 'S24_2972', 37, '32.85', 8),
(10181, 'S24_3371', 23, '54.49', 13),
(10181, 'S24_3856', 25, '122.17', 9),
(10182, 'S18_1342', 25, '83.22', 3),
(10182, 'S18_1367', 32, '44.21', 2),
(10182, 'S18_1749', 44, '159.80', 10),
(10182, 'S18_2248', 38, '54.49', 9),
(10182, 'S18_2325', 20, '105.52', 7),
(10182, 'S18_2795', 21, '135.00', 4),
(10182, 'S18_3320', 33, '86.31', 1),
(10182, 'S18_4409', 36, '88.35', 11),
(10182, 'S18_4933', 44, '61.29', 12),
(10182, 'S24_1046', 47, '63.20', 16),
(10182, 'S24_1937', 39, '31.86', 6),
(10182, 'S24_2022', 31, '39.87', 5),
(10182, 'S24_2766', 36, '87.24', 14),
(10182, 'S24_2887', 20, '116.27', 13),
(10182, 'S24_3191', 33, '73.62', 15),
(10182, 'S24_3432', 49, '95.30', 17),
(10182, 'S24_3969', 23, '34.88', 8),
(10183, 'S10_1949', 23, '180.01', 8),
(10183, 'S10_4962', 28, '127.06', 1),
(10183, 'S12_1666', 41, '114.80', 5),
(10183, 'S18_1097', 21, '108.50', 7),
(10183, 'S18_2949', 37, '91.18', 9),
(10183, 'S18_2957', 39, '51.22', 11),
(10183, 'S18_3136', 22, '90.06', 10),
(10183, 'S18_4600', 21, '118.66', 2),
(10183, 'S18_4668', 40, '42.26', 6),
(10183, 'S24_4258', 47, '81.81', 12),
(10183, 'S32_3522', 49, '52.36', 4),
(10183, 'S700_2824', 23, '85.98', 3),
(10184, 'S12_4473', 37, '105.47', 6),
(10184, 'S18_2238', 46, '145.72', 5),
(10184, 'S18_2319', 46, '119.05', 9),
(10184, 'S18_2432', 44, '60.77', 12),
(10184, 'S18_3232', 28, '165.95', 10),
(10184, 'S24_1444', 31, '57.22', 3),
(10184, 'S24_2300', 24, '117.57', 11),
(10184, 'S24_2840', 42, '30.06', 7),
(10184, 'S24_4048', 49, '114.73', 2),
(10184, 'S32_1268', 46, '84.75', 13),
(10184, 'S32_2509', 33, '52.49', 8),
(10184, 'S32_3207', 48, '59.03', 1),
(10184, 'S50_1392', 45, '92.60', 4),
(10185, 'S12_1108', 21, '195.33', 13),
(10185, 'S12_3148', 33, '146.55', 14),
(10185, 'S12_3891', 43, '147.07', 12),
(10185, 'S18_3140', 28, '124.30', 9),
(10185, 'S18_3259', 49, '94.79', 11),
(10185, 'S18_4027', 39, '127.82', 16),
(10185, 'S18_4522', 47, '87.77', 8),
(10185, 'S24_2011', 30, '105.69', 7),
(10185, 'S24_3151', 33, '83.20', 2),
(10185, 'S50_1514', 20, '46.86', 15),
(10185, 'S700_1138', 21, '64.67', 3),
(10185, 'S700_1938', 30, '79.68', 10),
(10185, 'S700_2610', 39, '61.44', 1),
(10185, 'S700_3505', 37, '99.17', 4),
(10185, 'S700_3962', 22, '93.35', 5),
(10185, 'S72_3212', 28, '47.50', 6),
(10186, 'S10_4757', 26, '108.80', 9),
(10186, 'S18_1662', 32, '137.19', 1),
(10186, 'S18_3029', 32, '73.12', 7),
(10186, 'S18_3856', 46, '98.46', 6),
(10186, 'S24_2841', 22, '60.29', 2),
(10186, 'S24_3420', 21, '59.83', 3),
(10186, 'S24_3816', 36, '68.77', 8),
(10186, 'S700_2047', 24, '80.56', 5),
(10186, 'S72_1253', 28, '42.71', 4),
(10187, 'S18_2581', 45, '70.12', 1),
(10187, 'S24_1785', 46, '96.29', 3),
(10187, 'S24_3949', 43, '55.96', 10),
(10187, 'S24_4278', 33, '64.48', 2),
(10187, 'S32_4289', 31, '61.22', 4),
(10187, 'S50_1341', 41, '39.71', 5),
(10187, 'S700_1691', 34, '84.95', 6),
(10187, 'S700_2466', 44, '95.73', 8),
(10187, 'S700_3167', 34, '72.00', 7),
(10187, 'S700_4002', 44, '70.33', 9),
(10188, 'S10_1678', 48, '95.70', 1),
(10188, 'S10_2016', 38, '111.80', 4),
(10188, 'S10_4698', 45, '182.04', 3),
(10188, 'S18_2625', 32, '52.09', 5),
(10188, 'S24_1578', 25, '95.80', 2),
(10188, 'S24_2000', 40, '61.70', 6),
(10188, 'S32_1374', 44, '81.91', 7),
(10188, 'S700_2834', 29, '96.11', 8),
(10189, 'S12_2823', 28, '138.57', 1),
(10190, 'S24_2360', 42, '58.87', 3),
(10190, 'S32_2206', 46, '38.62', 1),
(10190, 'S32_4485', 42, '89.80', 4),
(10190, 'S50_4713', 40, '67.53', 2),
(10191, 'S12_1099', 21, '155.66', 3),
(10191, 'S12_3380', 40, '104.52', 1),
(10191, 'S12_3990', 30, '70.22', 4),
(10191, 'S18_3278', 36, '75.59', 6),
(10191, 'S18_3482', 23, '119.06', 5),
(10191, 'S18_3782', 43, '60.93', 9),
(10191, 'S18_4721', 32, '136.90', 8),
(10191, 'S24_3371', 48, '53.27', 2),
(10191, 'S24_4620', 44, '77.61', 7),
(10192, 'S12_4675', 27, '99.04', 16),
(10192, 'S18_1129', 22, '140.12', 11),
(10192, 'S18_1589', 29, '100.80', 7),
(10192, 'S18_1889', 45, '70.84', 15),
(10192, 'S18_1984', 47, '128.03', 10),
(10192, 'S18_2870', 38, '110.88', 8),
(10192, 'S18_3232', 26, '137.17', 12),
(10192, 'S18_3685', 45, '125.74', 9),
(10192, 'S24_1046', 37, '72.02', 4),
(10192, 'S24_1628', 47, '49.30', 6),
(10192, 'S24_2766', 46, '86.33', 2),
(10192, 'S24_2887', 23, '112.74', 1),
(10192, 'S24_2972', 30, '33.23', 13),
(10192, 'S24_3191', 32, '69.34', 3),
(10192, 'S24_3432', 46, '93.16', 5),
(10192, 'S24_3856', 45, '112.34', 14),
(10193, 'S18_1342', 28, '92.47', 7),
(10193, 'S18_1367', 46, '46.36', 6),
(10193, 'S18_1749', 21, '153.00', 14),
(10193, 'S18_2248', 42, '60.54', 13),
(10193, 'S18_2325', 44, '115.69', 11),
(10193, 'S18_2795', 22, '143.44', 8),
(10193, 'S18_2949', 28, '87.13', 1),
(10193, 'S18_2957', 24, '53.09', 3),
(10193, 'S18_3136', 23, '97.39', 2),
(10193, 'S18_3320', 32, '79.37', 5),
(10193, 'S18_4409', 24, '92.03', 15),
(10193, 'S18_4933', 25, '66.28', 16),
(10193, 'S24_1937', 26, '32.19', 10),
(10193, 'S24_2022', 20, '44.80', 9),
(10193, 'S24_3969', 22, '38.16', 12),
(10193, 'S24_4258', 20, '92.52', 4),
(10194, 'S10_1949', 42, '203.59', 11),
(10194, 'S10_4962', 26, '134.44', 4),
(10194, 'S12_1666', 38, '124.37', 8),
(10194, 'S18_1097', 21, '103.84', 10),
(10194, 'S18_2432', 45, '51.05', 2),
(10194, 'S18_4600', 32, '113.82', 5),
(10194, 'S18_4668', 41, '47.79', 9),
(10194, 'S24_2300', 49, '112.46', 1),
(10194, 'S32_1268', 37, '77.05', 3),
(10194, 'S32_3522', 39, '61.41', 7),
(10194, 'S700_2824', 26, '80.92', 6),
(10195, 'S12_4473', 49, '118.50', 6),
(10195, 'S18_2238', 27, '139.17', 5),
(10195, 'S18_2319', 35, '112.91', 9),
(10195, 'S18_3232', 50, '150.71', 10),
(10195, 'S24_1444', 44, '54.33', 3),
(10195, 'S24_2840', 32, '31.82', 7),
(10195, 'S24_4048', 34, '95.81', 2),
(10195, 'S32_2509', 32, '51.95', 8),
(10195, 'S32_3207', 33, '59.03', 1),
(10195, 'S50_1392', 49, '97.23', 4),
(10196, 'S12_1108', 47, '203.64', 5),
(10196, 'S12_3148', 24, '151.08', 6),
(10196, 'S12_3891', 38, '147.07', 4),
(10196, 'S18_3140', 49, '127.03', 1),
(10196, 'S18_3259', 35, '81.68', 3),
(10196, 'S18_4027', 27, '126.39', 8),
(10196, 'S50_1514', 46, '56.82', 7),
(10196, 'S700_1938', 50, '84.88', 2),
(10197, 'S10_4757', 45, '118.32', 6),
(10197, 'S18_3029', 46, '83.44', 4),
(10197, 'S18_3856', 22, '85.75', 3),
(10197, 'S18_4522', 50, '78.99', 14),
(10197, 'S24_2011', 41, '109.37', 13),
(10197, 'S24_3151', 47, '83.20', 8),
(10197, 'S24_3816', 22, '67.93', 5),
(10197, 'S700_1138', 23, '60.00', 9),
(10197, 'S700_2047', 24, '78.75', 2),
(10197, 'S700_2610', 50, '66.50', 7),
(10197, 'S700_3505', 27, '100.17', 10),
(10197, 'S700_3962', 35, '88.39', 11),
(10197, 'S72_1253', 29, '39.73', 1),
(10197, 'S72_3212', 42, '48.59', 12),
(10198, 'S18_1662', 42, '149.81', 4),
(10198, 'S24_2841', 48, '60.97', 5),
(10198, 'S24_3420', 27, '61.81', 6),
(10198, 'S24_3949', 43, '65.51', 3),
(10198, 'S700_2466', 42, '94.73', 1),
(10198, 'S700_4002', 40, '74.03', 2),
(10199, 'S50_1341', 29, '37.97', 1),
(10199, 'S700_1691', 48, '81.29', 2),
(10199, 'S700_3167', 38, '70.40', 3),
(10200, 'S18_2581', 28, '74.34', 3),
(10200, 'S24_1785', 33, '99.57', 5),
(10200, 'S24_4278', 39, '70.28', 4),
(10200, 'S32_1374', 35, '80.91', 1),
(10200, 'S32_4289', 27, '65.35', 6),
(10200, 'S700_2834', 39, '115.09', 2),
(10201, 'S10_1678', 22, '82.30', 2),
(10201, 'S10_2016', 24, '116.56', 5),
(10201, 'S10_4698', 49, '191.72', 4),
(10201, 'S12_2823', 25, '126.52', 1),
(10201, 'S18_2625', 30, '48.46', 6),
(10201, 'S24_1578', 39, '93.54', 3),
(10201, 'S24_2000', 25, '66.27', 7),
(10202, 'S18_3782', 30, '55.33', 3),
(10202, 'S18_4721', 43, '124.99', 2),
(10202, 'S24_2360', 50, '56.10', 6),
(10202, 'S24_4620', 50, '75.18', 1),
(10202, 'S32_2206', 27, '33.39', 4),
(10202, 'S32_4485', 31, '81.64', 7),
(10202, 'S50_4713', 40, '79.73', 5),
(10203, 'S12_1099', 20, '161.49', 8),
(10203, 'S12_3380', 20, '111.57', 6),
(10203, 'S12_3990', 44, '63.84', 9),
(10203, 'S12_4675', 47, '115.16', 5),
(10203, 'S18_1889', 45, '73.15', 4),
(10203, 'S18_3232', 48, '157.49', 1),
(10203, 'S18_3278', 33, '66.74', 11),
(10203, 'S18_3482', 32, '127.88', 10),
(10203, 'S24_2972', 21, '33.23', 2),
(10203, 'S24_3371', 34, '56.94', 7),
(10203, 'S24_3856', 47, '140.43', 3),
(10204, 'S18_1129', 42, '114.65', 17),
(10204, 'S18_1589', 40, '113.24', 13),
(10204, 'S18_1749', 33, '153.00', 4),
(10204, 'S18_1984', 38, '133.72', 16),
(10204, 'S18_2248', 23, '59.33', 3),
(10204, 'S18_2325', 26, '119.50', 1),
(10204, 'S18_2870', 27, '106.92', 14),
(10204, 'S18_3685', 35, '132.80', 15),
(10204, 'S18_4409', 29, '83.75', 5),
(10204, 'S18_4933', 45, '69.84', 6),
(10204, 'S24_1046', 20, '69.82', 10),
(10204, 'S24_1628', 45, '46.79', 12),
(10204, 'S24_2766', 47, '79.06', 8),
(10204, 'S24_2887', 42, '112.74', 7),
(10204, 'S24_3191', 40, '84.75', 9),
(10204, 'S24_3432', 48, '104.94', 11),
(10204, 'S24_3969', 39, '34.88', 2),
(10205, 'S18_1342', 36, '98.63', 2),
(10205, 'S18_1367', 48, '45.82', 1),
(10205, 'S18_2795', 40, '138.38', 3),
(10205, 'S24_1937', 32, '27.88', 5),
(10205, 'S24_2022', 24, '36.74', 4),
(10206, 'S10_1949', 47, '203.59', 6),
(10206, 'S12_1666', 28, '109.34', 3),
(10206, 'S18_1097', 34, '115.50', 5),
(10206, 'S18_2949', 37, '98.27', 7),
(10206, 'S18_2957', 28, '51.84', 9),
(10206, 'S18_3136', 30, '102.63', 8),
(10206, 'S18_3320', 28, '99.21', 11),
(10206, 'S18_4668', 21, '45.78', 4),
(10206, 'S24_4258', 33, '95.44', 10),
(10206, 'S32_3522', 36, '54.94', 2),
(10206, 'S700_2824', 33, '89.01', 1),
(10207, 'S10_4962', 31, '125.58', 15),
(10207, 'S12_4473', 34, '95.99', 7),
(10207, 'S18_2238', 44, '140.81', 6),
(10207, 'S18_2319', 43, '109.23', 10),
(10207, 'S18_2432', 37, '60.77', 13),
(10207, 'S18_3232', 25, '140.55', 11),
(10207, 'S18_4027', 40, '143.62', 1),
(10207, 'S18_4600', 47, '119.87', 16),
(10207, 'S24_1444', 49, '57.80', 4),
(10207, 'S24_2300', 46, '127.79', 12),
(10207, 'S24_2840', 42, '30.76', 8),
(10207, 'S24_4048', 28, '108.82', 3),
(10207, 'S32_1268', 49, '84.75', 14),
(10207, 'S32_2509', 27, '51.95', 9),
(10207, 'S32_3207', 45, '55.30', 2),
(10207, 'S50_1392', 28, '106.49', 5),
(10208, 'S12_1108', 46, '176.63', 13),
(10208, 'S12_3148', 26, '128.42', 14),
(10208, 'S12_3891', 20, '152.26', 12),
(10208, 'S18_3140', 24, '117.47', 9),
(10208, 'S18_3259', 48, '96.81', 11),
(10208, 'S18_4522', 45, '72.85', 8),
(10208, 'S24_2011', 35, '122.89', 7),
(10208, 'S24_3151', 20, '80.54', 2),
(10208, 'S50_1514', 30, '57.99', 15),
(10208, 'S700_1138', 38, '56.67', 3),
(10208, 'S700_1938', 40, '73.62', 10),
(10208, 'S700_2610', 46, '63.61', 1),
(10208, 'S700_3505', 37, '95.16', 4),
(10208, 'S700_3962', 33, '95.34', 5),
(10208, 'S72_3212', 42, '48.05', 6),
(10209, 'S10_4757', 39, '129.20', 8),
(10209, 'S18_3029', 28, '82.58', 6),
(10209, 'S18_3856', 20, '97.40', 5),
(10209, 'S24_2841', 43, '66.45', 1),
(10209, 'S24_3420', 36, '56.55', 2),
(10209, 'S24_3816', 22, '79.67', 7),
(10209, 'S700_2047', 33, '90.52', 4),
(10209, 'S72_1253', 48, '44.20', 3),
(10210, 'S10_2016', 23, '112.99', 2),
(10210, 'S10_4698', 34, '189.79', 1),
(10210, 'S18_1662', 31, '141.92', 17),
(10210, 'S18_2581', 50, '68.43', 7),
(10210, 'S18_2625', 40, '51.48', 3),
(10210, 'S24_1785', 27, '100.67', 9),
(10210, 'S24_2000', 30, '63.22', 4),
(10210, 'S24_3949', 29, '56.64', 16),
(10210, 'S24_4278', 40, '68.10', 8),
(10210, 'S32_1374', 46, '84.91', 5),
(10210, 'S32_4289', 39, '57.10', 10),
(10210, 'S50_1341', 43, '43.20', 11),
(10210, 'S700_1691', 21, '87.69', 12),
(10210, 'S700_2466', 26, '93.74', 14),
(10210, 'S700_2834', 25, '98.48', 6),
(10210, 'S700_3167', 31, '64.00', 13),
(10210, 'S700_4002', 42, '60.70', 15),
(10211, 'S10_1678', 41, '90.92', 14),
(10211, 'S12_1099', 41, '171.22', 2),
(10211, 'S12_2823', 36, '126.52', 13),
(10211, 'S12_3990', 28, '79.80', 3),
(10211, 'S18_3278', 35, '73.17', 5),
(10211, 'S18_3482', 28, '138.17', 4),
(10211, 'S18_3782', 46, '60.30', 8),
(10211, 'S18_4721', 41, '148.80', 7),
(10211, 'S24_1578', 25, '109.32', 15),
(10211, 'S24_2360', 21, '62.33', 11),
(10211, 'S24_3371', 48, '52.66', 1),
(10211, 'S24_4620', 22, '80.84', 6),
(10211, 'S32_2206', 41, '39.83', 9),
(10211, 'S32_4485', 37, '94.91', 12),
(10211, 'S50_4713', 40, '70.78', 10),
(10212, 'S12_3380', 39, '99.82', 16),
(10212, 'S12_4675', 33, '110.55', 15),
(10212, 'S18_1129', 29, '117.48', 10),
(10212, 'S18_1589', 38, '105.77', 6),
(10212, 'S18_1889', 20, '64.68', 14),
(10212, 'S18_1984', 41, '133.72', 9),
(10212, 'S18_2870', 40, '117.48', 7),
(10212, 'S18_3232', 40, '155.79', 11),
(10212, 'S18_3685', 45, '115.85', 8),
(10212, 'S24_1046', 41, '61.73', 3),
(10212, 'S24_1628', 45, '43.27', 5),
(10212, 'S24_2766', 45, '81.78', 1),
(10212, 'S24_2972', 34, '37.38', 12),
(10212, 'S24_3191', 27, '77.91', 2),
(10212, 'S24_3432', 46, '100.66', 4),
(10212, 'S24_3856', 49, '117.96', 13),
(10213, 'S18_4409', 38, '84.67', 1),
(10213, 'S18_4933', 25, '58.44', 2),
(10213, 'S24_2887', 27, '97.48', 3),
(10214, 'S18_1749', 30, '166.60', 7),
(10214, 'S18_2248', 21, '53.28', 6),
(10214, 'S18_2325', 27, '125.86', 4),
(10214, 'S18_2795', 50, '167.06', 1),
(10214, 'S24_1937', 20, '32.19', 3),
(10214, 'S24_2022', 49, '39.87', 2),
(10214, 'S24_3969', 44, '38.57', 5),
(10215, 'S10_1949', 35, '205.73', 3),
(10215, 'S18_1097', 46, '100.34', 2),
(10215, 'S18_1342', 27, '92.47', 10),
(10215, 'S18_1367', 33, '53.91', 9),
(10215, 'S18_2949', 49, '97.26', 4),
(10215, 'S18_2957', 31, '56.21', 6),
(10215, 'S18_3136', 49, '89.01', 5),
(10215, 'S18_3320', 41, '84.33', 8),
(10215, 'S18_4668', 46, '42.76', 1),
(10215, 'S24_4258', 39, '94.47', 7),
(10216, 'S12_1666', 43, '133.94', 1),
(10217, 'S10_4962', 48, '132.97', 4),
(10217, 'S18_2432', 35, '58.34', 2),
(10217, 'S18_4600', 38, '118.66', 5),
(10217, 'S24_2300', 28, '103.51', 1),
(10217, 'S32_1268', 21, '78.97', 3),
(10217, 'S32_3522', 39, '56.24', 7),
(10217, 'S700_2824', 31, '90.02', 6),
(10218, 'S18_2319', 22, '110.46', 1),
(10218, 'S18_3232', 34, '152.41', 2),
(10219, 'S12_4473', 48, '94.80', 2),
(10219, 'S18_2238', 43, '132.62', 1),
(10219, 'S24_2840', 21, '31.12', 3),
(10219, 'S32_2509', 35, '47.62', 4),
(10220, 'S12_1108', 32, '189.10', 2),
(10220, 'S12_3148', 30, '151.08', 3),
(10220, 'S12_3891', 27, '166.10', 1),
(10220, 'S18_4027', 50, '126.39', 5),
(10220, 'S24_1444', 26, '48.55', 8),
(10220, 'S24_4048', 37, '101.72', 7),
(10220, 'S32_3207', 20, '49.71', 6),
(10220, 'S50_1392', 37, '92.60', 9),
(10220, 'S50_1514', 30, '56.82', 4),
(10221, 'S18_3140', 33, '133.86', 3),
(10221, 'S18_3259', 23, '89.75', 5),
(10221, 'S18_4522', 39, '84.26', 2),
(10221, 'S24_2011', 49, '113.06', 1),
(10221, 'S700_1938', 23, '69.29', 4),
(10222, 'S10_4757', 49, '133.28', 12),
(10222, 'S18_1662', 49, '137.19', 4),
(10222, 'S18_3029', 49, '79.14', 10),
(10222, 'S18_3856', 45, '88.93', 9),
(10222, 'S24_2841', 32, '56.86', 5),
(10222, 'S24_3151', 47, '74.35', 14),
(10222, 'S24_3420', 43, '61.15', 6),
(10222, 'S24_3816', 46, '77.99', 11),
(10222, 'S24_3949', 48, '55.27', 3),
(10222, 'S700_1138', 31, '58.67', 15),
(10222, 'S700_2047', 26, '80.56', 8),
(10222, 'S700_2466', 37, '90.75', 1),
(10222, 'S700_2610', 36, '69.39', 13),
(10222, 'S700_3505', 38, '84.14', 16),
(10222, 'S700_3962', 31, '81.43', 17),
(10222, 'S700_4002', 43, '66.63', 2),
(10222, 'S72_1253', 31, '45.19', 7),
(10222, 'S72_3212', 36, '48.59', 18),
(10223, 'S10_1678', 37, '80.39', 1),
(10223, 'S10_2016', 47, '110.61', 4),
(10223, 'S10_4698', 49, '189.79', 3),
(10223, 'S18_2581', 47, '67.58', 9),
(10223, 'S18_2625', 28, '58.75', 5),
(10223, 'S24_1578', 32, '104.81', 2),
(10223, 'S24_1785', 34, '87.54', 11),
(10223, 'S24_2000', 38, '60.94', 6),
(10223, 'S24_4278', 23, '68.10', 10),
(10223, 'S32_1374', 21, '90.90', 7),
(10223, 'S32_4289', 20, '66.73', 12),
(10223, 'S50_1341', 41, '41.02', 13),
(10223, 'S700_1691', 25, '84.03', 14),
(10223, 'S700_2834', 29, '113.90', 8),
(10223, 'S700_3167', 26, '79.20', 15),
(10224, 'S12_2823', 43, '141.58', 6),
(10224, 'S18_3782', 38, '57.20', 1),
(10224, 'S24_2360', 37, '60.26', 4),
(10224, 'S32_2206', 43, '37.01', 2),
(10224, 'S32_4485', 30, '94.91', 5),
(10224, 'S50_4713', 50, '81.36', 3),
(10225, 'S12_1099', 27, '157.60', 9),
(10225, 'S12_3380', 25, '101.00', 7),
(10225, 'S12_3990', 37, '64.64', 10),
(10225, 'S12_4675', 21, '100.19', 6),
(10225, 'S18_1129', 32, '116.06', 1),
(10225, 'S18_1889', 47, '71.61', 5),
(10225, 'S18_3232', 43, '162.57', 2),
(10225, 'S18_3278', 37, '69.96', 12),
(10225, 'S18_3482', 27, '119.06', 11),
(10225, 'S18_4721', 35, '135.41', 14),
(10225, 'S24_2972', 42, '34.74', 3),
(10225, 'S24_3371', 24, '51.43', 8),
(10225, 'S24_3856', 40, '130.60', 4),
(10225, 'S24_4620', 46, '77.61', 13),
(10226, 'S18_1589', 38, '108.26', 4),
(10226, 'S18_1984', 24, '129.45', 7),
(10226, 'S18_2870', 24, '125.40', 5),
(10226, 'S18_3685', 46, '122.91', 6),
(10226, 'S24_1046', 21, '65.41', 1),
(10226, 'S24_1628', 36, '47.79', 3),
(10226, 'S24_3432', 48, '95.30', 2),
(10227, 'S18_1342', 25, '85.27', 3),
(10227, 'S18_1367', 31, '50.14', 2),
(10227, 'S18_1749', 26, '136.00', 10),
(10227, 'S18_2248', 28, '59.93', 9),
(10227, 'S18_2325', 46, '118.23', 7),
(10227, 'S18_2795', 29, '146.81', 4),
(10227, 'S18_3320', 33, '99.21', 1),
(10227, 'S18_4409', 34, '87.43', 11),
(10227, 'S18_4933', 37, '70.56', 12),
(10227, 'S24_1937', 42, '27.22', 6),
(10227, 'S24_2022', 24, '39.42', 5),
(10227, 'S24_2766', 47, '84.51', 14),
(10227, 'S24_2887', 33, '102.17', 13),
(10227, 'S24_3191', 40, '78.76', 15),
(10227, 'S24_3969', 27, '34.88', 8),
(10228, 'S10_1949', 29, '214.30', 2),
(10228, 'S18_1097', 32, '100.34', 1),
(10228, 'S18_2949', 24, '101.31', 3),
(10228, 'S18_2957', 45, '57.46', 5),
(10228, 'S18_3136', 31, '100.53', 4),
(10228, 'S24_4258', 33, '84.73', 6),
(10229, 'S10_4962', 50, '138.88', 9),
(10229, 'S12_1666', 25, '110.70', 13),
(10229, 'S12_4473', 36, '95.99', 1),
(10229, 'S18_2319', 26, '104.32', 4),
(10229, 'S18_2432', 28, '53.48', 7),
(10229, 'S18_3232', 22, '157.49', 5),
(10229, 'S18_4600', 41, '119.87', 10),
(10229, 'S18_4668', 39, '43.77', 14),
(10229, 'S24_2300', 48, '115.01', 6),
(10229, 'S24_2840', 33, '34.65', 2),
(10229, 'S32_1268', 25, '78.97', 8),
(10229, 'S32_2509', 23, '49.78', 3),
(10229, 'S32_3522', 30, '52.36', 12),
(10229, 'S700_2824', 50, '91.04', 11),
(10230, 'S12_3148', 43, '128.42', 1),
(10230, 'S18_2238', 49, '153.91', 8),
(10230, 'S18_4027', 42, '142.18', 3),
(10230, 'S24_1444', 36, '47.40', 6),
(10230, 'S24_4048', 45, '99.36', 5),
(10230, 'S32_3207', 46, '59.03', 4),
(10230, 'S50_1392', 34, '100.70', 7),
(10230, 'S50_1514', 43, '57.41', 2),
(10231, 'S12_1108', 42, '193.25', 2),
(10231, 'S12_3891', 49, '147.07', 1),
(10232, 'S18_3140', 22, '133.86', 6),
(10232, 'S18_3259', 48, '97.81', 8),
(10232, 'S18_4522', 23, '78.12', 5),
(10232, 'S24_2011', 46, '113.06', 4),
(10232, 'S700_1938', 26, '84.88', 7),
(10232, 'S700_3505', 48, '86.15', 1),
(10232, 'S700_3962', 35, '81.43', 2),
(10232, 'S72_3212', 24, '48.59', 3),
(10233, 'S24_3151', 40, '70.81', 2),
(10233, 'S700_1138', 36, '66.00', 3),
(10233, 'S700_2610', 29, '67.94', 1),
(10234, 'S10_4757', 48, '118.32', 9),
(10234, 'S18_1662', 50, '146.65', 1),
(10234, 'S18_3029', 48, '84.30', 7),
(10234, 'S18_3856', 39, '85.75', 6),
(10234, 'S24_2841', 44, '67.14', 2),
(10234, 'S24_3420', 25, '65.09', 3),
(10234, 'S24_3816', 31, '78.83', 8),
(10234, 'S700_2047', 29, '83.28', 5),
(10234, 'S72_1253', 40, '45.69', 4),
(10235, 'S18_2581', 24, '81.95', 3),
(10235, 'S24_1785', 23, '89.72', 5),
(10235, 'S24_3949', 33, '55.27', 12),
(10235, 'S24_4278', 40, '63.03', 4),
(10235, 'S32_1374', 41, '90.90', 1),
(10235, 'S32_4289', 34, '66.73', 6),
(10235, 'S50_1341', 41, '37.09', 7),
(10235, 'S700_1691', 25, '88.60', 8),
(10235, 'S700_2466', 38, '92.74', 10),
(10235, 'S700_2834', 25, '116.28', 2),
(10235, 'S700_3167', 32, '73.60', 9),
(10235, 'S700_4002', 34, '70.33', 11),
(10236, 'S10_2016', 22, '105.86', 1),
(10236, 'S18_2625', 23, '52.70', 2),
(10236, 'S24_2000', 36, '65.51', 3),
(10237, 'S10_1678', 23, '91.87', 7),
(10237, 'S10_4698', 39, '158.80', 9),
(10237, 'S12_2823', 32, '129.53', 6),
(10237, 'S18_3782', 26, '49.74', 1),
(10237, 'S24_1578', 20, '109.32', 8),
(10237, 'S24_2360', 26, '62.33', 4),
(10237, 'S32_2206', 26, '35.00', 2),
(10237, 'S32_4485', 27, '94.91', 5),
(10237, 'S50_4713', 20, '78.92', 3),
(10238, 'S12_1099', 28, '161.49', 3),
(10238, 'S12_3380', 29, '104.52', 1),
(10238, 'S12_3990', 20, '73.42', 4),
(10238, 'S18_3278', 41, '68.35', 6),
(10238, 'S18_3482', 49, '144.05', 5),
(10238, 'S18_4721', 44, '120.53', 8),
(10238, 'S24_3371', 47, '53.88', 2),
(10238, 'S24_4620', 22, '67.91', 7),
(10239, 'S12_4675', 21, '100.19', 5),
(10239, 'S18_1889', 46, '70.07', 4),
(10239, 'S18_3232', 47, '135.47', 1),
(10239, 'S24_2972', 20, '32.47', 2),
(10239, 'S24_3856', 29, '133.41', 3),
(10240, 'S18_1129', 41, '125.97', 3),
(10240, 'S18_1984', 37, '136.56', 2),
(10240, 'S18_3685', 37, '134.22', 1),
(10241, 'S18_1589', 21, '119.46', 11),
(10241, 'S18_1749', 41, '153.00', 2),
(10241, 'S18_2248', 33, '55.70', 1),
(10241, 'S18_2870', 44, '126.72', 12),
(10241, 'S18_4409', 42, '77.31', 3),
(10241, 'S18_4933', 30, '62.72', 4),
(10241, 'S24_1046', 22, '72.02', 8),
(10241, 'S24_1628', 21, '47.29', 10),
(10241, 'S24_2766', 47, '89.05', 6),
(10241, 'S24_2887', 28, '117.44', 5),
(10241, 'S24_3191', 26, '69.34', 7),
(10241, 'S24_3432', 27, '107.08', 9),
(10242, 'S24_3969', 46, '36.52', 1),
(10243, 'S18_2325', 47, '111.87', 2),
(10243, 'S24_1937', 33, '30.87', 1),
(10244, 'S18_1342', 40, '99.66', 7),
(10244, 'S18_1367', 20, '48.52', 6),
(10244, 'S18_2795', 43, '141.75', 8),
(10244, 'S18_2949', 30, '87.13', 1),
(10244, 'S18_2957', 24, '54.96', 3),
(10244, 'S18_3136', 29, '85.87', 2),
(10244, 'S18_3320', 36, '87.30', 5),
(10244, 'S24_2022', 39, '42.11', 9),
(10244, 'S24_4258', 40, '97.39', 4),
(10245, 'S10_1949', 34, '195.01', 9),
(10245, 'S10_4962', 28, '147.74', 2),
(10245, 'S12_1666', 38, '120.27', 6),
(10245, 'S18_1097', 29, '114.34', 8),
(10245, 'S18_4600', 21, '111.39', 3),
(10245, 'S18_4668', 45, '48.80', 7),
(10245, 'S32_1268', 37, '81.86', 1),
(10245, 'S32_3522', 44, '54.94', 5),
(10245, 'S700_2824', 44, '81.93', 4),
(10246, 'S12_4473', 46, '99.54', 5),
(10246, 'S18_2238', 40, '144.08', 4),
(10246, 'S18_2319', 22, '100.64', 8),
(10246, 'S18_2432', 30, '57.73', 11),
(10246, 'S18_3232', 36, '145.63', 9),
(10246, 'S24_1444', 44, '46.24', 2),
(10246, 'S24_2300', 29, '118.84', 10),
(10246, 'S24_2840', 49, '34.65', 6),
(10246, 'S24_4048', 46, '100.54', 1),
(10246, 'S32_2509', 35, '45.45', 7),
(10246, 'S50_1392', 22, '113.44', 3),
(10247, 'S12_1108', 44, '195.33', 2),
(10247, 'S12_3148', 25, '140.50', 3),
(10247, 'S12_3891', 27, '167.83', 1),
(10247, 'S18_4027', 48, '143.62', 5),
(10247, 'S32_3207', 40, '58.41', 6),
(10247, 'S50_1514', 49, '51.55', 4),
(10248, 'S10_4757', 20, '126.48', 3),
(10248, 'S18_3029', 21, '80.86', 1),
(10248, 'S18_3140', 32, '133.86', 12),
(10248, 'S18_3259', 42, '95.80', 14),
(10248, 'S18_4522', 42, '87.77', 11),
(10248, 'S24_2011', 48, '122.89', 10),
(10248, 'S24_3151', 30, '85.85', 5),
(10248, 'S24_3816', 23, '83.02', 2),
(10248, 'S700_1138', 36, '66.00', 6),
(10248, 'S700_1938', 40, '81.41', 13),
(10248, 'S700_2610', 32, '69.39', 4),
(10248, 'S700_3505', 30, '84.14', 7),
(10248, 'S700_3962', 35, '92.36', 8),
(10248, 'S72_3212', 23, '53.51', 9),
(10249, 'S18_3856', 46, '88.93', 5),
(10249, 'S24_2841', 20, '54.81', 1),
(10249, 'S24_3420', 25, '65.75', 2),
(10249, 'S700_2047', 40, '85.99', 4),
(10249, 'S72_1253', 32, '49.16', 3),
(10250, 'S18_1662', 45, '148.23', 14),
(10250, 'S18_2581', 27, '84.48', 4),
(10250, 'S24_1785', 31, '95.20', 6),
(10250, 'S24_2000', 32, '63.22', 1),
(10250, 'S24_3949', 40, '61.42', 13),
(10250, 'S24_4278', 37, '72.45', 5),
(10250, 'S32_1374', 31, '99.89', 2),
(10250, 'S32_4289', 50, '62.60', 7),
(10250, 'S50_1341', 36, '36.66', 8),
(10250, 'S700_1691', 31, '91.34', 9),
(10250, 'S700_2466', 35, '90.75', 11),
(10250, 'S700_2834', 44, '98.48', 3),
(10250, 'S700_3167', 44, '76.00', 10),
(10250, 'S700_4002', 38, '65.89', 12),
(10251, 'S10_1678', 59, '93.79', 2),
(10251, 'S10_2016', 44, '115.37', 5);
INSERT INTO `orderdetails` (`orderNumber`, `productCode`, `quantityOrdered`, `priceEach`, `orderLineNumber`) VALUES
(10251, 'S10_4698', 43, '172.36', 4),
(10251, 'S12_2823', 46, '129.53', 1),
(10251, 'S18_2625', 44, '58.15', 6),
(10251, 'S24_1578', 50, '91.29', 3),
(10252, 'S18_3278', 20, '74.78', 2),
(10252, 'S18_3482', 41, '145.52', 1),
(10252, 'S18_3782', 31, '50.36', 5),
(10252, 'S18_4721', 26, '127.97', 4),
(10252, 'S24_2360', 47, '63.03', 8),
(10252, 'S24_4620', 38, '69.52', 3),
(10252, 'S32_2206', 36, '36.21', 6),
(10252, 'S32_4485', 25, '93.89', 9),
(10252, 'S50_4713', 48, '72.41', 7),
(10253, 'S12_1099', 24, '157.60', 13),
(10253, 'S12_3380', 22, '102.17', 11),
(10253, 'S12_3990', 25, '67.03', 14),
(10253, 'S12_4675', 41, '109.40', 10),
(10253, 'S18_1129', 26, '130.22', 5),
(10253, 'S18_1589', 24, '103.29', 1),
(10253, 'S18_1889', 23, '67.76', 9),
(10253, 'S18_1984', 33, '130.87', 4),
(10253, 'S18_2870', 37, '114.84', 2),
(10253, 'S18_3232', 40, '145.63', 6),
(10253, 'S18_3685', 31, '139.87', 3),
(10253, 'S24_2972', 40, '34.74', 7),
(10253, 'S24_3371', 24, '50.82', 12),
(10253, 'S24_3856', 39, '115.15', 8),
(10254, 'S18_1749', 49, '137.70', 5),
(10254, 'S18_2248', 36, '55.09', 4),
(10254, 'S18_2325', 41, '102.98', 2),
(10254, 'S18_4409', 34, '80.99', 6),
(10254, 'S18_4933', 30, '59.87', 7),
(10254, 'S24_1046', 34, '66.88', 11),
(10254, 'S24_1628', 32, '43.27', 13),
(10254, 'S24_1937', 38, '28.88', 1),
(10254, 'S24_2766', 31, '85.42', 9),
(10254, 'S24_2887', 33, '111.57', 8),
(10254, 'S24_3191', 42, '69.34', 10),
(10254, 'S24_3432', 49, '101.73', 12),
(10254, 'S24_3969', 20, '39.80', 3),
(10255, 'S18_2795', 24, '135.00', 1),
(10255, 'S24_2022', 37, '37.63', 2),
(10256, 'S18_1342', 34, '93.49', 2),
(10256, 'S18_1367', 29, '52.83', 1),
(10257, 'S18_2949', 50, '92.19', 1),
(10257, 'S18_2957', 49, '59.34', 3),
(10257, 'S18_3136', 37, '83.78', 2),
(10257, 'S18_3320', 26, '91.27', 5),
(10257, 'S24_4258', 46, '81.81', 4),
(10258, 'S10_1949', 32, '177.87', 6),
(10258, 'S12_1666', 41, '133.94', 3),
(10258, 'S18_1097', 41, '113.17', 5),
(10258, 'S18_4668', 21, '49.81', 4),
(10258, 'S32_3522', 20, '62.70', 2),
(10258, 'S700_2824', 45, '86.99', 1),
(10259, 'S10_4962', 26, '121.15', 12),
(10259, 'S12_4473', 46, '117.32', 4),
(10259, 'S18_2238', 30, '134.26', 3),
(10259, 'S18_2319', 34, '120.28', 7),
(10259, 'S18_2432', 30, '59.55', 10),
(10259, 'S18_3232', 27, '152.41', 8),
(10259, 'S18_4600', 41, '107.76', 13),
(10259, 'S24_1444', 28, '46.82', 1),
(10259, 'S24_2300', 47, '121.40', 9),
(10259, 'S24_2840', 31, '31.47', 5),
(10259, 'S32_1268', 45, '95.35', 11),
(10259, 'S32_2509', 40, '45.99', 6),
(10259, 'S50_1392', 29, '105.33', 2),
(10260, 'S12_1108', 46, '180.79', 5),
(10260, 'S12_3148', 30, '140.50', 6),
(10260, 'S12_3891', 44, '169.56', 4),
(10260, 'S18_3140', 32, '121.57', 1),
(10260, 'S18_3259', 29, '92.77', 3),
(10260, 'S18_4027', 23, '137.88', 8),
(10260, 'S24_4048', 23, '117.10', 10),
(10260, 'S32_3207', 27, '55.30', 9),
(10260, 'S50_1514', 21, '56.24', 7),
(10260, 'S700_1938', 33, '80.55', 2),
(10261, 'S10_4757', 27, '116.96', 1),
(10261, 'S18_4522', 20, '80.75', 9),
(10261, 'S24_2011', 36, '105.69', 8),
(10261, 'S24_3151', 22, '79.66', 3),
(10261, 'S700_1138', 34, '64.00', 4),
(10261, 'S700_2610', 44, '58.55', 2),
(10261, 'S700_3505', 25, '89.15', 5),
(10261, 'S700_3962', 50, '88.39', 6),
(10261, 'S72_3212', 29, '43.68', 7),
(10262, 'S18_1662', 49, '157.69', 9),
(10262, 'S18_3029', 32, '81.72', 15),
(10262, 'S18_3856', 34, '85.75', 14),
(10262, 'S24_1785', 34, '98.48', 1),
(10262, 'S24_2841', 24, '63.71', 10),
(10262, 'S24_3420', 46, '65.75', 11),
(10262, 'S24_3816', 49, '82.18', 16),
(10262, 'S24_3949', 48, '58.69', 8),
(10262, 'S32_4289', 40, '63.97', 2),
(10262, 'S50_1341', 49, '35.78', 3),
(10262, 'S700_1691', 40, '87.69', 4),
(10262, 'S700_2047', 44, '83.28', 13),
(10262, 'S700_2466', 33, '81.77', 6),
(10262, 'S700_3167', 27, '64.80', 5),
(10262, 'S700_4002', 35, '64.41', 7),
(10262, 'S72_1253', 21, '41.71', 12),
(10263, 'S10_1678', 34, '89.00', 2),
(10263, 'S10_2016', 40, '107.05', 5),
(10263, 'S10_4698', 41, '193.66', 4),
(10263, 'S12_2823', 48, '123.51', 1),
(10263, 'S18_2581', 33, '67.58', 10),
(10263, 'S18_2625', 34, '50.27', 6),
(10263, 'S24_1578', 42, '109.32', 3),
(10263, 'S24_2000', 37, '67.03', 7),
(10263, 'S24_4278', 24, '59.41', 11),
(10263, 'S32_1374', 31, '93.90', 8),
(10263, 'S700_2834', 47, '117.46', 9),
(10264, 'S18_3782', 48, '58.44', 3),
(10264, 'S18_4721', 20, '124.99', 2),
(10264, 'S24_2360', 37, '61.64', 6),
(10264, 'S24_4620', 47, '75.18', 1),
(10264, 'S32_2206', 20, '39.02', 4),
(10264, 'S32_4485', 34, '100.01', 7),
(10264, 'S50_4713', 47, '67.53', 5),
(10265, 'S18_3278', 45, '74.78', 2),
(10265, 'S18_3482', 49, '123.47', 1),
(10266, 'S12_1099', 44, '188.73', 14),
(10266, 'S12_3380', 22, '110.39', 12),
(10266, 'S12_3990', 35, '67.83', 15),
(10266, 'S12_4675', 40, '112.86', 11),
(10266, 'S18_1129', 21, '131.63', 6),
(10266, 'S18_1589', 36, '99.55', 2),
(10266, 'S18_1889', 33, '77.00', 10),
(10266, 'S18_1984', 49, '139.41', 5),
(10266, 'S18_2870', 20, '113.52', 3),
(10266, 'S18_3232', 29, '137.17', 7),
(10266, 'S18_3685', 33, '127.15', 4),
(10266, 'S24_1628', 28, '40.25', 1),
(10266, 'S24_2972', 34, '35.12', 8),
(10266, 'S24_3371', 47, '56.33', 13),
(10266, 'S24_3856', 24, '119.37', 9),
(10267, 'S18_4933', 36, '71.27', 1),
(10267, 'S24_1046', 40, '72.02', 5),
(10267, 'S24_2766', 38, '76.33', 3),
(10267, 'S24_2887', 43, '93.95', 2),
(10267, 'S24_3191', 44, '83.90', 4),
(10267, 'S24_3432', 43, '98.51', 6),
(10268, 'S18_1342', 49, '93.49', 3),
(10268, 'S18_1367', 26, '45.82', 2),
(10268, 'S18_1749', 34, '164.90', 10),
(10268, 'S18_2248', 31, '60.54', 9),
(10268, 'S18_2325', 50, '124.59', 7),
(10268, 'S18_2795', 35, '148.50', 4),
(10268, 'S18_3320', 39, '96.23', 1),
(10268, 'S18_4409', 35, '84.67', 11),
(10268, 'S24_1937', 33, '31.86', 6),
(10268, 'S24_2022', 40, '36.29', 5),
(10268, 'S24_3969', 30, '37.75', 8),
(10269, 'S18_2957', 32, '57.46', 1),
(10269, 'S24_4258', 48, '95.44', 2),
(10270, 'S10_1949', 21, '171.44', 9),
(10270, 'S10_4962', 32, '124.10', 2),
(10270, 'S12_1666', 28, '135.30', 6),
(10270, 'S18_1097', 43, '94.50', 8),
(10270, 'S18_2949', 31, '81.05', 10),
(10270, 'S18_3136', 38, '85.87', 11),
(10270, 'S18_4600', 38, '107.76', 3),
(10270, 'S18_4668', 44, '40.25', 7),
(10270, 'S32_1268', 32, '93.42', 1),
(10270, 'S32_3522', 21, '52.36', 5),
(10270, 'S700_2824', 46, '101.15', 4),
(10271, 'S12_4473', 31, '99.54', 5),
(10271, 'S18_2238', 50, '147.36', 4),
(10271, 'S18_2319', 50, '121.50', 8),
(10271, 'S18_2432', 25, '59.55', 11),
(10271, 'S18_3232', 20, '169.34', 9),
(10271, 'S24_1444', 45, '49.71', 2),
(10271, 'S24_2300', 43, '122.68', 10),
(10271, 'S24_2840', 38, '28.64', 6),
(10271, 'S24_4048', 22, '110.00', 1),
(10271, 'S32_2509', 35, '51.95', 7),
(10271, 'S50_1392', 34, '93.76', 3),
(10272, 'S12_1108', 35, '187.02', 2),
(10272, 'S12_3148', 27, '123.89', 3),
(10272, 'S12_3891', 39, '148.80', 1),
(10272, 'S18_4027', 25, '126.39', 5),
(10272, 'S32_3207', 45, '56.55', 6),
(10272, 'S50_1514', 43, '53.89', 4),
(10273, 'S10_4757', 30, '136.00', 4),
(10273, 'S18_3029', 34, '84.30', 2),
(10273, 'S18_3140', 40, '117.47', 13),
(10273, 'S18_3259', 47, '87.73', 15),
(10273, 'S18_3856', 50, '105.87', 1),
(10273, 'S18_4522', 33, '72.85', 12),
(10273, 'S24_2011', 22, '103.23', 11),
(10273, 'S24_3151', 27, '84.08', 6),
(10273, 'S24_3816', 48, '83.86', 3),
(10273, 'S700_1138', 21, '66.00', 7),
(10273, 'S700_1938', 21, '77.95', 14),
(10273, 'S700_2610', 42, '57.82', 5),
(10273, 'S700_3505', 40, '91.15', 8),
(10273, 'S700_3962', 26, '89.38', 9),
(10273, 'S72_3212', 37, '51.32', 10),
(10274, 'S18_1662', 41, '129.31', 1),
(10274, 'S24_2841', 40, '56.86', 2),
(10274, 'S24_3420', 24, '65.09', 3),
(10274, 'S700_2047', 24, '75.13', 5),
(10274, 'S72_1253', 32, '49.66', 4),
(10275, 'S10_1678', 45, '81.35', 1),
(10275, 'S10_2016', 22, '115.37', 4),
(10275, 'S10_4698', 36, '154.93', 3),
(10275, 'S18_2581', 35, '70.12', 9),
(10275, 'S18_2625', 37, '52.09', 5),
(10275, 'S24_1578', 21, '105.94', 2),
(10275, 'S24_1785', 25, '97.38', 11),
(10275, 'S24_2000', 30, '61.70', 6),
(10275, 'S24_3949', 41, '58.00', 18),
(10275, 'S24_4278', 27, '67.38', 10),
(10275, 'S32_1374', 23, '89.90', 7),
(10275, 'S32_4289', 28, '58.47', 12),
(10275, 'S50_1341', 38, '40.15', 13),
(10275, 'S700_1691', 32, '85.86', 14),
(10275, 'S700_2466', 39, '82.77', 16),
(10275, 'S700_2834', 48, '102.04', 8),
(10275, 'S700_3167', 43, '72.00', 15),
(10275, 'S700_4002', 31, '59.96', 17),
(10276, 'S12_1099', 50, '184.84', 3),
(10276, 'S12_2823', 43, '150.62', 14),
(10276, 'S12_3380', 47, '104.52', 1),
(10276, 'S12_3990', 38, '67.83', 4),
(10276, 'S18_3278', 38, '78.00', 6),
(10276, 'S18_3482', 30, '139.64', 5),
(10276, 'S18_3782', 33, '54.71', 9),
(10276, 'S18_4721', 48, '120.53', 8),
(10276, 'S24_2360', 46, '61.64', 12),
(10276, 'S24_3371', 20, '58.17', 2),
(10276, 'S24_4620', 48, '67.10', 7),
(10276, 'S32_2206', 27, '35.40', 10),
(10276, 'S32_4485', 38, '94.91', 13),
(10276, 'S50_4713', 21, '67.53', 11),
(10277, 'S12_4675', 28, '93.28', 1),
(10278, 'S18_1129', 34, '114.65', 6),
(10278, 'S18_1589', 23, '107.02', 2),
(10278, 'S18_1889', 29, '73.15', 10),
(10278, 'S18_1984', 29, '118.07', 5),
(10278, 'S18_2870', 39, '117.48', 3),
(10278, 'S18_3232', 42, '167.65', 7),
(10278, 'S18_3685', 31, '114.44', 4),
(10278, 'S24_1628', 35, '48.80', 1),
(10278, 'S24_2972', 31, '37.38', 8),
(10278, 'S24_3856', 25, '136.22', 9),
(10279, 'S18_4933', 26, '68.42', 1),
(10279, 'S24_1046', 32, '68.35', 5),
(10279, 'S24_2766', 49, '76.33', 3),
(10279, 'S24_2887', 48, '106.87', 2),
(10279, 'S24_3191', 33, '78.76', 4),
(10279, 'S24_3432', 48, '95.30', 6),
(10280, 'S10_1949', 34, '205.73', 2),
(10280, 'S18_1097', 24, '98.00', 1),
(10280, 'S18_1342', 50, '87.33', 9),
(10280, 'S18_1367', 27, '47.44', 8),
(10280, 'S18_1749', 26, '161.50', 16),
(10280, 'S18_2248', 25, '53.28', 15),
(10280, 'S18_2325', 37, '109.33', 13),
(10280, 'S18_2795', 22, '158.63', 10),
(10280, 'S18_2949', 46, '82.06', 3),
(10280, 'S18_2957', 43, '54.34', 5),
(10280, 'S18_3136', 29, '102.63', 4),
(10280, 'S18_3320', 34, '99.21', 7),
(10280, 'S18_4409', 35, '77.31', 17),
(10280, 'S24_1937', 20, '29.87', 12),
(10280, 'S24_2022', 45, '36.29', 11),
(10280, 'S24_3969', 33, '35.29', 14),
(10280, 'S24_4258', 21, '79.86', 6),
(10281, 'S10_4962', 44, '132.97', 9),
(10281, 'S12_1666', 25, '127.10', 13),
(10281, 'S12_4473', 41, '98.36', 1),
(10281, 'S18_2319', 48, '114.14', 4),
(10281, 'S18_2432', 29, '56.52', 7),
(10281, 'S18_3232', 25, '135.47', 5),
(10281, 'S18_4600', 25, '96.86', 10),
(10281, 'S18_4668', 44, '42.76', 14),
(10281, 'S24_2300', 25, '112.46', 6),
(10281, 'S24_2840', 20, '33.95', 2),
(10281, 'S32_1268', 29, '80.90', 8),
(10281, 'S32_2509', 31, '44.91', 3),
(10281, 'S32_3522', 36, '59.47', 12),
(10281, 'S700_2824', 27, '89.01', 11),
(10282, 'S12_1108', 41, '176.63', 5),
(10282, 'S12_3148', 27, '142.02', 6),
(10282, 'S12_3891', 24, '169.56', 4),
(10282, 'S18_2238', 23, '147.36', 13),
(10282, 'S18_3140', 43, '122.93', 1),
(10282, 'S18_3259', 36, '88.74', 3),
(10282, 'S18_4027', 31, '132.13', 8),
(10282, 'S24_1444', 29, '49.71', 11),
(10282, 'S24_4048', 39, '96.99', 10),
(10282, 'S32_3207', 36, '51.58', 9),
(10282, 'S50_1392', 38, '114.59', 12),
(10282, 'S50_1514', 37, '56.24', 7),
(10282, 'S700_1938', 43, '77.95', 2),
(10283, 'S10_4757', 25, '130.56', 6),
(10283, 'S18_3029', 21, '78.28', 4),
(10283, 'S18_3856', 46, '100.58', 3),
(10283, 'S18_4522', 34, '71.97', 14),
(10283, 'S24_2011', 42, '99.54', 13),
(10283, 'S24_3151', 34, '80.54', 8),
(10283, 'S24_3816', 33, '77.15', 5),
(10283, 'S700_1138', 45, '62.00', 9),
(10283, 'S700_2047', 20, '74.23', 2),
(10283, 'S700_2610', 47, '68.67', 7),
(10283, 'S700_3505', 22, '88.15', 10),
(10283, 'S700_3962', 38, '85.41', 11),
(10283, 'S72_1253', 43, '41.22', 1),
(10283, 'S72_3212', 33, '49.14', 12),
(10284, 'S18_1662', 45, '137.19', 11),
(10284, 'S18_2581', 31, '68.43', 1),
(10284, 'S24_1785', 22, '101.76', 3),
(10284, 'S24_2841', 30, '65.08', 12),
(10284, 'S24_3420', 39, '59.83', 13),
(10284, 'S24_3949', 21, '65.51', 10),
(10284, 'S24_4278', 21, '66.65', 2),
(10284, 'S32_4289', 50, '60.54', 4),
(10284, 'S50_1341', 33, '35.78', 5),
(10284, 'S700_1691', 24, '87.69', 6),
(10284, 'S700_2466', 45, '95.73', 8),
(10284, 'S700_3167', 25, '68.00', 7),
(10284, 'S700_4002', 32, '73.29', 9),
(10285, 'S10_1678', 36, '95.70', 6),
(10285, 'S10_2016', 47, '110.61', 9),
(10285, 'S10_4698', 27, '166.55', 8),
(10285, 'S12_2823', 49, '131.04', 5),
(10285, 'S18_2625', 20, '50.88', 10),
(10285, 'S24_1578', 34, '91.29', 7),
(10285, 'S24_2000', 39, '61.70', 11),
(10285, 'S24_2360', 38, '64.41', 3),
(10285, 'S32_1374', 37, '82.91', 12),
(10285, 'S32_2206', 37, '36.61', 1),
(10285, 'S32_4485', 26, '100.01', 4),
(10285, 'S50_4713', 39, '76.48', 2),
(10285, 'S700_2834', 45, '102.04', 13),
(10286, 'S18_3782', 38, '51.60', 1),
(10287, 'S12_1099', 21, '190.68', 12),
(10287, 'S12_3380', 45, '117.44', 10),
(10287, 'S12_3990', 41, '74.21', 13),
(10287, 'S12_4675', 23, '107.10', 9),
(10287, 'S18_1129', 41, '113.23', 4),
(10287, 'S18_1889', 44, '61.60', 8),
(10287, 'S18_1984', 24, '123.76', 3),
(10287, 'S18_2870', 44, '114.84', 1),
(10287, 'S18_3232', 36, '137.17', 5),
(10287, 'S18_3278', 43, '68.35', 15),
(10287, 'S18_3482', 40, '127.88', 14),
(10287, 'S18_3685', 27, '139.87', 2),
(10287, 'S18_4721', 34, '119.04', 17),
(10287, 'S24_2972', 36, '31.34', 6),
(10287, 'S24_3371', 20, '58.17', 11),
(10287, 'S24_3856', 36, '137.62', 7),
(10287, 'S24_4620', 40, '79.22', 16),
(10288, 'S18_1589', 20, '120.71', 14),
(10288, 'S18_1749', 32, '168.30', 5),
(10288, 'S18_2248', 28, '50.25', 4),
(10288, 'S18_2325', 31, '102.98', 2),
(10288, 'S18_4409', 35, '90.19', 6),
(10288, 'S18_4933', 23, '57.02', 7),
(10288, 'S24_1046', 36, '66.88', 11),
(10288, 'S24_1628', 50, '49.30', 13),
(10288, 'S24_1937', 29, '32.19', 1),
(10288, 'S24_2766', 35, '81.78', 9),
(10288, 'S24_2887', 48, '109.22', 8),
(10288, 'S24_3191', 34, '76.19', 10),
(10288, 'S24_3432', 41, '101.73', 12),
(10288, 'S24_3969', 33, '37.75', 3),
(10289, 'S18_1342', 38, '92.47', 2),
(10289, 'S18_1367', 24, '44.75', 1),
(10289, 'S18_2795', 43, '141.75', 3),
(10289, 'S24_2022', 45, '41.22', 4),
(10290, 'S18_3320', 26, '80.36', 2),
(10290, 'S24_4258', 45, '83.76', 1),
(10291, 'S10_1949', 37, '210.01', 11),
(10291, 'S10_4962', 30, '141.83', 4),
(10291, 'S12_1666', 41, '123.00', 8),
(10291, 'S18_1097', 41, '96.84', 10),
(10291, 'S18_2432', 26, '52.26', 2),
(10291, 'S18_2949', 47, '99.28', 12),
(10291, 'S18_2957', 37, '56.21', 14),
(10291, 'S18_3136', 23, '93.20', 13),
(10291, 'S18_4600', 48, '96.86', 5),
(10291, 'S18_4668', 29, '45.28', 9),
(10291, 'S24_2300', 48, '109.90', 1),
(10291, 'S32_1268', 26, '82.83', 3),
(10291, 'S32_3522', 32, '53.00', 7),
(10291, 'S700_2824', 28, '86.99', 6),
(10292, 'S12_4473', 21, '94.80', 8),
(10292, 'S18_2238', 26, '140.81', 7),
(10292, 'S18_2319', 41, '103.09', 11),
(10292, 'S18_3232', 21, '147.33', 12),
(10292, 'S18_4027', 44, '114.90', 2),
(10292, 'S24_1444', 40, '48.55', 5),
(10292, 'S24_2840', 39, '34.30', 9),
(10292, 'S24_4048', 27, '113.55', 4),
(10292, 'S32_2509', 50, '54.11', 10),
(10292, 'S32_3207', 31, '59.65', 3),
(10292, 'S50_1392', 41, '113.44', 6),
(10292, 'S50_1514', 35, '49.79', 1),
(10293, 'S12_1108', 46, '187.02', 8),
(10293, 'S12_3148', 24, '129.93', 9),
(10293, 'S12_3891', 45, '171.29', 7),
(10293, 'S18_3140', 24, '110.64', 4),
(10293, 'S18_3259', 22, '91.76', 6),
(10293, 'S18_4522', 49, '72.85', 3),
(10293, 'S24_2011', 21, '111.83', 2),
(10293, 'S700_1938', 29, '77.95', 5),
(10293, 'S72_3212', 32, '51.32', 1),
(10294, 'S700_3962', 45, '98.32', 1),
(10295, 'S10_4757', 24, '136.00', 1),
(10295, 'S24_3151', 46, '84.08', 3),
(10295, 'S700_1138', 26, '62.00', 4),
(10295, 'S700_2610', 44, '71.56', 2),
(10295, 'S700_3505', 34, '93.16', 5),
(10296, 'S18_1662', 36, '146.65', 7),
(10296, 'S18_3029', 21, '69.68', 13),
(10296, 'S18_3856', 22, '105.87', 12),
(10296, 'S24_2841', 21, '60.97', 8),
(10296, 'S24_3420', 31, '63.78', 9),
(10296, 'S24_3816', 22, '83.02', 14),
(10296, 'S24_3949', 32, '63.46', 6),
(10296, 'S50_1341', 26, '41.02', 1),
(10296, 'S700_1691', 42, '75.81', 2),
(10296, 'S700_2047', 34, '89.61', 11),
(10296, 'S700_2466', 24, '96.73', 4),
(10296, 'S700_3167', 22, '74.40', 3),
(10296, 'S700_4002', 47, '61.44', 5),
(10296, 'S72_1253', 21, '46.68', 10),
(10297, 'S18_2581', 25, '81.95', 4),
(10297, 'S24_1785', 32, '107.23', 6),
(10297, 'S24_2000', 32, '70.08', 1),
(10297, 'S24_4278', 23, '71.73', 5),
(10297, 'S32_1374', 26, '88.90', 2),
(10297, 'S32_4289', 28, '63.29', 7),
(10297, 'S700_2834', 35, '111.53', 3),
(10298, 'S10_2016', 39, '105.86', 1),
(10298, 'S18_2625', 32, '60.57', 2),
(10299, 'S10_1678', 23, '76.56', 9),
(10299, 'S10_4698', 29, '164.61', 11),
(10299, 'S12_2823', 24, '123.51', 8),
(10299, 'S18_3782', 39, '62.17', 3),
(10299, 'S18_4721', 49, '119.04', 2),
(10299, 'S24_1578', 47, '107.07', 10),
(10299, 'S24_2360', 33, '58.87', 6),
(10299, 'S24_4620', 32, '66.29', 1),
(10299, 'S32_2206', 24, '36.21', 4),
(10299, 'S32_4485', 38, '84.70', 7),
(10299, 'S50_4713', 44, '77.29', 5),
(10300, 'S12_1099', 33, '184.84', 5),
(10300, 'S12_3380', 29, '116.27', 3),
(10300, 'S12_3990', 22, '76.61', 6),
(10300, 'S12_4675', 23, '95.58', 2),
(10300, 'S18_1889', 41, '63.14', 1),
(10300, 'S18_3278', 49, '65.94', 8),
(10300, 'S18_3482', 23, '144.05', 7),
(10300, 'S24_3371', 31, '52.05', 4),
(10301, 'S18_1129', 37, '114.65', 8),
(10301, 'S18_1589', 32, '118.22', 4),
(10301, 'S18_1984', 47, '119.49', 7),
(10301, 'S18_2870', 22, '113.52', 5),
(10301, 'S18_3232', 23, '135.47', 9),
(10301, 'S18_3685', 39, '137.04', 6),
(10301, 'S24_1046', 27, '64.67', 1),
(10301, 'S24_1628', 22, '40.75', 3),
(10301, 'S24_2972', 48, '32.10', 10),
(10301, 'S24_3432', 22, '86.73', 2),
(10301, 'S24_3856', 50, '122.17', 11),
(10302, 'S18_1749', 43, '166.60', 1),
(10302, 'S18_4409', 38, '82.83', 2),
(10302, 'S18_4933', 23, '70.56', 3),
(10302, 'S24_2766', 49, '75.42', 5),
(10302, 'S24_2887', 45, '104.52', 4),
(10302, 'S24_3191', 48, '74.48', 6),
(10303, 'S18_2248', 46, '56.91', 2),
(10303, 'S24_3969', 24, '35.70', 1),
(10304, 'S10_1949', 47, '201.44', 6),
(10304, 'S12_1666', 39, '117.54', 3),
(10304, 'S18_1097', 46, '106.17', 5),
(10304, 'S18_1342', 37, '95.55', 13),
(10304, 'S18_1367', 37, '46.90', 12),
(10304, 'S18_2325', 24, '102.98', 17),
(10304, 'S18_2795', 20, '141.75', 14),
(10304, 'S18_2949', 46, '98.27', 7),
(10304, 'S18_2957', 24, '54.34', 9),
(10304, 'S18_3136', 26, '90.06', 8),
(10304, 'S18_3320', 38, '95.24', 11),
(10304, 'S18_4668', 34, '44.27', 4),
(10304, 'S24_1937', 23, '29.21', 16),
(10304, 'S24_2022', 44, '42.11', 15),
(10304, 'S24_4258', 33, '80.83', 10),
(10304, 'S32_3522', 36, '52.36', 2),
(10304, 'S700_2824', 40, '80.92', 1),
(10305, 'S10_4962', 38, '130.01', 13),
(10305, 'S12_4473', 38, '107.84', 5),
(10305, 'S18_2238', 27, '132.62', 4),
(10305, 'S18_2319', 36, '117.82', 8),
(10305, 'S18_2432', 41, '58.95', 11),
(10305, 'S18_3232', 37, '160.87', 9),
(10305, 'S18_4600', 22, '112.60', 14),
(10305, 'S24_1444', 45, '48.55', 2),
(10305, 'S24_2300', 24, '107.34', 10),
(10305, 'S24_2840', 48, '30.76', 6),
(10305, 'S24_4048', 36, '118.28', 1),
(10305, 'S32_1268', 28, '94.38', 12),
(10305, 'S32_2509', 40, '48.70', 7),
(10305, 'S50_1392', 42, '109.96', 3),
(10306, 'S12_1108', 31, '182.86', 13),
(10306, 'S12_3148', 34, '145.04', 14),
(10306, 'S12_3891', 20, '145.34', 12),
(10306, 'S18_3140', 32, '114.74', 9),
(10306, 'S18_3259', 40, '83.70', 11),
(10306, 'S18_4027', 23, '126.39', 16),
(10306, 'S18_4522', 39, '85.14', 8),
(10306, 'S24_2011', 29, '109.37', 7),
(10306, 'S24_3151', 31, '76.12', 2),
(10306, 'S32_3207', 46, '60.28', 17),
(10306, 'S50_1514', 34, '51.55', 15),
(10306, 'S700_1138', 50, '61.34', 3),
(10306, 'S700_1938', 38, '73.62', 10),
(10306, 'S700_2610', 43, '62.16', 1),
(10306, 'S700_3505', 32, '99.17', 4),
(10306, 'S700_3962', 30, '87.39', 5),
(10306, 'S72_3212', 35, '48.05', 6),
(10307, 'S10_4757', 22, '118.32', 9),
(10307, 'S18_1662', 39, '135.61', 1),
(10307, 'S18_3029', 31, '71.40', 7),
(10307, 'S18_3856', 48, '92.11', 6),
(10307, 'S24_2841', 25, '58.23', 2),
(10307, 'S24_3420', 22, '64.44', 3),
(10307, 'S24_3816', 22, '75.47', 8),
(10307, 'S700_2047', 34, '81.47', 5),
(10307, 'S72_1253', 34, '44.20', 4),
(10308, 'S10_2016', 34, '115.37', 2),
(10308, 'S10_4698', 20, '187.85', 1),
(10308, 'S18_2581', 27, '81.95', 7),
(10308, 'S18_2625', 34, '48.46', 3),
(10308, 'S24_1785', 31, '99.57', 9),
(10308, 'S24_2000', 47, '68.55', 4),
(10308, 'S24_3949', 43, '58.00', 16),
(10308, 'S24_4278', 44, '71.73', 8),
(10308, 'S32_1374', 24, '99.89', 5),
(10308, 'S32_4289', 46, '61.22', 10),
(10308, 'S50_1341', 47, '37.09', 11),
(10308, 'S700_1691', 21, '73.07', 12),
(10308, 'S700_2466', 35, '88.75', 14),
(10308, 'S700_2834', 31, '100.85', 6),
(10308, 'S700_3167', 21, '79.20', 13),
(10308, 'S700_4002', 39, '62.93', 15),
(10309, 'S10_1678', 41, '94.74', 5),
(10309, 'S12_2823', 26, '144.60', 4),
(10309, 'S24_1578', 21, '96.92', 6),
(10309, 'S24_2360', 24, '59.56', 2),
(10309, 'S32_4485', 50, '93.89', 3),
(10309, 'S50_4713', 28, '74.04', 1),
(10310, 'S12_1099', 33, '165.38', 10),
(10310, 'S12_3380', 24, '105.70', 8),
(10310, 'S12_3990', 49, '77.41', 11),
(10310, 'S12_4675', 25, '101.34', 7),
(10310, 'S18_1129', 37, '128.80', 2),
(10310, 'S18_1889', 20, '66.99', 6),
(10310, 'S18_1984', 24, '129.45', 1),
(10310, 'S18_3232', 48, '159.18', 3),
(10310, 'S18_3278', 27, '70.76', 13),
(10310, 'S18_3482', 49, '122.00', 12),
(10310, 'S18_3782', 42, '59.06', 16),
(10310, 'S18_4721', 40, '133.92', 15),
(10310, 'S24_2972', 33, '33.23', 4),
(10310, 'S24_3371', 38, '50.21', 9),
(10310, 'S24_3856', 45, '139.03', 5),
(10310, 'S24_4620', 49, '75.18', 14),
(10310, 'S32_2206', 36, '38.62', 17),
(10311, 'S18_1589', 29, '124.44', 9),
(10311, 'S18_2870', 43, '114.84', 10),
(10311, 'S18_3685', 32, '134.22', 11),
(10311, 'S18_4409', 41, '92.03', 1),
(10311, 'S18_4933', 25, '66.99', 2),
(10311, 'S24_1046', 26, '70.55', 6),
(10311, 'S24_1628', 45, '48.80', 8),
(10311, 'S24_2766', 28, '89.05', 4),
(10311, 'S24_2887', 43, '116.27', 3),
(10311, 'S24_3191', 25, '85.61', 5),
(10311, 'S24_3432', 46, '91.02', 7),
(10312, 'S10_1949', 48, '214.30', 3),
(10312, 'S18_1097', 32, '101.50', 2),
(10312, 'S18_1342', 43, '102.74', 10),
(10312, 'S18_1367', 25, '43.67', 9),
(10312, 'S18_1749', 48, '146.20', 17),
(10312, 'S18_2248', 30, '48.43', 16),
(10312, 'S18_2325', 31, '111.87', 14),
(10312, 'S18_2795', 25, '150.19', 11),
(10312, 'S18_2949', 37, '91.18', 4),
(10312, 'S18_2957', 35, '54.34', 6),
(10312, 'S18_3136', 38, '93.20', 5),
(10312, 'S18_3320', 33, '84.33', 8),
(10312, 'S18_4668', 39, '44.27', 1),
(10312, 'S24_1937', 39, '27.88', 13),
(10312, 'S24_2022', 23, '43.46', 12),
(10312, 'S24_3969', 31, '40.21', 15),
(10312, 'S24_4258', 44, '96.42', 7),
(10313, 'S10_4962', 40, '141.83', 7),
(10313, 'S12_1666', 21, '131.20', 11),
(10313, 'S18_2319', 29, '109.23', 2),
(10313, 'S18_2432', 34, '52.87', 5),
(10313, 'S18_3232', 25, '143.94', 3),
(10313, 'S18_4600', 28, '110.18', 8),
(10313, 'S24_2300', 42, '102.23', 4),
(10313, 'S32_1268', 27, '96.31', 6),
(10313, 'S32_2509', 38, '48.70', 1),
(10313, 'S32_3522', 34, '55.59', 10),
(10313, 'S700_2824', 30, '96.09', 9),
(10314, 'S12_1108', 38, '176.63', 5),
(10314, 'S12_3148', 46, '125.40', 6),
(10314, 'S12_3891', 36, '169.56', 4),
(10314, 'S12_4473', 45, '95.99', 14),
(10314, 'S18_2238', 42, '135.90', 13),
(10314, 'S18_3140', 20, '129.76', 1),
(10314, 'S18_3259', 23, '84.71', 3),
(10314, 'S18_4027', 29, '129.26', 8),
(10314, 'S24_1444', 44, '51.44', 11),
(10314, 'S24_2840', 39, '31.82', 15),
(10314, 'S24_4048', 38, '111.18', 10),
(10314, 'S32_3207', 35, '58.41', 9),
(10314, 'S50_1392', 28, '115.75', 12),
(10314, 'S50_1514', 38, '50.38', 7),
(10314, 'S700_1938', 23, '83.15', 2),
(10315, 'S18_4522', 36, '78.12', 7),
(10315, 'S24_2011', 35, '111.83', 6),
(10315, 'S24_3151', 24, '78.77', 1),
(10315, 'S700_1138', 41, '60.67', 2),
(10315, 'S700_3505', 31, '99.17', 3),
(10315, 'S700_3962', 37, '88.39', 4),
(10315, 'S72_3212', 40, '51.32', 5),
(10316, 'S10_4757', 33, '126.48', 17),
(10316, 'S18_1662', 27, '140.34', 9),
(10316, 'S18_3029', 21, '72.26', 15),
(10316, 'S18_3856', 47, '89.99', 14),
(10316, 'S24_1785', 25, '93.01', 1),
(10316, 'S24_2841', 34, '67.14', 10),
(10316, 'S24_3420', 47, '55.23', 11),
(10316, 'S24_3816', 25, '77.15', 16),
(10316, 'S24_3949', 30, '67.56', 8),
(10316, 'S32_4289', 24, '59.16', 2),
(10316, 'S50_1341', 34, '36.66', 3),
(10316, 'S700_1691', 34, '74.90', 4),
(10316, 'S700_2047', 45, '73.32', 13),
(10316, 'S700_2466', 23, '85.76', 6),
(10316, 'S700_2610', 48, '67.22', 18),
(10316, 'S700_3167', 48, '77.60', 5),
(10316, 'S700_4002', 44, '68.11', 7),
(10316, 'S72_1253', 34, '43.70', 12),
(10317, 'S24_4278', 35, '69.55', 1),
(10318, 'S10_1678', 46, '84.22', 1),
(10318, 'S10_2016', 45, '102.29', 4),
(10318, 'S10_4698', 37, '189.79', 3),
(10318, 'S18_2581', 31, '81.95', 9),
(10318, 'S18_2625', 42, '49.67', 5),
(10318, 'S24_1578', 48, '93.54', 2),
(10318, 'S24_2000', 26, '60.94', 6),
(10318, 'S32_1374', 47, '81.91', 7),
(10318, 'S700_2834', 50, '102.04', 8),
(10319, 'S12_2823', 30, '134.05', 9),
(10319, 'S18_3278', 46, '77.19', 1),
(10319, 'S18_3782', 44, '54.71', 4),
(10319, 'S18_4721', 45, '120.53', 3),
(10319, 'S24_2360', 31, '65.80', 7),
(10319, 'S24_4620', 43, '78.41', 2),
(10319, 'S32_2206', 29, '35.00', 5),
(10319, 'S32_4485', 22, '96.95', 8),
(10319, 'S50_4713', 45, '79.73', 6),
(10320, 'S12_1099', 31, '184.84', 3),
(10320, 'S12_3380', 35, '102.17', 1),
(10320, 'S12_3990', 38, '63.84', 4),
(10320, 'S18_3482', 25, '139.64', 5),
(10320, 'S24_3371', 26, '60.62', 2),
(10321, 'S12_4675', 24, '105.95', 15),
(10321, 'S18_1129', 41, '123.14', 10),
(10321, 'S18_1589', 44, '120.71', 6),
(10321, 'S18_1889', 37, '73.92', 14),
(10321, 'S18_1984', 25, '142.25', 9),
(10321, 'S18_2870', 27, '126.72', 7),
(10321, 'S18_3232', 33, '164.26', 11),
(10321, 'S18_3685', 28, '138.45', 8),
(10321, 'S24_1046', 30, '68.35', 3),
(10321, 'S24_1628', 48, '42.76', 5),
(10321, 'S24_2766', 30, '74.51', 1),
(10321, 'S24_2972', 37, '31.72', 12),
(10321, 'S24_3191', 39, '81.33', 2),
(10321, 'S24_3432', 21, '103.87', 4),
(10321, 'S24_3856', 26, '137.62', 13),
(10322, 'S10_1949', 40, '180.01', 1),
(10322, 'S10_4962', 46, '141.83', 8),
(10322, 'S12_1666', 27, '136.67', 9),
(10322, 'S18_1097', 22, '101.50', 10),
(10322, 'S18_1342', 43, '92.47', 14),
(10322, 'S18_1367', 41, '44.21', 5),
(10322, 'S18_2325', 50, '120.77', 6),
(10322, 'S18_2432', 35, '57.12', 11),
(10322, 'S18_2795', 36, '158.63', 2),
(10322, 'S18_2949', 33, '100.30', 12),
(10322, 'S18_2957', 41, '54.34', 13),
(10322, 'S18_3136', 48, '90.06', 7),
(10322, 'S24_1937', 20, '26.55', 3),
(10322, 'S24_2022', 30, '40.77', 4),
(10323, 'S18_3320', 33, '88.30', 2),
(10323, 'S18_4600', 47, '96.86', 1),
(10324, 'S12_3148', 27, '148.06', 1),
(10324, 'S12_4473', 26, '100.73', 7),
(10324, 'S18_2238', 47, '142.45', 8),
(10324, 'S18_2319', 33, '105.55', 10),
(10324, 'S18_3232', 27, '137.17', 12),
(10324, 'S18_4027', 49, '120.64', 13),
(10324, 'S18_4668', 38, '49.81', 6),
(10324, 'S24_1444', 25, '49.71', 14),
(10324, 'S24_2300', 31, '107.34', 2),
(10324, 'S24_2840', 30, '29.35', 9),
(10324, 'S24_4258', 33, '95.44', 3),
(10324, 'S32_1268', 20, '91.49', 11),
(10324, 'S32_3522', 48, '60.76', 4),
(10324, 'S700_2824', 34, '80.92', 5),
(10325, 'S10_4757', 47, '111.52', 6),
(10325, 'S12_1108', 42, '193.25', 8),
(10325, 'S12_3891', 24, '166.10', 1),
(10325, 'S18_3140', 24, '114.74', 9),
(10325, 'S24_4048', 44, '114.73', 5),
(10325, 'S32_2509', 38, '44.37', 3),
(10325, 'S32_3207', 28, '55.30', 2),
(10325, 'S50_1392', 38, '99.55', 4),
(10325, 'S50_1514', 44, '56.24', 7),
(10326, 'S18_3259', 32, '94.79', 6),
(10326, 'S18_4522', 50, '73.73', 5),
(10326, 'S24_2011', 41, '120.43', 4),
(10326, 'S24_3151', 41, '86.74', 3),
(10326, 'S24_3816', 20, '81.34', 2),
(10326, 'S700_1138', 39, '60.67', 1),
(10327, 'S18_1662', 25, '154.54', 6),
(10327, 'S18_2581', 45, '74.34', 8),
(10327, 'S18_3029', 25, '74.84', 5),
(10327, 'S700_1938', 20, '79.68', 7),
(10327, 'S700_2610', 21, '65.05', 1),
(10327, 'S700_3505', 43, '85.14', 2),
(10327, 'S700_3962', 37, '83.42', 3),
(10327, 'S72_3212', 37, '48.05', 4),
(10328, 'S18_3856', 34, '104.81', 6),
(10328, 'S24_1785', 47, '87.54', 14),
(10328, 'S24_2841', 48, '67.82', 1),
(10328, 'S24_3420', 20, '56.55', 2),
(10328, 'S24_3949', 35, '55.96', 3),
(10328, 'S24_4278', 43, '69.55', 4),
(10328, 'S32_4289', 24, '57.10', 5),
(10328, 'S50_1341', 34, '42.33', 7),
(10328, 'S700_1691', 27, '84.03', 8),
(10328, 'S700_2047', 41, '75.13', 9),
(10328, 'S700_2466', 37, '95.73', 10),
(10328, 'S700_2834', 33, '117.46', 11),
(10328, 'S700_3167', 33, '71.20', 13),
(10328, 'S700_4002', 39, '69.59', 12),
(10329, 'S10_1678', 42, '80.39', 1),
(10329, 'S10_2016', 20, '109.42', 2),
(10329, 'S10_4698', 26, '164.61', 3),
(10329, 'S12_1099', 41, '182.90', 5),
(10329, 'S12_2823', 24, '128.03', 6),
(10329, 'S12_3380', 46, '117.44', 13),
(10329, 'S12_3990', 33, '74.21', 14),
(10329, 'S12_4675', 39, '102.49', 15),
(10329, 'S18_1889', 29, '66.22', 9),
(10329, 'S18_2625', 38, '55.72', 12),
(10329, 'S18_3278', 38, '65.13', 10),
(10329, 'S24_1578', 30, '104.81', 7),
(10329, 'S24_2000', 37, '71.60', 4),
(10329, 'S32_1374', 45, '80.91', 11),
(10329, 'S72_1253', 44, '41.22', 8),
(10330, 'S18_3482', 37, '136.70', 3),
(10330, 'S18_3782', 29, '59.06', 2),
(10330, 'S18_4721', 50, '133.92', 4),
(10330, 'S24_2360', 42, '56.10', 1),
(10331, 'S18_1129', 46, '120.31', 6),
(10331, 'S18_1589', 44, '99.55', 14),
(10331, 'S18_1749', 44, '154.70', 7),
(10331, 'S18_1984', 30, '135.14', 8),
(10331, 'S18_2870', 26, '130.68', 10),
(10331, 'S18_3232', 27, '169.34', 11),
(10331, 'S18_3685', 26, '132.80', 12),
(10331, 'S24_2972', 27, '37.00', 13),
(10331, 'S24_3371', 25, '55.11', 9),
(10331, 'S24_3856', 21, '139.03', 1),
(10331, 'S24_4620', 41, '70.33', 2),
(10331, 'S32_2206', 28, '33.39', 3),
(10331, 'S32_4485', 32, '100.01', 4),
(10331, 'S50_4713', 20, '74.04', 5),
(10332, 'S18_1342', 46, '89.38', 15),
(10332, 'S18_1367', 27, '51.21', 16),
(10332, 'S18_2248', 38, '53.88', 9),
(10332, 'S18_2325', 35, '116.96', 8),
(10332, 'S18_2795', 24, '138.38', 1),
(10332, 'S18_2957', 26, '53.09', 17),
(10332, 'S18_3136', 40, '100.53', 18),
(10332, 'S18_4409', 50, '92.03', 2),
(10332, 'S18_4933', 21, '70.56', 3),
(10332, 'S24_1046', 23, '61.73', 4),
(10332, 'S24_1628', 20, '47.29', 5),
(10332, 'S24_1937', 45, '29.87', 6),
(10332, 'S24_2022', 26, '43.01', 10),
(10332, 'S24_2766', 39, '84.51', 7),
(10332, 'S24_2887', 44, '108.04', 11),
(10332, 'S24_3191', 45, '77.91', 12),
(10332, 'S24_3432', 31, '94.23', 13),
(10332, 'S24_3969', 41, '34.47', 14),
(10333, 'S10_1949', 26, '188.58', 3),
(10333, 'S12_1666', 33, '121.64', 6),
(10333, 'S18_1097', 29, '110.84', 7),
(10333, 'S18_2949', 31, '95.23', 5),
(10333, 'S18_3320', 46, '95.24', 2),
(10333, 'S18_4668', 24, '42.26', 8),
(10333, 'S24_4258', 39, '95.44', 1),
(10333, 'S32_3522', 33, '62.05', 4),
(10334, 'S10_4962', 26, '130.01', 2),
(10334, 'S18_2319', 46, '108.00', 6),
(10334, 'S18_2432', 34, '52.87', 1),
(10334, 'S18_3232', 20, '147.33', 3),
(10334, 'S18_4600', 49, '101.71', 4),
(10334, 'S24_2300', 42, '117.57', 5),
(10335, 'S24_2840', 33, '32.88', 2),
(10335, 'S32_1268', 44, '77.05', 1),
(10335, 'S32_2509', 40, '49.78', 3),
(10336, 'S12_1108', 33, '176.63', 10),
(10336, 'S12_3148', 33, '126.91', 11),
(10336, 'S12_3891', 49, '141.88', 1),
(10336, 'S12_4473', 38, '95.99', 3),
(10336, 'S18_2238', 49, '153.91', 6),
(10336, 'S18_3140', 48, '135.22', 12),
(10336, 'S18_3259', 21, '100.84', 7),
(10336, 'S24_1444', 45, '49.71', 4),
(10336, 'S24_4048', 31, '113.55', 5),
(10336, 'S32_3207', 31, '59.03', 9),
(10336, 'S50_1392', 23, '109.96', 8),
(10336, 'S700_2824', 46, '94.07', 2),
(10337, 'S10_4757', 25, '131.92', 8),
(10337, 'S18_4027', 36, '140.75', 3),
(10337, 'S18_4522', 29, '76.36', 2),
(10337, 'S24_2011', 29, '119.20', 4),
(10337, 'S50_1514', 21, '54.48', 6),
(10337, 'S700_1938', 36, '73.62', 9),
(10337, 'S700_3505', 31, '84.14', 1),
(10337, 'S700_3962', 36, '83.42', 7),
(10337, 'S72_3212', 42, '49.14', 5),
(10338, 'S18_1662', 41, '137.19', 1),
(10338, 'S18_3029', 28, '80.86', 3),
(10338, 'S18_3856', 45, '93.17', 2),
(10339, 'S10_2016', 40, '117.75', 4),
(10339, 'S10_4698', 39, '178.17', 3),
(10339, 'S18_2581', 27, '79.41', 2),
(10339, 'S18_2625', 30, '48.46', 1),
(10339, 'S24_1578', 27, '96.92', 10),
(10339, 'S24_1785', 21, '106.14', 7),
(10339, 'S24_2841', 55, '67.82', 12),
(10339, 'S24_3151', 55, '73.46', 13),
(10339, 'S24_3420', 29, '57.86', 14),
(10339, 'S24_3816', 42, '72.96', 16),
(10339, 'S24_3949', 45, '57.32', 11),
(10339, 'S700_1138', 22, '53.34', 5),
(10339, 'S700_2047', 55, '86.90', 15),
(10339, 'S700_2610', 50, '62.16', 9),
(10339, 'S700_4002', 50, '66.63', 8),
(10339, 'S72_1253', 27, '49.66', 6),
(10340, 'S24_2000', 55, '62.46', 8),
(10340, 'S24_4278', 40, '63.76', 1),
(10340, 'S32_1374', 55, '95.89', 2),
(10340, 'S32_4289', 39, '67.41', 3),
(10340, 'S50_1341', 40, '37.09', 4),
(10340, 'S700_1691', 30, '73.99', 5),
(10340, 'S700_2466', 55, '81.77', 7),
(10340, 'S700_2834', 29, '98.48', 6),
(10341, 'S10_1678', 41, '84.22', 9),
(10341, 'S12_1099', 45, '192.62', 2),
(10341, 'S12_2823', 55, '120.50', 8),
(10341, 'S12_3380', 44, '111.57', 1),
(10341, 'S12_3990', 36, '77.41', 10),
(10341, 'S12_4675', 55, '109.40', 7),
(10341, 'S24_2360', 32, '63.03', 6),
(10341, 'S32_4485', 31, '95.93', 4),
(10341, 'S50_4713', 38, '78.11', 3),
(10341, 'S700_3167', 34, '70.40', 5),
(10342, 'S18_1129', 40, '118.89', 2),
(10342, 'S18_1889', 55, '63.14', 1),
(10342, 'S18_1984', 22, '115.22', 3),
(10342, 'S18_3232', 30, '167.65', 4),
(10342, 'S18_3278', 25, '76.39', 5),
(10342, 'S18_3482', 55, '136.70', 7),
(10342, 'S18_3782', 26, '57.82', 8),
(10342, 'S18_4721', 38, '124.99', 11),
(10342, 'S24_2972', 39, '30.59', 9),
(10342, 'S24_3371', 48, '60.01', 10),
(10342, 'S24_3856', 42, '112.34', 6),
(10343, 'S18_1589', 36, '109.51', 4),
(10343, 'S18_2870', 25, '118.80', 3),
(10343, 'S18_3685', 44, '127.15', 2),
(10343, 'S24_1628', 27, '44.78', 6),
(10343, 'S24_4620', 30, '76.80', 1),
(10343, 'S32_2206', 29, '37.41', 5),
(10344, 'S18_1749', 45, '168.30', 1),
(10344, 'S18_2248', 40, '49.04', 2),
(10344, 'S18_2325', 30, '118.23', 3),
(10344, 'S18_4409', 21, '80.99', 4),
(10344, 'S18_4933', 26, '68.42', 5),
(10344, 'S24_1046', 29, '61.00', 7),
(10344, 'S24_1937', 20, '27.88', 6),
(10345, 'S24_2022', 43, '38.98', 1),
(10346, 'S18_1342', 42, '88.36', 3),
(10346, 'S24_2766', 25, '87.24', 1),
(10346, 'S24_2887', 24, '117.44', 5),
(10346, 'S24_3191', 24, '80.47', 2),
(10346, 'S24_3432', 26, '103.87', 6),
(10346, 'S24_3969', 22, '38.57', 4),
(10347, 'S10_1949', 30, '188.58', 1),
(10347, 'S10_4962', 27, '132.97', 2),
(10347, 'S12_1666', 29, '132.57', 3),
(10347, 'S18_1097', 42, '113.17', 5),
(10347, 'S18_1367', 21, '46.36', 7),
(10347, 'S18_2432', 50, '51.05', 8),
(10347, 'S18_2795', 21, '136.69', 6),
(10347, 'S18_2949', 48, '84.09', 9),
(10347, 'S18_2957', 34, '60.59', 10),
(10347, 'S18_3136', 45, '95.30', 11),
(10347, 'S18_3320', 26, '84.33', 12),
(10347, 'S18_4600', 45, '115.03', 4),
(10348, 'S12_1108', 48, '207.80', 8),
(10348, 'S12_3148', 47, '122.37', 4),
(10348, 'S18_4668', 29, '43.77', 6),
(10348, 'S24_2300', 37, '107.34', 1),
(10348, 'S24_4258', 39, '82.78', 2),
(10348, 'S32_1268', 42, '90.53', 3),
(10348, 'S32_3522', 31, '62.70', 5),
(10348, 'S700_2824', 32, '100.14', 7),
(10349, 'S12_3891', 26, '166.10', 10),
(10349, 'S12_4473', 48, '114.95', 9),
(10349, 'S18_2238', 38, '142.45', 8),
(10349, 'S18_2319', 38, '117.82', 7),
(10349, 'S18_3232', 48, '164.26', 6),
(10349, 'S18_4027', 34, '140.75', 5),
(10349, 'S24_1444', 48, '50.29', 4),
(10349, 'S24_2840', 36, '31.47', 3),
(10349, 'S24_4048', 23, '111.18', 2),
(10349, 'S32_2509', 33, '44.37', 1),
(10350, 'S10_4757', 26, '110.16', 5),
(10350, 'S18_3029', 43, '84.30', 6),
(10350, 'S18_3140', 44, '135.22', 1),
(10350, 'S18_3259', 41, '94.79', 2),
(10350, 'S18_4522', 30, '70.22', 3),
(10350, 'S24_2011', 34, '98.31', 7),
(10350, 'S24_3151', 30, '86.74', 9),
(10350, 'S24_3816', 25, '77.15', 10),
(10350, 'S32_3207', 27, '61.52', 14),
(10350, 'S50_1392', 31, '104.18', 8),
(10350, 'S50_1514', 44, '56.82', 17),
(10350, 'S700_1138', 46, '56.00', 11),
(10350, 'S700_1938', 28, '76.22', 4),
(10350, 'S700_2610', 29, '68.67', 12),
(10350, 'S700_3505', 31, '87.15', 13),
(10350, 'S700_3962', 25, '97.32', 16),
(10350, 'S72_3212', 20, '48.05', 15),
(10351, 'S18_1662', 39, '143.50', 1),
(10351, 'S18_3856', 20, '104.81', 2),
(10351, 'S24_2841', 25, '64.40', 5),
(10351, 'S24_3420', 38, '53.92', 4),
(10351, 'S24_3949', 34, '68.24', 3),
(10352, 'S700_2047', 23, '75.13', 3),
(10352, 'S700_2466', 49, '87.75', 2),
(10352, 'S700_4002', 22, '62.19', 1),
(10352, 'S72_1253', 49, '46.18', 4),
(10353, 'S18_2581', 27, '71.81', 1),
(10353, 'S24_1785', 28, '107.23', 2),
(10353, 'S24_4278', 35, '69.55', 3),
(10353, 'S32_1374', 46, '86.90', 5),
(10353, 'S32_4289', 40, '68.10', 7),
(10353, 'S50_1341', 40, '35.78', 8),
(10353, 'S700_1691', 39, '73.07', 9),
(10353, 'S700_2834', 48, '98.48', 4),
(10353, 'S700_3167', 43, '74.40', 6),
(10354, 'S10_1678', 42, '84.22', 6),
(10354, 'S10_2016', 20, '95.15', 2),
(10354, 'S10_4698', 42, '178.17', 3),
(10354, 'S12_1099', 31, '157.60', 9),
(10354, 'S12_2823', 35, '141.58', 4),
(10354, 'S12_3380', 29, '98.65', 11),
(10354, 'S12_3990', 23, '76.61', 12),
(10354, 'S12_4675', 28, '100.19', 13),
(10354, 'S18_1889', 21, '76.23', 8),
(10354, 'S18_2625', 28, '49.06', 10),
(10354, 'S18_3278', 36, '69.15', 7),
(10354, 'S24_1578', 21, '96.92', 5),
(10354, 'S24_2000', 28, '62.46', 1),
(10355, 'S18_3482', 23, '117.59', 7),
(10355, 'S18_3782', 31, '60.30', 1),
(10355, 'S18_4721', 25, '124.99', 2),
(10355, 'S24_2360', 41, '56.10', 3),
(10355, 'S24_2972', 36, '37.38', 4),
(10355, 'S24_3371', 44, '60.62', 6),
(10355, 'S24_3856', 32, '137.62', 8),
(10355, 'S24_4620', 28, '75.18', 9),
(10355, 'S32_2206', 38, '32.99', 10),
(10355, 'S32_4485', 40, '93.89', 5),
(10356, 'S18_1129', 43, '120.31', 8),
(10356, 'S18_1342', 50, '82.19', 9),
(10356, 'S18_1367', 22, '44.75', 6),
(10356, 'S18_1984', 27, '130.87', 2),
(10356, 'S18_2325', 29, '106.79', 3),
(10356, 'S18_2795', 30, '158.63', 1),
(10356, 'S24_1937', 48, '31.86', 5),
(10356, 'S24_2022', 26, '42.11', 7),
(10356, 'S50_4713', 26, '78.11', 4),
(10357, 'S10_1949', 32, '199.30', 10),
(10357, 'S10_4962', 43, '135.92', 9),
(10357, 'S12_1666', 49, '109.34', 8),
(10357, 'S18_1097', 39, '112.00', 1),
(10357, 'S18_2432', 41, '58.95', 7),
(10357, 'S18_2949', 41, '91.18', 6),
(10357, 'S18_2957', 49, '59.34', 5),
(10357, 'S18_3136', 44, '104.72', 4),
(10357, 'S18_3320', 25, '84.33', 3),
(10357, 'S18_4600', 28, '105.34', 2),
(10358, 'S12_3148', 49, '129.93', 5),
(10358, 'S12_4473', 42, '98.36', 9),
(10358, 'S18_2238', 20, '142.45', 10),
(10358, 'S18_2319', 20, '99.41', 11),
(10358, 'S18_3232', 32, '137.17', 12),
(10358, 'S18_4027', 25, '117.77', 13),
(10358, 'S18_4668', 30, '46.29', 8),
(10358, 'S24_1444', 44, '56.07', 14),
(10358, 'S24_2300', 41, '127.79', 7),
(10358, 'S24_2840', 36, '33.59', 4),
(10358, 'S24_4258', 41, '88.62', 6),
(10358, 'S32_1268', 41, '82.83', 1),
(10358, 'S32_3522', 36, '51.71', 2),
(10358, 'S700_2824', 27, '85.98', 3),
(10359, 'S10_4757', 48, '122.40', 6),
(10359, 'S12_1108', 42, '180.79', 8),
(10359, 'S12_3891', 49, '162.64', 5),
(10359, 'S24_4048', 22, '108.82', 7),
(10359, 'S32_2509', 36, '45.45', 3),
(10359, 'S32_3207', 22, '62.14', 1),
(10359, 'S50_1392', 46, '99.55', 2),
(10359, 'S50_1514', 25, '47.45', 4),
(10360, 'S18_1662', 50, '126.15', 12),
(10360, 'S18_2581', 41, '68.43', 13),
(10360, 'S18_3029', 46, '71.40', 14),
(10360, 'S18_3140', 29, '122.93', 8),
(10360, 'S18_3259', 29, '94.79', 18),
(10360, 'S18_3856', 40, '101.64', 15),
(10360, 'S18_4522', 40, '76.36', 1),
(10360, 'S24_1785', 22, '106.14', 17),
(10360, 'S24_2011', 31, '100.77', 2),
(10360, 'S24_2841', 49, '55.49', 16),
(10360, 'S24_3151', 36, '70.81', 3),
(10360, 'S24_3816', 22, '78.83', 4),
(10360, 'S700_1138', 32, '64.67', 5),
(10360, 'S700_1938', 26, '86.61', 6),
(10360, 'S700_2610', 30, '70.11', 7),
(10360, 'S700_3505', 35, '83.14', 9),
(10360, 'S700_3962', 31, '92.36', 10),
(10360, 'S72_3212', 31, '54.05', 11),
(10361, 'S10_1678', 20, '92.83', 13),
(10361, 'S10_2016', 26, '114.18', 8),
(10361, 'S24_3420', 34, '62.46', 6),
(10361, 'S24_3949', 26, '61.42', 7),
(10361, 'S24_4278', 25, '68.83', 1),
(10361, 'S32_4289', 49, '56.41', 2),
(10361, 'S50_1341', 33, '35.78', 3),
(10361, 'S700_1691', 20, '88.60', 4),
(10361, 'S700_2047', 24, '85.99', 14),
(10361, 'S700_2466', 26, '91.74', 9),
(10361, 'S700_2834', 44, '107.97', 5),
(10361, 'S700_3167', 44, '76.80', 10),
(10361, 'S700_4002', 35, '62.19', 11),
(10361, 'S72_1253', 23, '47.67', 12),
(10362, 'S10_4698', 22, '182.04', 4),
(10362, 'S12_2823', 22, '131.04', 1),
(10362, 'S18_2625', 23, '53.91', 3),
(10362, 'S24_1578', 50, '91.29', 2),
(10363, 'S12_1099', 33, '180.95', 3),
(10363, 'S12_3380', 34, '106.87', 4),
(10363, 'S12_3990', 34, '68.63', 5),
(10363, 'S12_4675', 46, '103.64', 6),
(10363, 'S18_1889', 22, '61.60', 7),
(10363, 'S18_3278', 46, '69.15', 10),
(10363, 'S18_3482', 24, '124.94', 11),
(10363, 'S18_3782', 32, '52.22', 12),
(10363, 'S18_4721', 28, '123.50', 13),
(10363, 'S24_2000', 21, '70.08', 8),
(10363, 'S24_2360', 43, '56.10', 14),
(10363, 'S24_3371', 21, '52.05', 15),
(10363, 'S24_3856', 31, '113.75', 1),
(10363, 'S24_4620', 43, '75.99', 9),
(10363, 'S32_1374', 50, '92.90', 2),
(10364, 'S32_2206', 48, '38.22', 1),
(10365, 'S18_1129', 30, '116.06', 1),
(10365, 'S32_4485', 22, '82.66', 3),
(10365, 'S50_4713', 44, '68.34', 2),
(10366, 'S18_1984', 34, '116.65', 3),
(10366, 'S18_2870', 49, '105.60', 2),
(10366, 'S18_3232', 34, '154.10', 1),
(10367, 'S18_1589', 49, '105.77', 1),
(10367, 'S18_1749', 37, '144.50', 3),
(10367, 'S18_2248', 45, '50.25', 4),
(10367, 'S18_2325', 27, '124.59', 5),
(10367, 'S18_2795', 32, '140.06', 7),
(10367, 'S18_3685', 46, '131.39', 6),
(10367, 'S18_4409', 43, '77.31', 8),
(10367, 'S18_4933', 44, '66.99', 9),
(10367, 'S24_1046', 21, '72.76', 10),
(10367, 'S24_1628', 38, '50.31', 11),
(10367, 'S24_1937', 23, '29.54', 13),
(10367, 'S24_2022', 28, '43.01', 12),
(10367, 'S24_2972', 36, '36.25', 2),
(10368, 'S24_2766', 40, '73.60', 2),
(10368, 'S24_2887', 31, '115.09', 5),
(10368, 'S24_3191', 46, '83.04', 1),
(10368, 'S24_3432', 20, '93.16', 4),
(10368, 'S24_3969', 46, '36.52', 3),
(10369, 'S10_1949', 41, '195.01', 2),
(10369, 'S18_1342', 44, '89.38', 8),
(10369, 'S18_1367', 32, '46.36', 7),
(10369, 'S18_2949', 42, '100.30', 1),
(10369, 'S18_2957', 28, '51.84', 6),
(10369, 'S18_3136', 21, '90.06', 5),
(10369, 'S18_3320', 45, '80.36', 4),
(10369, 'S24_4258', 40, '93.49', 3),
(10370, 'S10_4962', 35, '128.53', 4),
(10370, 'S12_1666', 49, '128.47', 8),
(10370, 'S18_1097', 27, '100.34', 1),
(10370, 'S18_2319', 22, '101.87', 5),
(10370, 'S18_2432', 22, '60.16', 7),
(10370, 'S18_3232', 27, '167.65', 9),
(10370, 'S18_4600', 29, '105.34', 6),
(10370, 'S18_4668', 20, '41.76', 2),
(10370, 'S32_3522', 25, '63.99', 3),
(10371, 'S12_1108', 32, '178.71', 6),
(10371, 'S12_4473', 49, '104.28', 4),
(10371, 'S18_2238', 25, '160.46', 7),
(10371, 'S24_1444', 25, '53.75', 12),
(10371, 'S24_2300', 20, '126.51', 5),
(10371, 'S24_2840', 45, '35.01', 8),
(10371, 'S24_4048', 28, '95.81', 9),
(10371, 'S32_1268', 26, '82.83', 1),
(10371, 'S32_2509', 20, '44.37', 2),
(10371, 'S32_3207', 30, '53.44', 11),
(10371, 'S50_1392', 48, '97.23', 10),
(10371, 'S700_2824', 34, '83.95', 3),
(10372, 'S12_3148', 40, '146.55', 4),
(10372, 'S12_3891', 34, '140.15', 1),
(10372, 'S18_3140', 28, '131.13', 3),
(10372, 'S18_3259', 25, '91.76', 5),
(10372, 'S18_4027', 48, '119.20', 6),
(10372, 'S18_4522', 41, '78.99', 7),
(10372, 'S24_2011', 37, '102.00', 8),
(10372, 'S50_1514', 24, '56.82', 9),
(10372, 'S700_1938', 44, '74.48', 2),
(10373, 'S10_4757', 39, '118.32', 3),
(10373, 'S18_1662', 28, '143.50', 4),
(10373, 'S18_3029', 22, '75.70', 5),
(10373, 'S18_3856', 50, '99.52', 6),
(10373, 'S24_2841', 38, '58.92', 7),
(10373, 'S24_3151', 33, '82.31', 12),
(10373, 'S24_3420', 46, '53.92', 11),
(10373, 'S24_3816', 23, '83.86', 10),
(10373, 'S24_3949', 39, '62.10', 13),
(10373, 'S700_1138', 44, '58.00', 14),
(10373, 'S700_2047', 32, '76.94', 15),
(10373, 'S700_2610', 41, '69.39', 16),
(10373, 'S700_3505', 34, '94.16', 2),
(10373, 'S700_3962', 37, '83.42', 8),
(10373, 'S700_4002', 45, '68.11', 17),
(10373, 'S72_1253', 25, '44.20', 9),
(10373, 'S72_3212', 29, '48.05', 1),
(10374, 'S10_2016', 39, '115.37', 5),
(10374, 'S10_4698', 22, '158.80', 1),
(10374, 'S18_2581', 42, '75.19', 2),
(10374, 'S18_2625', 22, '48.46', 4),
(10374, 'S24_1578', 38, '112.70', 6),
(10374, 'S24_1785', 46, '107.23', 3),
(10375, 'S10_1678', 21, '76.56', 12),
(10375, 'S12_1099', 45, '184.84', 7),
(10375, 'S12_2823', 49, '150.62', 13),
(10375, 'S24_2000', 23, '67.03', 9),
(10375, 'S24_2360', 20, '60.26', 14),
(10375, 'S24_4278', 43, '60.13', 2),
(10375, 'S32_1374', 37, '87.90', 3),
(10375, 'S32_4289', 44, '59.85', 4),
(10375, 'S32_4485', 41, '96.95', 15),
(10375, 'S50_1341', 49, '36.22', 5),
(10375, 'S50_4713', 49, '69.16', 8),
(10375, 'S700_1691', 37, '86.77', 6),
(10375, 'S700_2466', 33, '94.73', 1),
(10375, 'S700_2834', 25, '98.48', 10),
(10375, 'S700_3167', 44, '69.60', 11),
(10376, 'S12_3380', 35, '98.65', 1),
(10377, 'S12_3990', 24, '65.44', 5),
(10377, 'S12_4675', 50, '112.86', 1),
(10377, 'S18_1129', 35, '124.56', 2),
(10377, 'S18_1889', 31, '61.60', 4),
(10377, 'S18_1984', 36, '125.18', 6),
(10377, 'S18_3232', 39, '143.94', 3),
(10378, 'S18_1589', 34, '121.95', 5),
(10378, 'S18_3278', 22, '66.74', 4),
(10378, 'S18_3482', 43, '146.99', 10),
(10378, 'S18_3782', 28, '60.30', 9),
(10378, 'S18_4721', 49, '122.02', 8),
(10378, 'S24_2972', 41, '30.59', 7),
(10378, 'S24_3371', 46, '52.66', 6),
(10378, 'S24_3856', 33, '129.20', 3),
(10378, 'S24_4620', 41, '80.84', 2),
(10378, 'S32_2206', 40, '35.80', 1),
(10379, 'S18_1749', 39, '156.40', 2),
(10379, 'S18_2248', 27, '50.85', 1),
(10379, 'S18_2870', 29, '113.52', 5),
(10379, 'S18_3685', 32, '134.22', 4),
(10379, 'S24_1628', 32, '48.80', 3),
(10380, 'S18_1342', 27, '88.36', 13),
(10380, 'S18_2325', 40, '119.50', 10),
(10380, 'S18_2795', 21, '156.94', 8),
(10380, 'S18_4409', 32, '78.23', 1),
(10380, 'S18_4933', 24, '66.99', 2),
(10380, 'S24_1046', 34, '66.88', 3),
(10380, 'S24_1937', 32, '29.87', 4),
(10380, 'S24_2022', 27, '37.63', 5),
(10380, 'S24_2766', 36, '77.24', 6),
(10380, 'S24_2887', 44, '111.57', 7),
(10380, 'S24_3191', 44, '77.05', 9),
(10380, 'S24_3432', 34, '91.02', 11),
(10380, 'S24_3969', 43, '32.82', 12),
(10381, 'S10_1949', 36, '182.16', 3),
(10381, 'S10_4962', 37, '138.88', 6),
(10381, 'S12_1666', 20, '132.57', 1),
(10381, 'S18_1097', 48, '114.34', 2),
(10381, 'S18_1367', 25, '49.60', 9),
(10381, 'S18_2432', 35, '60.77', 7),
(10381, 'S18_2949', 41, '100.30', 8),
(10381, 'S18_2957', 40, '51.22', 4),
(10381, 'S18_3136', 35, '93.20', 5),
(10382, 'S12_1108', 34, '166.24', 10),
(10382, 'S12_3148', 37, '145.04', 11),
(10382, 'S12_3891', 34, '143.61', 12),
(10382, 'S12_4473', 32, '103.10', 13),
(10382, 'S18_2238', 25, '160.46', 5),
(10382, 'S18_3320', 50, '84.33', 7),
(10382, 'S18_4600', 39, '115.03', 1),
(10382, 'S18_4668', 39, '46.29', 2),
(10382, 'S24_2300', 20, '120.12', 3),
(10382, 'S24_4258', 33, '97.39', 4),
(10382, 'S32_1268', 26, '85.72', 6),
(10382, 'S32_3522', 48, '57.53', 8),
(10382, 'S700_2824', 34, '101.15', 9),
(10383, 'S18_2319', 27, '119.05', 11),
(10383, 'S18_3140', 24, '125.66', 9),
(10383, 'S18_3232', 47, '155.79', 6),
(10383, 'S18_3259', 26, '83.70', 12),
(10383, 'S18_4027', 38, '137.88', 1),
(10383, 'S18_4522', 28, '77.24', 7),
(10383, 'S24_1444', 22, '52.60', 2),
(10383, 'S24_2840', 40, '33.24', 3),
(10383, 'S24_4048', 21, '117.10', 4),
(10383, 'S32_2509', 32, '53.57', 5),
(10383, 'S32_3207', 44, '55.93', 8),
(10383, 'S50_1392', 29, '94.92', 13),
(10383, 'S50_1514', 38, '48.62', 10),
(10384, 'S10_4757', 34, '129.20', 4),
(10384, 'S24_2011', 28, '114.29', 3),
(10384, 'S24_3151', 43, '71.69', 2),
(10384, 'S700_1938', 49, '71.02', 1),
(10385, 'S24_3816', 37, '78.83', 2),
(10385, 'S700_1138', 25, '62.00', 1),
(10386, 'S18_1662', 25, '130.88', 7),
(10386, 'S18_2581', 21, '72.65', 18),
(10386, 'S18_3029', 37, '73.12', 5),
(10386, 'S18_3856', 22, '100.58', 6),
(10386, 'S24_1785', 33, '101.76', 11),
(10386, 'S24_2841', 39, '56.86', 1),
(10386, 'S24_3420', 35, '54.57', 9),
(10386, 'S24_3949', 41, '55.96', 12),
(10386, 'S24_4278', 50, '71.73', 8),
(10386, 'S700_2047', 29, '85.09', 13),
(10386, 'S700_2466', 37, '90.75', 14),
(10386, 'S700_2610', 37, '67.22', 10),
(10386, 'S700_3167', 32, '68.00', 17),
(10386, 'S700_3505', 45, '83.14', 2),
(10386, 'S700_3962', 30, '80.44', 3),
(10386, 'S700_4002', 44, '59.22', 15),
(10386, 'S72_1253', 50, '47.67', 16),
(10386, 'S72_3212', 43, '52.42', 4),
(10387, 'S32_1374', 44, '79.91', 1),
(10388, 'S10_1678', 42, '80.39', 4),
(10388, 'S10_2016', 50, '118.94', 5),
(10388, 'S10_4698', 21, '156.86', 7),
(10388, 'S12_2823', 44, '125.01', 6),
(10388, 'S32_4289', 35, '58.47', 8),
(10388, 'S50_1341', 27, '41.02', 1),
(10388, 'S700_1691', 46, '74.90', 2),
(10388, 'S700_2834', 50, '111.53', 3),
(10389, 'S12_1099', 26, '182.90', 4),
(10389, 'S12_3380', 25, '95.13', 6),
(10389, 'S12_3990', 36, '76.61', 7),
(10389, 'S12_4675', 47, '102.49', 8),
(10389, 'S18_1889', 49, '63.91', 3),
(10389, 'S18_2625', 39, '52.09', 5),
(10389, 'S24_1578', 45, '112.70', 1),
(10389, 'S24_2000', 49, '61.70', 2),
(10390, 'S18_1129', 36, '117.48', 14),
(10390, 'S18_1984', 34, '132.29', 15),
(10390, 'S18_2325', 31, '102.98', 16),
(10390, 'S18_2795', 26, '162.00', 7),
(10390, 'S18_3278', 40, '75.59', 9),
(10390, 'S18_3482', 50, '135.23', 1),
(10390, 'S18_3782', 36, '54.09', 2),
(10390, 'S18_4721', 49, '122.02', 3),
(10390, 'S24_2360', 35, '67.87', 4),
(10390, 'S24_2972', 37, '35.87', 5),
(10390, 'S24_3371', 46, '51.43', 6),
(10390, 'S24_3856', 45, '134.81', 8),
(10390, 'S24_4620', 30, '66.29', 10),
(10390, 'S32_2206', 41, '39.02', 11),
(10390, 'S32_4485', 45, '101.03', 12),
(10390, 'S50_4713', 22, '81.36', 13),
(10391, 'S10_1949', 24, '195.01', 4),
(10391, 'S10_4962', 37, '121.15', 7),
(10391, 'S12_1666', 39, '110.70', 9),
(10391, 'S18_1097', 29, '114.34', 10),
(10391, 'S18_1342', 35, '102.74', 2),
(10391, 'S18_1367', 42, '47.44', 3),
(10391, 'S18_2432', 44, '57.73', 5),
(10391, 'S18_2949', 32, '99.28', 6),
(10391, 'S24_1937', 33, '26.55', 8),
(10391, 'S24_2022', 24, '36.29', 1),
(10392, 'S18_2957', 37, '61.21', 3),
(10392, 'S18_3136', 29, '103.67', 2),
(10392, 'S18_3320', 36, '98.22', 1),
(10393, 'S12_3148', 35, '145.04', 8),
(10393, 'S12_4473', 32, '99.54', 10),
(10393, 'S18_2238', 20, '137.53', 11),
(10393, 'S18_2319', 38, '104.32', 7),
(10393, 'S18_4600', 30, '106.55', 9),
(10393, 'S18_4668', 44, '41.76', 1),
(10393, 'S24_2300', 33, '112.46', 2),
(10393, 'S24_4258', 33, '88.62', 3),
(10393, 'S32_1268', 38, '84.75', 4),
(10393, 'S32_3522', 31, '63.35', 5),
(10393, 'S700_2824', 21, '83.95', 6),
(10394, 'S18_3232', 22, '135.47', 5),
(10394, 'S18_4027', 37, '124.95', 1),
(10394, 'S24_1444', 31, '53.18', 2),
(10394, 'S24_2840', 46, '35.36', 6),
(10394, 'S24_4048', 37, '104.09', 7),
(10394, 'S32_2509', 36, '47.08', 3),
(10394, 'S32_3207', 30, '55.93', 4),
(10395, 'S10_4757', 32, '125.12', 2),
(10395, 'S12_1108', 33, '205.72', 1),
(10395, 'S50_1392', 46, '98.39', 4),
(10395, 'S50_1514', 45, '57.99', 3),
(10396, 'S12_3891', 33, '155.72', 3),
(10396, 'S18_3140', 33, '129.76', 2),
(10396, 'S18_3259', 24, '91.76', 4),
(10396, 'S18_4522', 45, '83.38', 5),
(10396, 'S24_2011', 49, '100.77', 6),
(10396, 'S24_3151', 27, '77.00', 7),
(10396, 'S24_3816', 37, '77.99', 8),
(10396, 'S700_1138', 39, '62.00', 1),
(10397, 'S700_1938', 32, '69.29', 5),
(10397, 'S700_2610', 22, '62.88', 4),
(10397, 'S700_3505', 48, '86.15', 3),
(10397, 'S700_3962', 36, '80.44', 2),
(10397, 'S72_3212', 34, '52.96', 1),
(10398, 'S18_1662', 33, '130.88', 11),
(10398, 'S18_2581', 34, '82.79', 15),
(10398, 'S18_3029', 28, '70.54', 18),
(10398, 'S18_3856', 45, '92.11', 17),
(10398, 'S24_1785', 43, '100.67', 16),
(10398, 'S24_2841', 28, '60.29', 3),
(10398, 'S24_3420', 34, '61.15', 13),
(10398, 'S24_3949', 41, '56.64', 2),
(10398, 'S24_4278', 45, '65.93', 14),
(10398, 'S32_4289', 22, '60.54', 4),
(10398, 'S50_1341', 49, '38.84', 5),
(10398, 'S700_1691', 47, '78.55', 6),
(10398, 'S700_2047', 36, '75.13', 7),
(10398, 'S700_2466', 22, '98.72', 8),
(10398, 'S700_2834', 23, '102.04', 9),
(10398, 'S700_3167', 29, '76.80', 10),
(10398, 'S700_4002', 36, '62.19', 12),
(10398, 'S72_1253', 34, '41.22', 1),
(10399, 'S10_1678', 40, '77.52', 8),
(10399, 'S10_2016', 51, '99.91', 7),
(10399, 'S10_4698', 22, '156.86', 6),
(10399, 'S12_2823', 29, '123.51', 5),
(10399, 'S18_2625', 30, '51.48', 4),
(10399, 'S24_1578', 57, '104.81', 3);
INSERT INTO `orderdetails` (`orderNumber`, `productCode`, `quantityOrdered`, `priceEach`, `orderLineNumber`) VALUES
(10399, 'S24_2000', 58, '75.41', 2),
(10399, 'S32_1374', 32, '97.89', 1),
(10400, 'S10_4757', 64, '134.64', 9),
(10400, 'S18_1662', 34, '129.31', 1),
(10400, 'S18_3029', 30, '74.84', 7),
(10400, 'S18_3856', 58, '88.93', 6),
(10400, 'S24_2841', 24, '55.49', 2),
(10400, 'S24_3420', 38, '59.18', 3),
(10400, 'S24_3816', 42, '74.64', 8),
(10400, 'S700_2047', 46, '82.37', 5),
(10400, 'S72_1253', 20, '41.71', 4),
(10401, 'S18_2581', 42, '75.19', 3),
(10401, 'S24_1785', 38, '87.54', 5),
(10401, 'S24_3949', 64, '59.37', 12),
(10401, 'S24_4278', 52, '65.93', 4),
(10401, 'S32_1374', 49, '81.91', 1),
(10401, 'S32_4289', 62, '62.60', 6),
(10401, 'S50_1341', 56, '41.46', 7),
(10401, 'S700_1691', 11, '77.64', 8),
(10401, 'S700_2466', 85, '98.72', 10),
(10401, 'S700_2834', 21, '96.11', 2),
(10401, 'S700_3167', 77, '73.60', 9),
(10401, 'S700_4002', 40, '66.63', 11),
(10402, 'S10_2016', 45, '118.94', 1),
(10402, 'S18_2625', 55, '58.15', 2),
(10402, 'S24_2000', 59, '61.70', 3),
(10403, 'S10_1678', 24, '85.17', 7),
(10403, 'S10_4698', 66, '174.29', 9),
(10403, 'S12_2823', 66, '122.00', 6),
(10403, 'S18_3782', 36, '55.33', 1),
(10403, 'S24_1578', 46, '109.32', 8),
(10403, 'S24_2360', 27, '57.49', 4),
(10403, 'S32_2206', 30, '35.80', 2),
(10403, 'S32_4485', 45, '88.78', 5),
(10403, 'S50_4713', 31, '65.09', 3),
(10404, 'S12_1099', 64, '163.44', 3),
(10404, 'S12_3380', 43, '102.17', 1),
(10404, 'S12_3990', 77, '67.03', 4),
(10404, 'S18_3278', 90, '67.54', 6),
(10404, 'S18_3482', 28, '127.88', 5),
(10404, 'S18_4721', 48, '124.99', 8),
(10404, 'S24_3371', 49, '53.27', 2),
(10404, 'S24_4620', 48, '65.48', 7),
(10405, 'S12_4675', 97, '115.16', 5),
(10405, 'S18_1889', 61, '72.38', 4),
(10405, 'S18_3232', 55, '147.33', 1),
(10405, 'S24_2972', 47, '37.38', 2),
(10405, 'S24_3856', 76, '127.79', 3),
(10406, 'S18_1129', 61, '124.56', 3),
(10406, 'S18_1984', 48, '133.72', 2),
(10406, 'S18_3685', 65, '117.26', 1),
(10407, 'S18_1589', 59, '114.48', 11),
(10407, 'S18_1749', 76, '141.10', 2),
(10407, 'S18_2248', 42, '58.12', 1),
(10407, 'S18_2870', 41, '132.00', 12),
(10407, 'S18_4409', 6, '91.11', 3),
(10407, 'S18_4933', 66, '64.14', 4),
(10407, 'S24_1046', 26, '68.35', 8),
(10407, 'S24_1628', 64, '45.78', 10),
(10407, 'S24_2766', 76, '81.78', 6),
(10407, 'S24_2887', 59, '98.65', 5),
(10407, 'S24_3191', 13, '77.05', 7),
(10407, 'S24_3432', 43, '101.73', 9),
(10408, 'S24_3969', 15, '41.03', 1),
(10409, 'S18_2325', 6, '104.25', 2),
(10409, 'S24_1937', 61, '27.88', 1),
(10410, 'S18_1342', 65, '99.66', 7),
(10410, 'S18_1367', 44, '51.21', 6),
(10410, 'S18_2795', 56, '145.13', 8),
(10410, 'S18_2949', 47, '93.21', 1),
(10410, 'S18_2957', 53, '49.97', 3),
(10410, 'S18_3136', 34, '84.82', 2),
(10410, 'S18_3320', 44, '81.35', 5),
(10410, 'S24_2022', 31, '42.56', 9),
(10410, 'S24_4258', 50, '95.44', 4),
(10411, 'S10_1949', 23, '205.73', 9),
(10411, 'S10_4962', 27, '144.79', 2),
(10411, 'S12_1666', 40, '110.70', 6),
(10411, 'S18_1097', 27, '109.67', 8),
(10411, 'S18_4600', 46, '106.55', 3),
(10411, 'S18_4668', 35, '41.25', 7),
(10411, 'S32_1268', 26, '78.01', 1),
(10411, 'S32_3522', 27, '60.76', 5),
(10411, 'S700_2824', 34, '89.01', 4),
(10412, 'S12_4473', 54, '100.73', 5),
(10412, 'S18_2238', 41, '150.63', 4),
(10412, 'S18_2319', 56, '120.28', 8),
(10412, 'S18_2432', 47, '49.83', 11),
(10412, 'S18_3232', 60, '157.49', 9),
(10412, 'S24_1444', 21, '47.40', 2),
(10412, 'S24_2300', 70, '109.90', 10),
(10412, 'S24_2840', 30, '32.88', 6),
(10412, 'S24_4048', 31, '108.82', 1),
(10412, 'S32_2509', 19, '50.86', 7),
(10412, 'S50_1392', 26, '105.33', 3),
(10413, 'S12_1108', 36, '201.57', 2),
(10413, 'S12_3148', 47, '145.04', 3),
(10413, 'S12_3891', 22, '173.02', 1),
(10413, 'S18_4027', 49, '133.57', 5),
(10413, 'S32_3207', 24, '56.55', 6),
(10413, 'S50_1514', 51, '53.31', 4),
(10414, 'S10_4757', 49, '114.24', 3),
(10414, 'S18_3029', 44, '77.42', 1),
(10414, 'S18_3140', 41, '128.39', 12),
(10414, 'S18_3259', 48, '85.71', 14),
(10414, 'S18_4522', 56, '83.38', 11),
(10414, 'S24_2011', 43, '108.14', 10),
(10414, 'S24_3151', 60, '72.58', 5),
(10414, 'S24_3816', 51, '72.96', 2),
(10414, 'S700_1138', 37, '62.00', 6),
(10414, 'S700_1938', 34, '74.48', 13),
(10414, 'S700_2610', 31, '61.44', 4),
(10414, 'S700_3505', 28, '84.14', 7),
(10414, 'S700_3962', 40, '84.41', 8),
(10414, 'S72_3212', 47, '54.60', 9),
(10415, 'S18_3856', 51, '86.81', 5),
(10415, 'S24_2841', 21, '60.97', 1),
(10415, 'S24_3420', 18, '59.83', 2),
(10415, 'S700_2047', 32, '73.32', 4),
(10415, 'S72_1253', 42, '43.20', 3),
(10416, 'S18_1662', 24, '129.31', 14),
(10416, 'S18_2581', 15, '70.96', 4),
(10416, 'S24_1785', 47, '90.82', 6),
(10416, 'S24_2000', 32, '62.46', 1),
(10416, 'S24_3949', 18, '64.83', 13),
(10416, 'S24_4278', 48, '70.28', 5),
(10416, 'S32_1374', 45, '86.90', 2),
(10416, 'S32_4289', 26, '68.10', 7),
(10416, 'S50_1341', 37, '39.71', 8),
(10416, 'S700_1691', 23, '88.60', 9),
(10416, 'S700_2466', 22, '84.76', 11),
(10416, 'S700_2834', 41, '98.48', 3),
(10416, 'S700_3167', 39, '65.60', 10),
(10416, 'S700_4002', 43, '63.67', 12),
(10417, 'S10_1678', 66, '79.43', 2),
(10417, 'S10_2016', 45, '116.56', 5),
(10417, 'S10_4698', 56, '162.67', 4),
(10417, 'S12_2823', 21, '144.60', 1),
(10417, 'S18_2625', 36, '58.75', 6),
(10417, 'S24_1578', 35, '109.32', 3),
(10418, 'S18_3278', 16, '70.76', 2),
(10418, 'S18_3482', 27, '139.64', 1),
(10418, 'S18_3782', 33, '56.57', 5),
(10418, 'S18_4721', 28, '120.53', 4),
(10418, 'S24_2360', 52, '64.41', 8),
(10418, 'S24_4620', 10, '66.29', 3),
(10418, 'S32_2206', 43, '36.61', 6),
(10418, 'S32_4485', 50, '100.01', 9),
(10418, 'S50_4713', 40, '72.41', 7),
(10419, 'S12_1099', 12, '182.90', 13),
(10419, 'S12_3380', 10, '111.57', 11),
(10419, 'S12_3990', 34, '64.64', 14),
(10419, 'S12_4675', 32, '99.04', 10),
(10419, 'S18_1129', 38, '117.48', 5),
(10419, 'S18_1589', 37, '100.80', 1),
(10419, 'S18_1889', 39, '67.76', 9),
(10419, 'S18_1984', 34, '133.72', 4),
(10419, 'S18_2870', 55, '116.16', 2),
(10419, 'S18_3232', 35, '165.95', 6),
(10419, 'S18_3685', 43, '114.44', 3),
(10419, 'S24_2972', 15, '32.10', 7),
(10419, 'S24_3371', 55, '52.66', 12),
(10419, 'S24_3856', 70, '112.34', 8),
(10420, 'S18_1749', 37, '153.00', 5),
(10420, 'S18_2248', 36, '52.06', 4),
(10420, 'S18_2325', 45, '116.96', 2),
(10420, 'S18_4409', 66, '73.62', 6),
(10420, 'S18_4933', 36, '68.42', 7),
(10420, 'S24_1046', 60, '60.26', 11),
(10420, 'S24_1628', 37, '48.80', 13),
(10420, 'S24_1937', 45, '32.19', 1),
(10420, 'S24_2766', 39, '76.33', 9),
(10420, 'S24_2887', 55, '115.09', 8),
(10420, 'S24_3191', 35, '77.05', 10),
(10420, 'S24_3432', 26, '104.94', 12),
(10420, 'S24_3969', 15, '35.29', 3),
(10421, 'S18_2795', 35, '167.06', 1),
(10421, 'S24_2022', 40, '44.80', 2),
(10422, 'S18_1342', 51, '91.44', 2),
(10422, 'S18_1367', 25, '47.44', 1),
(10423, 'S18_2949', 10, '89.15', 1),
(10423, 'S18_2957', 31, '56.21', 3),
(10423, 'S18_3136', 21, '98.44', 2),
(10423, 'S18_3320', 21, '80.36', 5),
(10423, 'S24_4258', 28, '78.89', 4),
(10424, 'S10_1949', 50, '201.44', 6),
(10424, 'S12_1666', 49, '121.64', 3),
(10424, 'S18_1097', 54, '108.50', 5),
(10424, 'S18_4668', 26, '40.25', 4),
(10424, 'S32_3522', 44, '54.94', 2),
(10424, 'S700_2824', 46, '85.98', 1),
(10425, 'S10_4962', 38, '131.49', 12),
(10425, 'S12_4473', 33, '95.99', 4),
(10425, 'S18_2238', 28, '147.36', 3),
(10425, 'S18_2319', 38, '117.82', 7),
(10425, 'S18_2432', 19, '48.62', 10),
(10425, 'S18_3232', 28, '140.55', 8),
(10425, 'S18_4600', 38, '107.76', 13),
(10425, 'S24_1444', 55, '53.75', 1),
(10425, 'S24_2300', 49, '127.79', 9),
(10425, 'S24_2840', 31, '31.82', 5),
(10425, 'S32_1268', 41, '83.79', 11),
(10425, 'S32_2509', 11, '50.32', 6),
(10425, 'S50_1392', 18, '94.92', 2);

-- --------------------------------------------------------

--
-- Table structure for table `orders`
--

CREATE TABLE `orders` (
  `orderNumber` int NOT NULL,
  `orderDate` date NOT NULL,
  `requiredDate` date NOT NULL,
  `shippedDate` date DEFAULT NULL,
  `status` varchar(15) NOT NULL,
  `comments` text,
  `customerNumber` int NOT NULL
) ENGINE=InnoDB DEFAULT CHARSET=latin1;

--
-- Dumping data for table `orders`
--

INSERT INTO `orders` (`orderNumber`, `orderDate`, `requiredDate`, `shippedDate`, `status`, `comments`, `customerNumber`) VALUES
(10100, '2003-01-06', '2003-01-13', '2003-01-10', 'Shipped', NULL, 363),
(10101, '2003-01-09', '2003-01-18', '2003-01-11', 'Shipped', 'Check on availability.', 128),
(10102, '2003-01-10', '2003-01-18', '2003-01-14', 'Shipped', NULL, 181),
(10103, '2003-01-29', '2003-02-07', '2003-02-02', 'Shipped', NULL, 121),
(10104, '2003-01-31', '2003-02-09', '2003-02-01', 'Shipped', NULL, 141),
(10105, '2003-02-11', '2003-02-21', '2003-02-12', 'Shipped', NULL, 145),
(10106, '2003-02-17', '2003-02-24', '2003-02-21', 'Shipped', NULL, 278),
(10107, '2003-02-24', '2003-03-03', '2003-02-26', 'Shipped', 'Difficult to negotiate with customer. We need more marketing materials', 131),
(10108, '2003-03-03', '2003-03-12', '2003-03-08', 'Shipped', NULL, 385),
(10109, '2003-03-10', '2003-03-19', '2003-03-11', 'Shipped', 'Customer requested that FedEx Ground is used for this shipping', 486),
(10110, '2003-03-18', '2003-03-24', '2003-03-20', 'Shipped', NULL, 187),
(10111, '2003-03-25', '2003-03-31', '2003-03-30', 'Shipped', NULL, 129),
(10112, '2003-03-24', '2003-04-03', '2003-03-29', 'Shipped', 'Customer requested that ad materials (such as posters, pamphlets) be included in the shippment', 144),
(10113, '2003-03-26', '2003-04-02', '2003-03-27', 'Shipped', NULL, 124),
(10114, '2003-04-01', '2003-04-07', '2003-04-02', 'Shipped', NULL, 172),
(10115, '2003-04-04', '2003-04-12', '2003-04-07', 'Shipped', NULL, 424),
(10116, '2003-04-11', '2003-04-19', '2003-04-13', 'Shipped', NULL, 381),
(10117, '2003-04-16', '2003-04-24', '2003-04-17', 'Shipped', NULL, 148),
(10118, '2003-04-21', '2003-04-29', '2003-04-26', 'Shipped', 'Customer has worked with some of our vendors in the past and is aware of their MSRP', 216),
(10119, '2003-04-28', '2003-05-05', '2003-05-02', 'Shipped', NULL, 382),
(10120, '2003-04-29', '2003-05-08', '2003-05-01', 'Shipped', NULL, 114),
(10121, '2003-05-07', '2003-05-13', '2003-05-13', 'Shipped', NULL, 353),
(10122, '2003-05-08', '2003-05-16', '2003-05-13', 'Shipped', NULL, 350),
(10123, '2003-05-20', '2003-05-29', '2003-05-22', 'Shipped', NULL, 103),
(10124, '2003-05-21', '2003-05-29', '2003-05-25', 'Shipped', 'Customer very concerned about the exact color of the models. There is high risk that he may dispute the order because there is a slight color mismatch', 112),
(10125, '2003-05-21', '2003-05-27', '2003-05-24', 'Shipped', NULL, 114),
(10126, '2003-05-28', '2003-06-07', '2003-06-02', 'Shipped', NULL, 458),
(10127, '2003-06-03', '2003-06-09', '2003-06-06', 'Shipped', 'Customer requested special shippment. The instructions were passed along to the warehouse', 151),
(10128, '2003-06-06', '2003-06-12', '2003-06-11', 'Shipped', NULL, 141),
(10129, '2003-06-12', '2003-06-18', '2003-06-14', 'Shipped', NULL, 324),
(10130, '2003-06-16', '2003-06-24', '2003-06-21', 'Shipped', NULL, 198),
(10131, '2003-06-16', '2003-06-25', '2003-06-21', 'Shipped', NULL, 447),
(10132, '2003-06-25', '2003-07-01', '2003-06-28', 'Shipped', NULL, 323),
(10133, '2003-06-27', '2003-07-04', '2003-07-03', 'Shipped', NULL, 141),
(10134, '2003-07-01', '2003-07-10', '2003-07-05', 'Shipped', NULL, 250),
(10135, '2003-07-02', '2003-07-12', '2003-07-03', 'Shipped', NULL, 124),
(10136, '2003-07-04', '2003-07-14', '2003-07-06', 'Shipped', 'Customer is interested in buying more Ferrari models', 242),
(10137, '2003-07-10', '2003-07-20', '2003-07-14', 'Shipped', NULL, 353),
(10138, '2003-07-07', '2003-07-16', '2003-07-13', 'Shipped', NULL, 496),
(10139, '2003-07-16', '2003-07-23', '2003-07-21', 'Shipped', NULL, 282),
(10140, '2003-07-24', '2003-08-02', '2003-07-30', 'Shipped', NULL, 161),
(10141, '2003-08-01', '2003-08-09', '2003-08-04', 'Shipped', NULL, 334),
(10142, '2003-08-08', '2003-08-16', '2003-08-13', 'Shipped', NULL, 124),
(10143, '2003-08-10', '2003-08-18', '2003-08-12', 'Shipped', 'Can we deliver the new Ford Mustang models by end-of-quarter?', 320),
(10144, '2003-08-13', '2003-08-21', '2003-08-14', 'Shipped', NULL, 381),
(10145, '2003-08-25', '2003-09-02', '2003-08-31', 'Shipped', NULL, 205),
(10146, '2003-09-03', '2003-09-13', '2003-09-06', 'Shipped', NULL, 447),
(10147, '2003-09-05', '2003-09-12', '2003-09-09', 'Shipped', NULL, 379),
(10148, '2003-09-11', '2003-09-21', '2003-09-15', 'Shipped', 'They want to reevaluate their terms agreement with Finance.', 276),
(10149, '2003-09-12', '2003-09-18', '2003-09-17', 'Shipped', NULL, 487),
(10150, '2003-09-19', '2003-09-27', '2003-09-21', 'Shipped', 'They want to reevaluate their terms agreement with Finance.', 148),
(10151, '2003-09-21', '2003-09-30', '2003-09-24', 'Shipped', NULL, 311),
(10152, '2003-09-25', '2003-10-03', '2003-10-01', 'Shipped', NULL, 333),
(10153, '2003-09-28', '2003-10-05', '2003-10-03', 'Shipped', NULL, 141),
(10154, '2003-10-02', '2003-10-12', '2003-10-08', 'Shipped', NULL, 219),
(10155, '2003-10-06', '2003-10-13', '2003-10-07', 'Shipped', NULL, 186),
(10156, '2003-10-08', '2003-10-17', '2003-10-11', 'Shipped', NULL, 141),
(10157, '2003-10-09', '2003-10-15', '2003-10-14', 'Shipped', NULL, 473),
(10158, '2003-10-10', '2003-10-18', '2003-10-15', 'Shipped', NULL, 121),
(10159, '2003-10-10', '2003-10-19', '2003-10-16', 'Shipped', NULL, 321),
(10160, '2003-10-11', '2003-10-17', '2003-10-17', 'Shipped', NULL, 347),
(10161, '2003-10-17', '2003-10-25', '2003-10-20', 'Shipped', NULL, 227),
(10162, '2003-10-18', '2003-10-26', '2003-10-19', 'Shipped', NULL, 321),
(10163, '2003-10-20', '2003-10-27', '2003-10-24', 'Shipped', NULL, 424),
(10164, '2003-10-21', '2003-10-30', '2003-10-23', 'Resolved', 'This order was disputed, but resolved on 11/1/2003; Customer doesn\'t like the colors and precision of the models.', 452),
(10165, '2003-10-22', '2003-10-31', '2003-12-26', 'Shipped', 'This order was on hold because customers\'s credit limit had been exceeded. Order will ship when payment is received', 148),
(10166, '2003-10-21', '2003-10-30', '2003-10-27', 'Shipped', NULL, 462),
(10167, '2003-10-23', '2003-10-30', NULL, 'Cancelled', 'Customer called to cancel. The warehouse was notified in time and the order didn\'t ship. They have a new VP of Sales and are shifting their sales model. Our VP of Sales should contact them.', 448),
(10168, '2003-10-28', '2003-11-03', '2003-11-01', 'Shipped', NULL, 161),
(10169, '2003-11-04', '2003-11-14', '2003-11-09', 'Shipped', NULL, 276),
(10170, '2003-11-04', '2003-11-12', '2003-11-07', 'Shipped', NULL, 452),
(10171, '2003-11-05', '2003-11-13', '2003-11-07', 'Shipped', NULL, 233),
(10172, '2003-11-05', '2003-11-14', '2003-11-11', 'Shipped', NULL, 175),
(10173, '2003-11-05', '2003-11-15', '2003-11-09', 'Shipped', 'Cautious optimism. We have happy customers here, if we can keep them well stocked.  I need all the information I can get on the planned shippments of Porches', 278),
(10174, '2003-11-06', '2003-11-15', '2003-11-10', 'Shipped', NULL, 333),
(10175, '2003-11-06', '2003-11-14', '2003-11-09', 'Shipped', NULL, 324),
(10176, '2003-11-06', '2003-11-15', '2003-11-12', 'Shipped', NULL, 386),
(10177, '2003-11-07', '2003-11-17', '2003-11-12', 'Shipped', NULL, 344),
(10178, '2003-11-08', '2003-11-16', '2003-11-10', 'Shipped', 'Custom shipping instructions sent to warehouse', 242),
(10179, '2003-11-11', '2003-11-17', '2003-11-13', 'Cancelled', 'Customer cancelled due to urgent budgeting issues. Must be cautious when dealing with them in the future. Since order shipped already we must discuss who would cover the shipping charges.', 496),
(10180, '2003-11-11', '2003-11-19', '2003-11-14', 'Shipped', NULL, 171),
(10181, '2003-11-12', '2003-11-19', '2003-11-15', 'Shipped', NULL, 167),
(10182, '2003-11-12', '2003-11-21', '2003-11-18', 'Shipped', NULL, 124),
(10183, '2003-11-13', '2003-11-22', '2003-11-15', 'Shipped', 'We need to keep in close contact with their Marketing VP. He is the decision maker for all their purchases.', 339),
(10184, '2003-11-14', '2003-11-22', '2003-11-20', 'Shipped', NULL, 484),
(10185, '2003-11-14', '2003-11-21', '2003-11-20', 'Shipped', NULL, 320),
(10186, '2003-11-14', '2003-11-20', '2003-11-18', 'Shipped', 'They want to reevaluate their terms agreement with the VP of Sales', 489),
(10187, '2003-11-15', '2003-11-24', '2003-11-16', 'Shipped', NULL, 211),
(10188, '2003-11-18', '2003-11-26', '2003-11-24', 'Shipped', NULL, 167),
(10189, '2003-11-18', '2003-11-25', '2003-11-24', 'Shipped', 'They want to reevaluate their terms agreement with Finance.', 205),
(10190, '2003-11-19', '2003-11-29', '2003-11-20', 'Shipped', NULL, 141),
(10191, '2003-11-20', '2003-11-30', '2003-11-24', 'Shipped', 'We must be cautions with this customer. Their VP of Sales resigned. Company may be heading down.', 259),
(10192, '2003-11-20', '2003-11-29', '2003-11-25', 'Shipped', NULL, 363),
(10193, '2003-11-21', '2003-11-28', '2003-11-27', 'Shipped', NULL, 471),
(10194, '2003-11-25', '2003-12-02', '2003-11-26', 'Shipped', NULL, 146),
(10195, '2003-11-25', '2003-12-01', '2003-11-28', 'Shipped', NULL, 319),
(10196, '2003-11-26', '2003-12-03', '2003-12-01', 'Shipped', NULL, 455),
(10197, '2003-11-26', '2003-12-02', '2003-12-01', 'Shipped', 'Customer inquired about remote controlled models and gold models.', 216),
(10198, '2003-11-27', '2003-12-06', '2003-12-03', 'Shipped', NULL, 385),
(10199, '2003-12-01', '2003-12-10', '2003-12-06', 'Shipped', NULL, 475),
(10200, '2003-12-01', '2003-12-09', '2003-12-06', 'Shipped', NULL, 211),
(10201, '2003-12-01', '2003-12-11', '2003-12-02', 'Shipped', NULL, 129),
(10202, '2003-12-02', '2003-12-09', '2003-12-06', 'Shipped', NULL, 357),
(10203, '2003-12-02', '2003-12-11', '2003-12-07', 'Shipped', NULL, 141),
(10204, '2003-12-02', '2003-12-10', '2003-12-04', 'Shipped', NULL, 151),
(10205, '2003-12-03', '2003-12-09', '2003-12-07', 'Shipped', ' I need all the information I can get on our competitors.', 141),
(10206, '2003-12-05', '2003-12-13', '2003-12-08', 'Shipped', 'Can we renegotiate this one?', 202),
(10207, '2003-12-09', '2003-12-17', '2003-12-11', 'Shipped', 'Check on availability.', 495),
(10208, '2004-01-02', '2004-01-11', '2004-01-04', 'Shipped', NULL, 146),
(10209, '2004-01-09', '2004-01-15', '2004-01-12', 'Shipped', NULL, 347),
(10210, '2004-01-12', '2004-01-22', '2004-01-20', 'Shipped', NULL, 177),
(10211, '2004-01-15', '2004-01-25', '2004-01-18', 'Shipped', NULL, 406),
(10212, '2004-01-16', '2004-01-24', '2004-01-18', 'Shipped', NULL, 141),
(10213, '2004-01-22', '2004-01-28', '2004-01-27', 'Shipped', 'Difficult to negotiate with customer. We need more marketing materials', 489),
(10214, '2004-01-26', '2004-02-04', '2004-01-29', 'Shipped', NULL, 458),
(10215, '2004-01-29', '2004-02-08', '2004-02-01', 'Shipped', 'Customer requested that FedEx Ground is used for this shipping', 475),
(10216, '2004-02-02', '2004-02-10', '2004-02-04', 'Shipped', NULL, 256),
(10217, '2004-02-04', '2004-02-14', '2004-02-06', 'Shipped', NULL, 166),
(10218, '2004-02-09', '2004-02-16', '2004-02-11', 'Shipped', 'Customer requested that ad materials (such as posters, pamphlets) be included in the shippment', 473),
(10219, '2004-02-10', '2004-02-17', '2004-02-12', 'Shipped', NULL, 487),
(10220, '2004-02-12', '2004-02-19', '2004-02-16', 'Shipped', NULL, 189),
(10221, '2004-02-18', '2004-02-26', '2004-02-19', 'Shipped', NULL, 314),
(10222, '2004-02-19', '2004-02-27', '2004-02-20', 'Shipped', NULL, 239),
(10223, '2004-02-20', '2004-02-29', '2004-02-24', 'Shipped', NULL, 114),
(10224, '2004-02-21', '2004-03-02', '2004-02-26', 'Shipped', 'Customer has worked with some of our vendors in the past and is aware of their MSRP', 171),
(10225, '2004-02-22', '2004-03-01', '2004-02-24', 'Shipped', NULL, 298),
(10226, '2004-02-26', '2004-03-06', '2004-03-02', 'Shipped', NULL, 239),
(10227, '2004-03-02', '2004-03-12', '2004-03-08', 'Shipped', NULL, 146),
(10228, '2004-03-10', '2004-03-18', '2004-03-13', 'Shipped', NULL, 173),
(10229, '2004-03-11', '2004-03-20', '2004-03-12', 'Shipped', NULL, 124),
(10230, '2004-03-15', '2004-03-24', '2004-03-20', 'Shipped', 'Customer very concerned about the exact color of the models. There is high risk that he may dispute the order because there is a slight color mismatch', 128),
(10231, '2004-03-19', '2004-03-26', '2004-03-25', 'Shipped', NULL, 344),
(10232, '2004-03-20', '2004-03-30', '2004-03-25', 'Shipped', NULL, 240),
(10233, '2004-03-29', '2004-04-04', '2004-04-02', 'Shipped', 'Customer requested special shippment. The instructions were passed along to the warehouse', 328),
(10234, '2004-03-30', '2004-04-05', '2004-04-02', 'Shipped', NULL, 412),
(10235, '2004-04-02', '2004-04-12', '2004-04-06', 'Shipped', NULL, 260),
(10236, '2004-04-03', '2004-04-11', '2004-04-08', 'Shipped', NULL, 486),
(10237, '2004-04-05', '2004-04-12', '2004-04-10', 'Shipped', NULL, 181),
(10238, '2004-04-09', '2004-04-16', '2004-04-10', 'Shipped', NULL, 145),
(10239, '2004-04-12', '2004-04-21', '2004-04-17', 'Shipped', NULL, 311),
(10240, '2004-04-13', '2004-04-20', '2004-04-20', 'Shipped', NULL, 177),
(10241, '2004-04-13', '2004-04-20', '2004-04-19', 'Shipped', NULL, 209),
(10242, '2004-04-20', '2004-04-28', '2004-04-25', 'Shipped', 'Customer is interested in buying more Ferrari models', 456),
(10243, '2004-04-26', '2004-05-03', '2004-04-28', 'Shipped', NULL, 495),
(10244, '2004-04-29', '2004-05-09', '2004-05-04', 'Shipped', NULL, 141),
(10245, '2004-05-04', '2004-05-12', '2004-05-09', 'Shipped', NULL, 455),
(10246, '2004-05-05', '2004-05-13', '2004-05-06', 'Shipped', NULL, 141),
(10247, '2004-05-05', '2004-05-11', '2004-05-08', 'Shipped', NULL, 334),
(10248, '2004-05-07', '2004-05-14', NULL, 'Cancelled', 'Order was mistakenly placed. The warehouse noticed the lack of documentation.', 131),
(10249, '2004-05-08', '2004-05-17', '2004-05-11', 'Shipped', 'Can we deliver the new Ford Mustang models by end-of-quarter?', 173),
(10250, '2004-05-11', '2004-05-19', '2004-05-15', 'Shipped', NULL, 450),
(10251, '2004-05-18', '2004-05-24', '2004-05-24', 'Shipped', NULL, 328),
(10252, '2004-05-26', '2004-06-04', '2004-05-29', 'Shipped', NULL, 406),
(10253, '2004-06-01', '2004-06-09', '2004-06-02', 'Cancelled', 'Customer disputed the order and we agreed to cancel it. We must be more cautions with this customer going forward, since they are very hard to please. We must cover the shipping fees.', 201),
(10254, '2004-06-03', '2004-06-13', '2004-06-04', 'Shipped', 'Customer requested that DHL is used for this shipping', 323),
(10255, '2004-06-04', '2004-06-12', '2004-06-09', 'Shipped', NULL, 209),
(10256, '2004-06-08', '2004-06-16', '2004-06-10', 'Shipped', NULL, 145),
(10257, '2004-06-14', '2004-06-24', '2004-06-15', 'Shipped', NULL, 450),
(10258, '2004-06-15', '2004-06-25', '2004-06-23', 'Shipped', NULL, 398),
(10259, '2004-06-15', '2004-06-22', '2004-06-17', 'Shipped', NULL, 166),
(10260, '2004-06-16', '2004-06-22', NULL, 'Cancelled', 'Customer heard complaints from their customers and called to cancel this order. Will notify the Sales Manager.', 357),
(10261, '2004-06-17', '2004-06-25', '2004-06-22', 'Shipped', NULL, 233),
(10262, '2004-06-24', '2004-07-01', NULL, 'Cancelled', 'This customer found a better offer from one of our competitors. Will call back to renegotiate.', 141),
(10263, '2004-06-28', '2004-07-04', '2004-07-02', 'Shipped', NULL, 175),
(10264, '2004-06-30', '2004-07-06', '2004-07-01', 'Shipped', 'Customer will send a truck to our local warehouse on 7/1/2004', 362),
(10265, '2004-07-02', '2004-07-09', '2004-07-07', 'Shipped', NULL, 471),
(10266, '2004-07-06', '2004-07-14', '2004-07-10', 'Shipped', NULL, 386),
(10267, '2004-07-07', '2004-07-17', '2004-07-09', 'Shipped', NULL, 151),
(10268, '2004-07-12', '2004-07-18', '2004-07-14', 'Shipped', NULL, 412),
(10269, '2004-07-16', '2004-07-22', '2004-07-18', 'Shipped', NULL, 382),
(10270, '2004-07-19', '2004-07-27', '2004-07-24', 'Shipped', 'Can we renegotiate this one?', 282),
(10271, '2004-07-20', '2004-07-29', '2004-07-23', 'Shipped', NULL, 124),
(10272, '2004-07-20', '2004-07-26', '2004-07-22', 'Shipped', NULL, 157),
(10273, '2004-07-21', '2004-07-28', '2004-07-22', 'Shipped', NULL, 314),
(10274, '2004-07-21', '2004-07-29', '2004-07-22', 'Shipped', NULL, 379),
(10275, '2004-07-23', '2004-08-02', '2004-07-29', 'Shipped', NULL, 119),
(10276, '2004-08-02', '2004-08-11', '2004-08-08', 'Shipped', NULL, 204),
(10277, '2004-08-04', '2004-08-12', '2004-08-05', 'Shipped', NULL, 148),
(10278, '2004-08-06', '2004-08-16', '2004-08-09', 'Shipped', NULL, 112),
(10279, '2004-08-09', '2004-08-19', '2004-08-15', 'Shipped', 'Cautious optimism. We have happy customers here, if we can keep them well stocked.  I need all the information I can get on the planned shippments of Porches', 141),
(10280, '2004-08-17', '2004-08-27', '2004-08-19', 'Shipped', NULL, 249),
(10281, '2004-08-19', '2004-08-28', '2004-08-23', 'Shipped', NULL, 157),
(10282, '2004-08-20', '2004-08-26', '2004-08-22', 'Shipped', NULL, 124),
(10283, '2004-08-20', '2004-08-30', '2004-08-23', 'Shipped', NULL, 260),
(10284, '2004-08-21', '2004-08-29', '2004-08-26', 'Shipped', 'Custom shipping instructions sent to warehouse', 299),
(10285, '2004-08-27', '2004-09-04', '2004-08-31', 'Shipped', NULL, 286),
(10286, '2004-08-28', '2004-09-06', '2004-09-01', 'Shipped', NULL, 172),
(10287, '2004-08-30', '2004-09-06', '2004-09-01', 'Shipped', NULL, 298),
(10288, '2004-09-01', '2004-09-11', '2004-09-05', 'Shipped', NULL, 166),
(10289, '2004-09-03', '2004-09-13', '2004-09-04', 'Shipped', 'We need to keep in close contact with their Marketing VP. He is the decision maker for all their purchases.', 167),
(10290, '2004-09-07', '2004-09-15', '2004-09-13', 'Shipped', NULL, 198),
(10291, '2004-09-08', '2004-09-17', '2004-09-14', 'Shipped', NULL, 448),
(10292, '2004-09-08', '2004-09-18', '2004-09-11', 'Shipped', 'They want to reevaluate their terms agreement with Finance.', 131),
(10293, '2004-09-09', '2004-09-18', '2004-09-14', 'Shipped', NULL, 249),
(10294, '2004-09-10', '2004-09-17', '2004-09-14', 'Shipped', NULL, 204),
(10295, '2004-09-10', '2004-09-17', '2004-09-14', 'Shipped', 'They want to reevaluate their terms agreement with Finance.', 362),
(10296, '2004-09-15', '2004-09-22', '2004-09-16', 'Shipped', NULL, 415),
(10297, '2004-09-16', '2004-09-22', '2004-09-21', 'Shipped', 'We must be cautions with this customer. Their VP of Sales resigned. Company may be heading down.', 189),
(10298, '2004-09-27', '2004-10-05', '2004-10-01', 'Shipped', NULL, 103),
(10299, '2004-09-30', '2004-10-10', '2004-10-01', 'Shipped', NULL, 186),
(10300, '2003-10-04', '2003-10-13', '2003-10-09', 'Shipped', NULL, 128),
(10301, '2003-10-05', '2003-10-15', '2003-10-08', 'Shipped', NULL, 299),
(10302, '2003-10-06', '2003-10-16', '2003-10-07', 'Shipped', NULL, 201),
(10303, '2004-10-06', '2004-10-14', '2004-10-09', 'Shipped', 'Customer inquired about remote controlled models and gold models.', 484),
(10304, '2004-10-11', '2004-10-20', '2004-10-17', 'Shipped', NULL, 256),
(10305, '2004-10-13', '2004-10-22', '2004-10-15', 'Shipped', 'Check on availability.', 286),
(10306, '2004-10-14', '2004-10-21', '2004-10-17', 'Shipped', NULL, 187),
(10307, '2004-10-14', '2004-10-23', '2004-10-20', 'Shipped', NULL, 339),
(10308, '2004-10-15', '2004-10-24', '2004-10-20', 'Shipped', 'Customer requested that FedEx Ground is used for this shipping', 319),
(10309, '2004-10-15', '2004-10-24', '2004-10-18', 'Shipped', NULL, 121),
(10310, '2004-10-16', '2004-10-24', '2004-10-18', 'Shipped', NULL, 259),
(10311, '2004-10-16', '2004-10-23', '2004-10-20', 'Shipped', 'Difficult to negotiate with customer. We need more marketing materials', 141),
(10312, '2004-10-21', '2004-10-27', '2004-10-23', 'Shipped', NULL, 124),
(10313, '2004-10-22', '2004-10-28', '2004-10-25', 'Shipped', 'Customer requested that FedEx Ground is used for this shipping', 202),
(10314, '2004-10-22', '2004-11-01', '2004-10-23', 'Shipped', NULL, 227),
(10315, '2004-10-29', '2004-11-08', '2004-10-30', 'Shipped', NULL, 119),
(10316, '2004-11-01', '2004-11-09', '2004-11-07', 'Shipped', 'Customer requested that ad materials (such as posters, pamphlets) be included in the shippment', 240),
(10317, '2004-11-02', '2004-11-12', '2004-11-08', 'Shipped', NULL, 161),
(10318, '2004-11-02', '2004-11-09', '2004-11-07', 'Shipped', NULL, 157),
(10319, '2004-11-03', '2004-11-11', '2004-11-06', 'Shipped', 'Customer requested that DHL is used for this shipping', 456),
(10320, '2004-11-03', '2004-11-13', '2004-11-07', 'Shipped', NULL, 144),
(10321, '2004-11-04', '2004-11-12', '2004-11-07', 'Shipped', NULL, 462),
(10322, '2004-11-04', '2004-11-12', '2004-11-10', 'Shipped', 'Customer has worked with some of our vendors in the past and is aware of their MSRP', 363),
(10323, '2004-11-05', '2004-11-12', '2004-11-09', 'Shipped', NULL, 128),
(10324, '2004-11-05', '2004-11-11', '2004-11-08', 'Shipped', NULL, 181),
(10325, '2004-11-05', '2004-11-13', '2004-11-08', 'Shipped', NULL, 121),
(10326, '2004-11-09', '2004-11-16', '2004-11-10', 'Shipped', NULL, 144),
(10327, '2004-11-10', '2004-11-19', '2004-11-13', 'Resolved', 'Order was disputed and resolved on 12/1/04. The Sales Manager was involved. Customer claims the scales of the models don\'t match what was discussed.', 145),
(10328, '2004-11-12', '2004-11-21', '2004-11-18', 'Shipped', 'Customer very concerned about the exact color of the models. There is high risk that he may dispute the order because there is a slight color mismatch', 278),
(10329, '2004-11-15', '2004-11-24', '2004-11-16', 'Shipped', NULL, 131),
(10330, '2004-11-16', '2004-11-25', '2004-11-21', 'Shipped', NULL, 385),
(10331, '2004-11-17', '2004-11-23', '2004-11-23', 'Shipped', 'Customer requested special shippment. The instructions were passed along to the warehouse', 486),
(10332, '2004-11-17', '2004-11-25', '2004-11-18', 'Shipped', NULL, 187),
(10333, '2004-11-18', '2004-11-27', '2004-11-20', 'Shipped', NULL, 129),
(10334, '2004-11-19', '2004-11-28', NULL, 'On Hold', 'The outstaniding balance for this customer exceeds their credit limit. Order will be shipped when a payment is received.', 144),
(10335, '2004-11-19', '2004-11-29', '2004-11-23', 'Shipped', NULL, 124),
(10336, '2004-11-20', '2004-11-26', '2004-11-24', 'Shipped', 'Customer requested that DHL is used for this shipping', 172),
(10337, '2004-11-21', '2004-11-30', '2004-11-26', 'Shipped', NULL, 424),
(10338, '2004-11-22', '2004-12-02', '2004-11-27', 'Shipped', NULL, 381),
(10339, '2004-11-23', '2004-11-30', '2004-11-30', 'Shipped', NULL, 398),
(10340, '2004-11-24', '2004-12-01', '2004-11-25', 'Shipped', 'Customer is interested in buying more Ferrari models', 216),
(10341, '2004-11-24', '2004-12-01', '2004-11-29', 'Shipped', NULL, 382),
(10342, '2004-11-24', '2004-12-01', '2004-11-29', 'Shipped', NULL, 114),
(10343, '2004-11-24', '2004-12-01', '2004-11-26', 'Shipped', NULL, 353),
(10344, '2004-11-25', '2004-12-02', '2004-11-29', 'Shipped', NULL, 350),
(10345, '2004-11-25', '2004-12-01', '2004-11-26', 'Shipped', NULL, 103),
(10346, '2004-11-29', '2004-12-05', '2004-11-30', 'Shipped', NULL, 112),
(10347, '2004-11-29', '2004-12-07', '2004-11-30', 'Shipped', 'Can we deliver the new Ford Mustang models by end-of-quarter?', 114),
(10348, '2004-11-01', '2004-11-08', '2004-11-05', 'Shipped', NULL, 458),
(10349, '2004-12-01', '2004-12-07', '2004-12-03', 'Shipped', NULL, 151),
(10350, '2004-12-02', '2004-12-08', '2004-12-05', 'Shipped', NULL, 141),
(10351, '2004-12-03', '2004-12-11', '2004-12-07', 'Shipped', NULL, 324),
(10352, '2004-12-03', '2004-12-12', '2004-12-09', 'Shipped', NULL, 198),
(10353, '2004-12-04', '2004-12-11', '2004-12-05', 'Shipped', NULL, 447),
(10354, '2004-12-04', '2004-12-10', '2004-12-05', 'Shipped', NULL, 323),
(10355, '2004-12-07', '2004-12-14', '2004-12-13', 'Shipped', NULL, 141),
(10356, '2004-12-09', '2004-12-15', '2004-12-12', 'Shipped', NULL, 250),
(10357, '2004-12-10', '2004-12-16', '2004-12-14', 'Shipped', NULL, 124),
(10358, '2004-12-10', '2004-12-16', '2004-12-16', 'Shipped', 'Customer requested that DHL is used for this shipping', 141),
(10359, '2004-12-15', '2004-12-23', '2004-12-18', 'Shipped', NULL, 353),
(10360, '2004-12-16', '2004-12-22', '2004-12-18', 'Shipped', NULL, 496),
(10361, '2004-12-17', '2004-12-24', '2004-12-20', 'Shipped', NULL, 282),
(10362, '2005-01-05', '2005-01-16', '2005-01-10', 'Shipped', NULL, 161),
(10363, '2005-01-06', '2005-01-12', '2005-01-10', 'Shipped', NULL, 334),
(10364, '2005-01-06', '2005-01-17', '2005-01-09', 'Shipped', NULL, 350),
(10365, '2005-01-07', '2005-01-18', '2005-01-11', 'Shipped', NULL, 320),
(10366, '2005-01-10', '2005-01-19', '2005-01-12', 'Shipped', NULL, 381),
(10367, '2005-01-12', '2005-01-21', '2005-01-16', 'Resolved', 'This order was disputed and resolved on 2/1/2005. Customer claimed that container with shipment was damaged. FedEx\'s investigation proved this wrong.', 205),
(10368, '2005-01-19', '2005-01-27', '2005-01-24', 'Shipped', 'Can we renegotiate this one?', 124),
(10369, '2005-01-20', '2005-01-28', '2005-01-24', 'Shipped', NULL, 379),
(10370, '2005-01-20', '2005-02-01', '2005-01-25', 'Shipped', NULL, 276),
(10371, '2005-01-23', '2005-02-03', '2005-01-25', 'Shipped', NULL, 124),
(10372, '2005-01-26', '2005-02-05', '2005-01-28', 'Shipped', NULL, 398),
(10373, '2005-01-31', '2005-02-08', '2005-02-06', 'Shipped', NULL, 311),
(10374, '2005-02-02', '2005-02-09', '2005-02-03', 'Shipped', NULL, 333),
(10375, '2005-02-03', '2005-02-10', '2005-02-06', 'Shipped', NULL, 119),
(10376, '2005-02-08', '2005-02-18', '2005-02-13', 'Shipped', NULL, 219),
(10377, '2005-02-09', '2005-02-21', '2005-02-12', 'Shipped', 'Cautious optimism. We have happy customers here, if we can keep them well stocked.  I need all the information I can get on the planned shippments of Porches', 186),
(10378, '2005-02-10', '2005-02-18', '2005-02-11', 'Shipped', NULL, 141),
(10379, '2005-02-10', '2005-02-18', '2005-02-11', 'Shipped', NULL, 141),
(10380, '2005-02-16', '2005-02-24', '2005-02-18', 'Shipped', NULL, 141),
(10381, '2005-02-17', '2005-02-25', '2005-02-18', 'Shipped', NULL, 321),
(10382, '2005-02-17', '2005-02-23', '2005-02-18', 'Shipped', 'Custom shipping instructions sent to warehouse', 124),
(10383, '2005-02-22', '2005-03-02', '2005-02-25', 'Shipped', NULL, 141),
(10384, '2005-02-23', '2005-03-06', '2005-02-27', 'Shipped', NULL, 321),
(10385, '2005-02-28', '2005-03-09', '2005-03-01', 'Shipped', NULL, 124),
(10386, '2005-03-01', '2005-03-09', '2005-03-06', 'Resolved', 'Disputed then Resolved on 3/15/2005. Customer doesn\'t like the craftsmaship of the models.', 141),
(10387, '2005-03-02', '2005-03-09', '2005-03-06', 'Shipped', 'We need to keep in close contact with their Marketing VP. He is the decision maker for all their purchases.', 148),
(10388, '2005-03-03', '2005-03-11', '2005-03-09', 'Shipped', NULL, 462),
(10389, '2005-03-03', '2005-03-09', '2005-03-08', 'Shipped', NULL, 448),
(10390, '2005-03-04', '2005-03-11', '2005-03-07', 'Shipped', 'They want to reevaluate their terms agreement with Finance.', 124),
(10391, '2005-03-09', '2005-03-20', '2005-03-15', 'Shipped', NULL, 276),
(10392, '2005-03-10', '2005-03-18', '2005-03-12', 'Shipped', NULL, 452),
(10393, '2005-03-11', '2005-03-22', '2005-03-14', 'Shipped', 'They want to reevaluate their terms agreement with Finance.', 323),
(10394, '2005-03-15', '2005-03-25', '2005-03-19', 'Shipped', NULL, 141),
(10395, '2005-03-17', '2005-03-24', '2005-03-23', 'Shipped', 'We must be cautions with this customer. Their VP of Sales resigned. Company may be heading down.', 250),
(10396, '2005-03-23', '2005-04-02', '2005-03-28', 'Shipped', NULL, 124),
(10397, '2005-03-28', '2005-04-09', '2005-04-01', 'Shipped', NULL, 242),
(10398, '2005-03-30', '2005-04-09', '2005-03-31', 'Shipped', NULL, 353),
(10399, '2005-04-01', '2005-04-12', '2005-04-03', 'Shipped', NULL, 496),
(10400, '2005-04-01', '2005-04-11', '2005-04-04', 'Shipped', 'Customer requested that DHL is used for this shipping', 450),
(10401, '2005-04-03', '2005-04-14', NULL, 'On Hold', 'Customer credit limit exceeded. Will ship when a payment is received.', 328),
(10402, '2005-04-07', '2005-04-14', '2005-04-12', 'Shipped', NULL, 406),
(10403, '2005-04-08', '2005-04-18', '2005-04-11', 'Shipped', NULL, 201),
(10404, '2005-04-08', '2005-04-14', '2005-04-11', 'Shipped', NULL, 323),
(10405, '2005-04-14', '2005-04-24', '2005-04-20', 'Shipped', NULL, 209),
(10406, '2005-04-15', '2005-04-25', '2005-04-21', 'Disputed', 'Customer claims container with shipment was damaged during shipping and some items were missing. I am talking to FedEx about this.', 145),
(10407, '2005-04-22', '2005-05-04', NULL, 'On Hold', 'Customer credit limit exceeded. Will ship when a payment is received.', 450),
(10408, '2005-04-22', '2005-04-29', '2005-04-27', 'Shipped', NULL, 398),
(10409, '2005-04-23', '2005-05-05', '2005-04-24', 'Shipped', NULL, 166),
(10410, '2005-04-29', '2005-05-10', '2005-04-30', 'Shipped', NULL, 357),
(10411, '2005-05-01', '2005-05-08', '2005-05-06', 'Shipped', NULL, 233),
(10412, '2005-05-03', '2005-05-13', '2005-05-05', 'Shipped', NULL, 141),
(10413, '2005-05-05', '2005-05-14', '2005-05-09', 'Shipped', 'Customer requested that DHL is used for this shipping', 175),
(10414, '2005-05-06', '2005-05-13', NULL, 'On Hold', 'Customer credit limit exceeded. Will ship when a payment is received.', 362),
(10415, '2005-05-09', '2005-05-20', '2005-05-12', 'Disputed', 'Customer claims the scales of the models don\'t match what was discussed. I keep all the paperwork though to prove otherwise', 471),
(10416, '2005-05-10', '2005-05-16', '2005-05-14', 'Shipped', NULL, 386),
(10417, '2005-05-13', '2005-05-19', '2005-05-19', 'Disputed', 'Customer doesn\'t like the colors and precision of the models.', 141),
(10418, '2005-05-16', '2005-05-24', '2005-05-20', 'Shipped', NULL, 412),
(10419, '2005-05-17', '2005-05-28', '2005-05-19', 'Shipped', NULL, 382),
(10420, '2005-05-29', '2005-06-07', NULL, 'In Process', NULL, 282),
(10421, '2005-05-29', '2005-06-06', NULL, 'In Process', 'Custom shipping instructions were sent to warehouse', 124),
(10422, '2005-05-30', '2005-06-11', NULL, 'In Process', NULL, 157),
(10423, '2005-05-30', '2005-06-05', NULL, 'In Process', NULL, 314),
(10424, '2005-05-31', '2005-06-08', NULL, 'In Process', NULL, 141),
(10425, '2005-05-31', '2005-06-07', NULL, 'In Process', NULL, 119);

-- --------------------------------------------------------

--
-- Table structure for table `owners`
--

CREATE TABLE `owners` (
  `id` bigint UNSIGNED NOT NULL,
  `name` text CHARACTER SET utf8mb4 COLLATE utf8mb4_unicode_ci NOT NULL,
  `address` text CHARACTER SET utf8mb4 COLLATE utf8mb4_unicode_ci NOT NULL,
  `email` text CHARACTER SET utf8mb4 COLLATE utf8mb4_unicode_ci NOT NULL,
  `phone` text CHARACTER SET utf8mb4 COLLATE utf8mb4_unicode_ci NOT NULL
) ENGINE=InnoDB DEFAULT CHARSET=utf8mb4 COLLATE=utf8mb4_unicode_ci;

--
-- Dumping data for table `owners`
--

INSERT INTO `owners` (`id`, `name`, `address`, `email`, `phone`) VALUES
(1, 'Dominic Stewart', '937 Gray Underpass\nAllenberg\nDD3 8ES', 'freddie.saunders@gmail.com', '+44(0)4379 865138'),
(2, 'Lindsay Palmer', 'Studio 11\nTracy Underpass\nCharlesshire\nS6 1WR', 'stewart.isla@gmail.com', '0445 4945458'),
(3, 'Yvonne Bell', '749 Cook Mount\nKieranbury\nG77 6DL', 'mia.young@gmail.co.uk', '0372881227'),
(4, 'Helen Evans', '0 Moore Springs\nNew Ken\nHP5 2ED', 'tyler62@hotmail.com', '(01832) 76086'),
(5, 'Isabel Cooper', '2 Harrison Track\nLake Francescaborough\nTS19 9ES', 'hhill@hotmail.com', '(0955) 026 9515'),
(6, 'Natalie Fox', 'Studio 87y\nHeather Circles\nLloydtown\nTW15 3EQ', 'joshua.green@hotmail.co.uk', '+44(0)9687 26658'),
(7, 'Graham Williams', '301 Stewart Streets\nDaleview\nOX11 8JJ', 'dscott@hotmail.com', '0422760818'),
(8, 'Carole Robertson', '0 Murray Junctions\nLake Zoe\nTR16 6EU', 'awalsh@gmail.com', '0920 624 4286'),
(9, 'Oliver Parker', 'Flat 27\nHarrison Extensions\nJuliamouth\nGU1 2SB', 'aiden30@gmail.com', '08224532334'),
(10, 'Reece Rogers', '77 Lucas Estate\nLolashire\nLL12 9NR', 'fox.sebastian@yahoo.com', '+44(0)2436261097'),
(11, 'Quentin Carter', '672 Hughes Orchard\nMarshallport\nBN6 8DA', 'emma.knight@gmail.com', '02626676361'),
(12, 'Ryan Gray', '527 Stevens Flats\nEast Bradley\nW10 6DY', 'kwilson@yahoo.com', '+44(0)9011555546'),
(13, 'Theresa Lloyd', 'Flat 36\nJoanne Track\nEast Lauren\nTN14 5GD', 'mary26@yahoo.co.uk', '+44(0)2936 343403'),
(14, 'Kelly Simpson', 'Flat 52v\nEvans Spurs\nWilliamsside\nCH63 4JT', 'liam02@gmail.co.uk', '+44(0)8085811974'),
(15, 'Amber Taylor', '94 Greg Harbour\nPort Sophia\nHA1 2AG', 'philip23@gmail.co.uk', '(0974) 084 3010'),
(16, 'Riley Brown', 'Flat 13v\nTheresa Streets\nWest Maisieton\nTN15 8JE', 'vanessa76@yahoo.com', '0902 3250125'),
(17, 'Jonathan Knight', '3 Caitlin Station\nWest Maisieburgh\nSW6 2WG', 'gray.scott@gmail.co.uk', '07819316950'),
(18, 'Louis Watson', 'Studio 53\nErin Fort\nNew Naomistad\nTF3 2BG', 'richards.mandy@hotmail.com', '0136197108'),
(19, 'William Young', '933 Sophie Unions\nGrahamview\nIP7 5SS', 'selina93@gmail.com', '0887 5569890'),
(20, 'Ian Cooper', 'Studio 85\nCarmen Extension\nDeanstad\nBT46 5NR', 'lee.miller@gmail.com', '+44(0)8585 89200'),
(21, 'Lily Robertson', '7 Clark Mount\nKellyton\nS81 0HT', 'archie.wilson@gmail.com', '+44(0)543864540'),
(22, 'Dylan Martin', '375 Walker Walk\nKevinland\nS70 5RT', 'cgriffiths@hotmail.co.uk', '(0473) 5355226'),
(23, 'Luke Wright', '3 Megan Gardens\nRichardsview\nEH26 0LE', 'jodie90@yahoo.co.uk', '+44(0)3896731823'),
(24, 'Steve Rogers', '14 Griffiths Hill\nNorth Chelsea\nAL9 5DL', 'kennedy.jane@yahoo.co.uk', '05197 47624'),
(25, 'Charlie Chapman', 'Studio 86x\nOwen Rest\nPort Bradley\nL25 8SJ', 'archie.scott@hotmail.co.uk', '(0102) 274 1716'),
(26, 'Kirsten Bell', '764 Amelia Hill\nDaviesfurt\nAB31 5ZD', 'jamie.ward@gmail.com', '(07108) 945063'),
(27, 'Jim Watson', '8 Lewis Vista\nEast Paulland\nLS28 9NF', 'harvey.owen@hotmail.com', '+44(0)8534 13540'),
(28, 'Sally Holmes', '10 Wright Squares\nMurrayport\nRM9 4UT', 'brown.grace@yahoo.com', '(0272) 918 8177'),
(29, 'Tara Stevens', '3 Harris Avenue\nLake Isabellemouth\nTR16 6EU', 'amelia71@gmail.co.uk', '07877 069518'),
(30, 'Nikki Davies', '319 Wilson Streets\nWalkerbury\nCT13 0PW', 'claire68@hotmail.co.uk', '(07326) 91527'),
(31, 'Hollie Young', 'Studio 23w\nElla Land\nAllentown\nMK9 2AD', 'archie80@gmail.co.uk', '+44(0)349968717'),
(32, 'Harry Bennett', '449 Holmes Cape\nNorth Emmamouth\nMK17 9QX', 'dellis@hotmail.com', '0483 427 3036'),
(33, 'Dominic Wright', 'Flat 23c\nGray Ridges\nButlertown\nNW4 4XL', 'elsie.reid@gmail.com', '(0961) 6374688'),
(34, 'Sienna Hunt', '457 Elsie Rapids\nNew Danfort\nWR2 4HQ', 'victoria97@hotmail.co.uk', '(0265) 205 2722'),
(35, 'Jasmine Lloyd', 'Studio 57\nGary Shoals\nWest Deanborough\nSK2 5XT', 'richards.jason@hotmail.co.uk', '+44(0)9090 99389'),
(36, 'Matthew Hunter', '9 Isobel Ridges\nHarrisonburgh\nCB2 8HH', 'amy.kennedy@yahoo.com', '0492 469 2575'),
(37, 'Harrison Baker', '92 Edward Trace\nSouth Samanthachester\nBH11 9NE', 'georgia.harrison@hotmail.com', '+44(0)2467662852'),
(38, 'Zach Lewis', '29 Ellis Ranch\nNew Peterbury\nDN15 9AU', 'williams.zoe@gmail.co.uk', '(0664) 2393401'),
(39, 'Samantha Reid', 'Flat 34\nParker Pines\nWest Lauren\nSA16 0HY', 'oprice@hotmail.com', '(0420) 437 0360'),
(40, 'Georgia Morgan', 'Studio 57y\nReid Lake\nPort Mia\nIP22 1JW', 'harrison.stephanie@yahoo.com', '(0904) 7080223'),
(41, 'Ellie Taylor', '694 Simpson Park\nJoneston\nW8 7EY', 'matthew.gray@gmail.co.uk', '+44(0)7898447316'),
(42, 'Lee Edwards', 'Studio 42\nEden Falls\nEast Dennis\nSA16 0HY', 'elsie25@yahoo.com', '02135 70436'),
(43, 'Fred Moore', '383 Moore Mews\nWrightfort\nM25 3BY', 'laura73@hotmail.com', '(09931) 978937'),
(44, 'Alfie Ellis', 'Flat 68u\nLeanne Road\nNorth John\nTW12 2RA', 'drose@hotmail.com', '(0438) 903 3692'),
(45, 'Andrew Morgan', '97 Reynolds Groves\nWrightmouth\nCM16 6TT', 'aaron83@yahoo.co.uk', '(02727) 498461'),
(46, 'Ian Kelly', 'Flat 07\nRosie Isle\nAndersonberg\nIP33 9GD', 'connor.murphy@hotmail.com', '+44(0)0633734690'),
(47, 'Mark Morgan', 'Studio 71x\nRoberts Forge\nNorth Scarlett\nTD8 6PQ', 'selina.saunders@yahoo.co.uk', '09366 717054'),
(48, 'Jade Rose', '36 Layla Lodge\nPort Dominic\nB17 0LW', 'simpson.kirsty@hotmail.co.uk', '0420351000'),
(49, 'Lily Morris', '83 Emily Grove\nButlerton\nNG19 7QJ', 'justine.hall@hotmail.com', '0234897933'),
(50, 'Jackson Kennedy', '49 Jamie Trace\nHunterport\nS49 1YZ', 'rob85@gmail.com', '(09227) 02544');

-- --------------------------------------------------------

--
-- Table structure for table `payments`
--

CREATE TABLE `payments` (
  `customerNumber` int NOT NULL,
  `checkNumber` varchar(50) NOT NULL,
  `paymentDate` date NOT NULL,
  `amount` decimal(10,2) NOT NULL
) ENGINE=InnoDB DEFAULT CHARSET=latin1;

--
-- Dumping data for table `payments`
--

INSERT INTO `payments` (`customerNumber`, `checkNumber`, `paymentDate`, `amount`) VALUES
(103, 'HQ336336', '2004-10-19', '6066.78'),
(103, 'JM555205', '2003-06-05', '14571.44'),
(103, 'OM314933', '2004-12-18', '1676.14'),
(112, 'BO864823', '2004-12-17', '14191.12'),
(112, 'HQ55022', '2003-06-06', '32641.98'),
(112, 'ND748579', '2004-08-20', '33347.88'),
(114, 'GG31455', '2003-05-20', '45864.03'),
(114, 'MA765515', '2004-12-15', '82261.22'),
(114, 'NP603840', '2003-05-31', '7565.08'),
(114, 'NR27552', '2004-03-10', '44894.74'),
(119, 'DB933704', '2004-11-14', '19501.82'),
(119, 'LN373447', '2004-08-08', '47924.19'),
(119, 'NG94694', '2005-02-22', '49523.67'),
(121, 'DB889831', '2003-02-16', '50218.95'),
(121, 'FD317790', '2003-10-28', '1491.38'),
(121, 'KI831359', '2004-11-04', '17876.32'),
(121, 'MA302151', '2004-11-28', '34638.14'),
(124, 'AE215433', '2005-03-05', '101244.59'),
(124, 'BG255406', '2004-08-28', '85410.87'),
(124, 'CQ287967', '2003-04-11', '11044.30'),
(124, 'ET64396', '2005-04-16', '83598.04'),
(124, 'HI366474', '2004-12-27', '47142.70'),
(124, 'HR86578', '2004-11-02', '55639.66'),
(124, 'KI131716', '2003-08-15', '111654.40'),
(124, 'LF217299', '2004-03-26', '43369.30'),
(124, 'NT141748', '2003-11-25', '45084.38'),
(128, 'DI925118', '2003-01-28', '10549.01'),
(128, 'FA465482', '2003-10-18', '24101.81'),
(128, 'FH668230', '2004-03-24', '33820.62'),
(128, 'IP383901', '2004-11-18', '7466.32'),
(129, 'DM826140', '2004-12-08', '26248.78'),
(129, 'ID449593', '2003-12-11', '23923.93'),
(129, 'PI42991', '2003-04-09', '16537.85'),
(131, 'CL442705', '2003-03-12', '22292.62'),
(131, 'MA724562', '2004-12-02', '50025.35'),
(131, 'NB445135', '2004-09-11', '35321.97'),
(141, 'AU364101', '2003-07-19', '36251.03'),
(141, 'DB583216', '2004-11-01', '36140.38'),
(141, 'DL460618', '2005-05-19', '46895.48'),
(141, 'HJ32686', '2004-01-30', '59830.55'),
(141, 'ID10962', '2004-12-31', '116208.40'),
(141, 'IN446258', '2005-03-25', '65071.26'),
(141, 'JE105477', '2005-03-18', '120166.58'),
(141, 'JN355280', '2003-10-26', '49539.37'),
(141, 'JN722010', '2003-02-25', '40206.20'),
(141, 'KT52578', '2003-12-09', '63843.55'),
(141, 'MC46946', '2004-07-09', '35420.74'),
(141, 'MF629602', '2004-08-16', '20009.53'),
(141, 'NU627706', '2004-05-17', '26155.91'),
(144, 'IR846303', '2004-12-12', '36005.71'),
(144, 'LA685678', '2003-04-09', '7674.94'),
(145, 'CN328545', '2004-07-03', '4710.73'),
(145, 'ED39322', '2004-04-26', '28211.70'),
(145, 'HR182688', '2004-12-01', '20564.86'),
(145, 'JJ246391', '2003-02-20', '53959.21'),
(146, 'FP549817', '2004-03-18', '40978.53'),
(146, 'FU793410', '2004-01-16', '49614.72'),
(146, 'LJ160635', '2003-12-10', '39712.10'),
(148, 'BI507030', '2003-04-22', '44380.15'),
(148, 'DD635282', '2004-08-11', '2611.84'),
(148, 'KM172879', '2003-12-26', '105743.00'),
(148, 'ME497970', '2005-03-27', '3516.04'),
(151, 'BF686658', '2003-12-22', '58793.53'),
(151, 'GB852215', '2004-07-26', '20314.44'),
(151, 'IP568906', '2003-06-18', '58841.35'),
(151, 'KI884577', '2004-12-14', '39964.63'),
(157, 'HI618861', '2004-11-19', '35152.12'),
(157, 'NN711988', '2004-09-07', '63357.13'),
(161, 'BR352384', '2004-11-14', '2434.25'),
(161, 'BR478494', '2003-11-18', '50743.65'),
(161, 'KG644125', '2005-02-02', '12692.19'),
(161, 'NI908214', '2003-08-05', '38675.13'),
(166, 'BQ327613', '2004-09-16', '38785.48'),
(166, 'DC979307', '2004-07-07', '44160.92'),
(166, 'LA318629', '2004-02-28', '22474.17'),
(167, 'ED743615', '2004-09-19', '12538.01'),
(167, 'GN228846', '2003-12-03', '85024.46'),
(171, 'GB878038', '2004-03-15', '18997.89'),
(171, 'IL104425', '2003-11-22', '42783.81'),
(172, 'AD832091', '2004-09-09', '1960.80'),
(172, 'CE51751', '2004-12-04', '51209.58'),
(172, 'EH208589', '2003-04-20', '33383.14'),
(173, 'GP545698', '2004-05-13', '11843.45'),
(173, 'IG462397', '2004-03-29', '20355.24'),
(175, 'CITI3434344', '2005-05-19', '28500.78'),
(175, 'IO448913', '2003-11-19', '24879.08'),
(175, 'PI15215', '2004-07-10', '42044.77'),
(177, 'AU750837', '2004-04-17', '15183.63'),
(177, 'CI381435', '2004-01-19', '47177.59'),
(181, 'CM564612', '2004-04-25', '22602.36'),
(181, 'GQ132144', '2003-01-30', '5494.78'),
(181, 'OH367219', '2004-11-16', '44400.50'),
(186, 'AE192287', '2005-03-10', '23602.90'),
(186, 'AK412714', '2003-10-27', '37602.48'),
(186, 'KA602407', '2004-10-21', '34341.08'),
(187, 'AM968797', '2004-11-03', '52825.29'),
(187, 'BQ39062', '2004-12-08', '47159.11'),
(187, 'KL124726', '2003-03-27', '48425.69'),
(189, 'BO711618', '2004-10-03', '17359.53'),
(189, 'NM916675', '2004-03-01', '32538.74'),
(198, 'FI192930', '2004-12-06', '9658.74'),
(198, 'HQ920205', '2003-07-06', '6036.96'),
(198, 'IS946883', '2004-09-21', '5858.56'),
(201, 'DP677013', '2003-10-20', '23908.24'),
(201, 'OO846801', '2004-06-15', '37258.94'),
(202, 'HI358554', '2003-12-18', '36527.61'),
(202, 'IQ627690', '2004-11-08', '33594.58'),
(204, 'GC697638', '2004-08-13', '51152.86'),
(204, 'IS150005', '2004-09-24', '4424.40'),
(205, 'GL756480', '2003-12-04', '3879.96'),
(205, 'LL562733', '2003-09-05', '50342.74'),
(205, 'NM739638', '2005-02-06', '39580.60'),
(209, 'BOAF82044', '2005-05-03', '35157.75'),
(209, 'ED520529', '2004-06-21', '4632.31'),
(209, 'PH785937', '2004-05-04', '36069.26'),
(211, 'BJ535230', '2003-12-09', '45480.79'),
(216, 'BG407567', '2003-05-09', '3101.40'),
(216, 'ML780814', '2004-12-06', '24945.21'),
(216, 'MM342086', '2003-12-14', '40473.86'),
(219, 'BN17870', '2005-03-02', '3452.75'),
(219, 'BR941480', '2003-10-18', '4465.85'),
(227, 'MQ413968', '2003-10-31', '36164.46'),
(227, 'NU21326', '2004-11-02', '53745.34'),
(233, 'BOFA23232', '2005-05-20', '29070.38'),
(233, 'II180006', '2004-07-01', '22997.45'),
(233, 'JG981190', '2003-11-18', '16909.84'),
(239, 'NQ865547', '2004-03-15', '80375.24'),
(240, 'IF245157', '2004-11-16', '46788.14'),
(240, 'JO719695', '2004-03-28', '24995.61'),
(242, 'AF40894', '2003-11-22', '33818.34'),
(242, 'HR224331', '2005-06-03', '12432.32'),
(242, 'KI744716', '2003-07-21', '14232.70'),
(249, 'IJ399820', '2004-09-19', '33924.24'),
(249, 'NE404084', '2004-09-04', '48298.99'),
(250, 'EQ12267', '2005-05-17', '17928.09'),
(250, 'HD284647', '2004-12-30', '26311.63'),
(250, 'HN114306', '2003-07-18', '23419.47'),
(256, 'EP227123', '2004-02-10', '5759.42'),
(256, 'HE84936', '2004-10-22', '53116.99'),
(259, 'EU280955', '2004-11-06', '61234.67'),
(259, 'GB361972', '2003-12-07', '27988.47'),
(260, 'IO164641', '2004-08-30', '37527.58'),
(260, 'NH776924', '2004-04-24', '29284.42'),
(276, 'EM979878', '2005-02-09', '27083.78'),
(276, 'KM841847', '2003-11-13', '38547.19'),
(276, 'LE432182', '2003-09-28', '41554.73'),
(276, 'OJ819725', '2005-04-30', '29848.52'),
(278, 'BJ483870', '2004-12-05', '37654.09'),
(278, 'GP636783', '2003-03-02', '52151.81'),
(278, 'NI983021', '2003-11-24', '37723.79'),
(282, 'IA793562', '2003-08-03', '24013.52'),
(282, 'JT819493', '2004-08-02', '35806.73'),
(282, 'OD327378', '2005-01-03', '31835.36'),
(286, 'DR578578', '2004-10-28', '47411.33'),
(286, 'KH910279', '2004-09-05', '43134.04'),
(298, 'AJ574927', '2004-03-13', '47375.92'),
(298, 'LF501133', '2004-09-18', '61402.00'),
(299, 'AD304085', '2003-10-24', '36798.88'),
(299, 'NR157385', '2004-09-05', '32260.16'),
(311, 'DG336041', '2005-02-15', '46770.52'),
(311, 'FA728475', '2003-10-06', '32723.04'),
(311, 'NQ966143', '2004-04-25', '16212.59'),
(314, 'LQ244073', '2004-08-09', '45352.47'),
(314, 'MD809704', '2004-03-03', '16901.38'),
(319, 'HL685576', '2004-11-06', '42339.76'),
(319, 'OM548174', '2003-12-07', '36092.40'),
(320, 'GJ597719', '2005-01-18', '8307.28'),
(320, 'HO576374', '2003-08-20', '41016.75'),
(320, 'MU817160', '2003-11-24', '52548.49'),
(321, 'DJ15149', '2003-11-03', '85559.12'),
(321, 'LA556321', '2005-03-15', '46781.66'),
(323, 'AL493079', '2005-05-23', '75020.13'),
(323, 'ES347491', '2004-06-24', '37281.36'),
(323, 'HG738664', '2003-07-05', '2880.00'),
(323, 'PQ803830', '2004-12-24', '39440.59'),
(324, 'DQ409197', '2004-12-13', '13671.82'),
(324, 'FP443161', '2003-07-07', '29429.14'),
(324, 'HB150714', '2003-11-23', '37455.77'),
(328, 'EN930356', '2004-04-16', '7178.66'),
(328, 'NR631421', '2004-05-30', '31102.85'),
(333, 'HL209210', '2003-11-15', '23936.53'),
(333, 'JK479662', '2003-10-17', '9821.32'),
(333, 'NF959653', '2005-03-01', '21432.31'),
(334, 'CS435306', '2005-01-27', '45785.34'),
(334, 'HH517378', '2003-08-16', '29716.86'),
(334, 'LF737277', '2004-05-22', '28394.54'),
(339, 'AP286625', '2004-10-24', '23333.06'),
(339, 'DA98827', '2003-11-28', '34606.28'),
(344, 'AF246722', '2003-11-24', '31428.21'),
(344, 'NJ906924', '2004-04-02', '15322.93'),
(347, 'DG700707', '2004-01-18', '21053.69'),
(347, 'LG808674', '2003-10-24', '20452.50'),
(350, 'BQ602907', '2004-12-11', '18888.31'),
(350, 'CI471510', '2003-05-25', '50824.66'),
(350, 'OB648482', '2005-01-29', '1834.56'),
(353, 'CO351193', '2005-01-10', '49705.52'),
(353, 'ED878227', '2003-07-21', '13920.26'),
(353, 'GT878649', '2003-05-21', '16700.47'),
(353, 'HJ618252', '2005-06-09', '46656.94'),
(357, 'AG240323', '2003-12-16', '20220.04'),
(357, 'NB291497', '2004-05-15', '36442.34'),
(362, 'FP170292', '2004-07-11', '18473.71'),
(362, 'OG208861', '2004-09-21', '15059.76'),
(363, 'HL575273', '2004-11-17', '50799.69'),
(363, 'IS232033', '2003-01-16', '10223.83'),
(363, 'PN238558', '2003-12-05', '55425.77'),
(379, 'CA762595', '2005-02-12', '28322.83'),
(379, 'FR499138', '2003-09-16', '32680.31'),
(379, 'GB890854', '2004-08-02', '12530.51'),
(381, 'BC726082', '2004-12-03', '12081.52'),
(381, 'CC475233', '2003-04-19', '1627.56'),
(381, 'GB117430', '2005-02-03', '14379.90'),
(381, 'MS154481', '2003-08-22', '1128.20'),
(382, 'CC871084', '2003-05-12', '35826.33'),
(382, 'CT821147', '2004-08-01', '6419.84'),
(382, 'PH29054', '2004-11-27', '42813.83'),
(385, 'BN347084', '2003-12-02', '20644.24'),
(385, 'CP804873', '2004-11-19', '15822.84'),
(385, 'EK785462', '2003-03-09', '51001.22'),
(386, 'DO106109', '2003-11-18', '38524.29'),
(386, 'HG438769', '2004-07-18', '51619.02'),
(398, 'AJ478695', '2005-02-14', '33967.73'),
(398, 'DO787644', '2004-06-21', '22037.91'),
(398, 'JPMR4544', '2005-05-18', '615.45'),
(398, 'KB54275', '2004-11-29', '48927.64'),
(406, 'BJMPR4545', '2005-04-23', '12190.85'),
(406, 'HJ217687', '2004-01-28', '49165.16'),
(406, 'NA197101', '2004-06-17', '25080.96'),
(412, 'GH197075', '2004-07-25', '35034.57'),
(412, 'PJ434867', '2004-04-14', '31670.37'),
(415, 'ER54537', '2004-09-28', '31310.09'),
(424, 'KF480160', '2004-12-07', '25505.98'),
(424, 'LM271923', '2003-04-16', '21665.98'),
(424, 'OA595449', '2003-10-31', '22042.37'),
(447, 'AO757239', '2003-09-15', '6631.36'),
(447, 'ER615123', '2003-06-25', '17032.29'),
(447, 'OU516561', '2004-12-17', '26304.13'),
(448, 'FS299615', '2005-04-18', '27966.54'),
(448, 'KR822727', '2004-09-30', '48809.90'),
(450, 'EF485824', '2004-06-21', '59551.38'),
(452, 'ED473873', '2003-11-15', '27121.90'),
(452, 'FN640986', '2003-11-20', '15130.97'),
(452, 'HG635467', '2005-05-03', '8807.12'),
(455, 'HA777606', '2003-12-05', '38139.18'),
(455, 'IR662429', '2004-05-12', '32239.47'),
(456, 'GJ715659', '2004-11-13', '27550.51'),
(456, 'MO743231', '2004-04-30', '1679.92'),
(458, 'DD995006', '2004-11-15', '33145.56'),
(458, 'NA377824', '2004-02-06', '22162.61'),
(458, 'OO606861', '2003-06-13', '57131.92'),
(462, 'ED203908', '2005-04-15', '30293.77'),
(462, 'GC60330', '2003-11-08', '9977.85'),
(462, 'PE176846', '2004-11-27', '48355.87'),
(471, 'AB661578', '2004-07-28', '9415.13'),
(471, 'CO645196', '2003-12-10', '35505.63'),
(473, 'LL427009', '2004-02-17', '7612.06'),
(473, 'PC688499', '2003-10-27', '17746.26'),
(475, 'JP113227', '2003-12-09', '7678.25'),
(475, 'PB951268', '2004-02-13', '36070.47'),
(484, 'GK294076', '2004-10-26', '3474.66'),
(484, 'JH546765', '2003-11-29', '47513.19'),
(486, 'BL66528', '2004-04-14', '5899.38'),
(486, 'HS86661', '2004-11-23', '45994.07'),
(486, 'JB117768', '2003-03-20', '25833.14'),
(487, 'AH612904', '2003-09-28', '29997.09'),
(487, 'PT550181', '2004-02-29', '12573.28'),
(489, 'OC773849', '2003-12-04', '22275.73'),
(489, 'PO860906', '2004-01-31', '7310.42'),
(495, 'BH167026', '2003-12-26', '59265.14'),
(495, 'FN155234', '2004-05-14', '6276.60'),
(496, 'EU531600', '2005-05-25', '30253.75'),
(496, 'MB342426', '2003-07-16', '32077.44'),
(496, 'MN89921', '2004-12-31', '52166.00');

-- --------------------------------------------------------

--
-- Table structure for table `productlines`
--

CREATE TABLE `productlines` (
  `productLine` varchar(50) NOT NULL,
  `textDescription` varchar(4000) DEFAULT NULL,
  `htmlDescription` mediumtext,
  `image` mediumblob
) ENGINE=InnoDB DEFAULT CHARSET=latin1;

--
-- Dumping data for table `productlines`
--

INSERT INTO `productlines` (`productLine`, `textDescription`, `htmlDescription`, `image`) VALUES
('Classic Cars', 'Attention car enthusiasts: Make your wildest car ownership dreams come true. Whether you are looking for classic muscle cars, dream sports cars or movie-inspired miniatures, you will find great choices in this category. These replicas feature superb attention to detail and craftsmanship and offer features such as working steering system, opening forward compartment, opening rear trunk with removable spare wheel, 4-wheel independent spring suspension, and so on. The models range in size from 1:10 to 1:24 scale and include numerous limited edition and several out-of-production vehicles. All models include a certificate of authenticity from their manufacturers and come fully assembled and ready for display in the home or office.', NULL, NULL),
('Motorcycles', 'Our motorcycles are state of the art replicas of classic as well as contemporary motorcycle legends such as Harley Davidson, Ducati and Vespa. Models contain stunning details such as official logos, rotating wheels, working kickstand, front suspension, gear-shift lever, footbrake lever, and drive chain. Materials used include diecast and plastic. The models range in size from 1:10 to 1:50 scale and include numerous limited edition and several out-of-production vehicles. All models come fully assembled and ready for display in the home or office. Most include a certificate of authenticity.', NULL, NULL),
('Planes', 'Unique, diecast airplane and helicopter replicas suitable for collections, as well as home, office or classroom decorations. Models contain stunning details such as official logos and insignias, rotating jet engines and propellers, retractable wheels, and so on. Most come fully assembled and with a certificate of authenticity from their manufacturers.', NULL, NULL),
('Ships', 'The perfect holiday or anniversary gift for executives, clients, friends, and family. These handcrafted model ships are unique, stunning works of art that will be treasured for generations! They come fully assembled and ready for display in the home or office. We guarantee the highest quality, and best value.', NULL, NULL),
('Trains', 'Model trains are a rewarding hobby for enthusiasts of all ages. Whether you\'re looking for collectible wooden trains, electric streetcars or locomotives, you\'ll find a number of great choices for any budget within this category. The interactive aspect of trains makes toy trains perfect for young children. The wooden train sets are ideal for children under the age of 5.', NULL, NULL),
('Trucks and Buses', 'The Truck and Bus models are realistic replicas of buses and specialized trucks produced from the early 1920s to present. The models range in size from 1:12 to 1:50 scale and include numerous limited edition and several out-of-production vehicles. Materials used include tin, diecast and plastic. All models include a certificate of authenticity from their manufacturers and are a perfect ornament for the home and office.', NULL, NULL),
('Vintage Cars', 'Our Vintage Car models realistically portray automobiles produced from the early 1900s through the 1940s. Materials used include Bakelite, diecast, plastic and wood. Most of the replicas are in the 1:18 and 1:24 scale sizes, which provide the optimum in detail and accuracy. Prices range from $30.00 up to $180.00 for some special limited edition replicas. All models include a certificate of authenticity from their manufacturers and come fully assembled and ready for display in the home or office.', NULL, NULL);

-- --------------------------------------------------------

--
-- Table structure for table `products`
--

CREATE TABLE `products` (
  `productCode` varchar(15) NOT NULL,
  `productName` varchar(70) NOT NULL,
  `productLine` varchar(50) NOT NULL,
  `productScale` varchar(10) NOT NULL,
  `productVendor` varchar(50) NOT NULL,
  `productDescription` text NOT NULL,
  `quantityInStock` smallint NOT NULL,
  `buyPrice` decimal(10,2) NOT NULL,
  `MSRP` decimal(10,2) NOT NULL
) ENGINE=InnoDB DEFAULT CHARSET=latin1;

--
-- Dumping data for table `products`
--

INSERT INTO `products` (`productCode`, `productName`, `productLine`, `productScale`, `productVendor`, `productDescription`, `quantityInStock`, `buyPrice`, `MSRP`) VALUES
('S10_1678', '1969 Harley Davidson Ultimate Chopper', 'Motorcycles', '1:10', 'Min Lin Diecast', 'This replica features working kickstand, front suspension, gear-shift lever, footbrake lever, drive chain, wheels and steering. All parts are particularly delicate due to their precise scale and require special care and attention.', 7933, '48.81', '95.70'),
('S10_1949', '1952 Alpine Renault 1300', 'Classic Cars', '1:10', 'Classic Metal Creations', 'Turnable front wheels; steering function; detailed interior; detailed engine; opening hood; opening trunk; opening doors; and detailed chassis.', 7305, '98.58', '214.30'),
('S10_2016', '1996 Moto Guzzi 1100i', 'Motorcycles', '1:10', 'Highway 66 Mini Classics', 'Official Moto Guzzi logos and insignias, saddle bags located on side of motorcycle, detailed engine, working steering, working suspension, two leather seats, luggage rack, dual exhaust pipes, small saddle bag located on handle bars, two-tone paint with chrome accents, superior die-cast detail , rotating wheels , working kick stand, diecast metal with plastic parts and baked enamel finish.', 6625, '68.99', '118.94'),
('S10_4698', '2003 Harley-Davidson Eagle Drag Bike', 'Motorcycles', '1:10', 'Red Start Diecast', 'Model features, official Harley Davidson logos and insignias, detachable rear wheelie bar, heavy diecast metal with resin parts, authentic multi-color tampo-printed graphics, separate engine drive belts, free-turning front fork, rotating tires and rear racing slick, certificate of authenticity, detailed engine, display stand\r\n, precision diecast replica, baked enamel finish, 1:10 scale model, removable fender, seat and tank cover piece for displaying the superior detail of the v-twin engine', 5582, '91.02', '193.66'),
('S10_4757', '1972 Alfa Romeo GTA', 'Classic Cars', '1:10', 'Motor City Art Classics', 'Features include: Turnable front wheels; steering function; detailed interior; detailed engine; opening hood; opening trunk; opening doors; and detailed chassis.', 3252, '85.68', '136.00'),
('S10_4962', '1962 LanciaA Delta 16V', 'Classic Cars', '1:10', 'Second Gear Diecast', 'Features include: Turnable front wheels; steering function; detailed interior; detailed engine; opening hood; opening trunk; opening doors; and detailed chassis.', 6791, '103.42', '147.74'),
('S12_1099', '1968 Ford Mustang', 'Classic Cars', '1:12', 'Autoart Studio Design', 'Hood, doors and trunk all open to reveal highly detailed interior features. Steering wheel actually turns the front wheels. Color dark green.', 68, '95.34', '194.57'),
('S12_1108', '2001 Ferrari Enzo', 'Classic Cars', '1:12', 'Second Gear Diecast', 'Turnable front wheels; steering function; detailed interior; detailed engine; opening hood; opening trunk; opening doors; and detailed chassis.', 3619, '95.59', '207.80'),
('S12_1666', '1958 Setra Bus', 'Trucks and Buses', '1:12', 'Welly Diecast Productions', 'Model features 30 windows, skylights & glare resistant glass, working steering system, original logos', 1579, '77.90', '136.67'),
('S12_2823', '2002 Suzuki XREO', 'Motorcycles', '1:12', 'Unimax Art Galleries', 'Official logos and insignias, saddle bags located on side of motorcycle, detailed engine, working steering, working suspension, two leather seats, luggage rack, dual exhaust pipes, small saddle bag located on handle bars, two-tone paint with chrome accents, superior die-cast detail , rotating wheels , working kick stand, diecast metal with plastic parts and baked enamel finish.', 9997, '66.27', '150.62'),
('S12_3148', '1969 Corvair Monza', 'Classic Cars', '1:18', 'Welly Diecast Productions', '1:18 scale die-cast about 10\" long doors open, hood opens, trunk opens and wheels roll', 6906, '89.14', '151.08'),
('S12_3380', '1968 Dodge Charger', 'Classic Cars', '1:12', 'Welly Diecast Productions', '1:12 scale model of a 1968 Dodge Charger. Hood, doors and trunk all open to reveal highly detailed interior features. Steering wheel actually turns the front wheels. Color black', 9123, '75.16', '117.44'),
('S12_3891', '1969 Ford Falcon', 'Classic Cars', '1:12', 'Second Gear Diecast', 'Turnable front wheels; steering function; detailed interior; detailed engine; opening hood; opening trunk; opening doors; and detailed chassis.', 1049, '83.05', '173.02'),
('S12_3990', '1970 Plymouth Hemi Cuda', 'Classic Cars', '1:12', 'Studio M Art Models', 'Very detailed 1970 Plymouth Cuda model in 1:12 scale. The Cuda is generally accepted as one of the fastest original muscle cars from the 1970s. This model is a reproduction of one of the orginal 652 cars built in 1970. Red color.', 5663, '31.92', '79.80'),
('S12_4473', '1957 Chevy Pickup', 'Trucks and Buses', '1:12', 'Exoto Designs', '1:12 scale die-cast about 20\" long Hood opens, Rubber wheels', 6125, '55.70', '118.50'),
('S12_4675', '1969 Dodge Charger', 'Classic Cars', '1:12', 'Welly Diecast Productions', 'Detailed model of the 1969 Dodge Charger. This model includes finely detailed interior and exterior features. Painted in red and white.', 7323, '58.73', '115.16'),
('S18_1097', '1940 Ford Pickup Truck', 'Trucks and Buses', '1:18', 'Studio M Art Models', 'This model features soft rubber tires, working steering, rubber mud guards, authentic Ford logos, detailed undercarriage, opening doors and hood,  removable split rear gate, full size spare mounted in bed, detailed interior with opening glove box', 2613, '58.33', '116.67'),
('S18_1129', '1993 Mazda RX-7', 'Classic Cars', '1:18', 'Highway 66 Mini Classics', 'This model features, opening hood, opening doors, detailed engine, rear spoiler, opening trunk, working steering, tinted windows, baked enamel finish. Color red.', 3975, '83.51', '141.54'),
('S18_1342', '1937 Lincoln Berline', 'Vintage Cars', '1:18', 'Motor City Art Classics', 'Features opening engine cover, doors, trunk, and fuel filler cap. Color black', 8693, '60.62', '102.74'),
('S18_1367', '1936 Mercedes-Benz 500K Special Roadster', 'Vintage Cars', '1:18', 'Studio M Art Models', 'This 1:18 scale replica is constructed of heavy die-cast metal and has all the features of the original: working doors and rumble seat, independent spring suspension, detailed interior, working steering system, and a bifold hood that reveals an engine so accurate that it even includes the wiring. All this is topped off with a baked enamel finish. Color white.', 8635, '24.26', '53.91'),
('S18_1589', '1965 Aston Martin DB5', 'Classic Cars', '1:18', 'Classic Metal Creations', 'Die-cast model of the silver 1965 Aston Martin DB5 in silver. This model includes full wire wheels and doors that open with fully detailed passenger compartment. In 1:18 scale, this model measures approximately 10 inches/20 cm long.', 9042, '65.96', '124.44'),
('S18_1662', '1980s Black Hawk Helicopter', 'Planes', '1:18', 'Red Start Diecast', '1:18 scale replica of actual Army\'s UH-60L BLACK HAWK Helicopter. 100% hand-assembled. Features rotating rotor blades, propeller blades and rubber wheels.', 5330, '77.27', '157.69'),
('S18_1749', '1917 Grand Touring Sedan', 'Vintage Cars', '1:18', 'Welly Diecast Productions', 'This 1:18 scale replica of the 1917 Grand Touring car has all the features you would expect from museum quality reproductions: all four doors and bi-fold hood opening, detailed engine and instrument panel, chrome-look trim, and tufted upholstery, all topped off with a factory baked-enamel finish.', 2724, '86.70', '170.00'),
('S18_1889', '1948 Porsche 356-A Roadster', 'Classic Cars', '1:18', 'Gearbox Collectibles', 'This precision die-cast replica features opening doors, superb detail and craftsmanship, working steering system, opening forward compartment, opening rear trunk with removable spare, 4 wheel independent spring suspension as well as factory baked enamel finish.', 8826, '53.90', '77.00'),
('S18_1984', '1995 Honda Civic', 'Classic Cars', '1:18', 'Min Lin Diecast', 'This model features, opening hood, opening doors, detailed engine, rear spoiler, opening trunk, working steering, tinted windows, baked enamel finish. Color yellow.', 9772, '93.89', '142.25'),
('S18_2238', '1998 Chrysler Plymouth Prowler', 'Classic Cars', '1:18', 'Gearbox Collectibles', 'Turnable front wheels; steering function; detailed interior; detailed engine; opening hood; opening trunk; opening doors; and detailed chassis.', 4724, '101.51', '163.73'),
('S18_2248', '1911 Ford Town Car', 'Vintage Cars', '1:18', 'Motor City Art Classics', 'Features opening hood, opening doors, opening trunk, wide white wall tires, front door arm rests, working steering system.', 540, '33.30', '60.54'),
('S18_2319', '1964 Mercedes Tour Bus', 'Trucks and Buses', '1:18', 'Unimax Art Galleries', 'Exact replica. 100+ parts. working steering system, original logos', 8258, '74.86', '122.73'),
('S18_2325', '1932 Model A Ford J-Coupe', 'Vintage Cars', '1:18', 'Autoart Studio Design', 'This model features grille-mounted chrome horn, lift-up louvered hood, fold-down rumble seat, working steering system, chrome-covered spare, opening doors, detailed and wired engine', 9354, '58.48', '127.13'),
('S18_2432', '1926 Ford Fire Engine', 'Trucks and Buses', '1:18', 'Carousel DieCast Legends', 'Gleaming red handsome appearance. Everything is here the fire hoses, ladder, axes, bells, lanterns, ready to fight any inferno.', 2018, '24.92', '60.77'),
('S18_2581', 'P-51-D Mustang', 'Planes', '1:72', 'Gearbox Collectibles', 'Has retractable wheels and comes with a stand', 992, '49.00', '84.48'),
('S18_2625', '1936 Harley Davidson El Knucklehead', 'Motorcycles', '1:18', 'Welly Diecast Productions', 'Intricately detailed with chrome accents and trim, official die-struck logos and baked enamel finish.', 4357, '24.23', '60.57'),
('S18_2795', '1928 Mercedes-Benz SSK', 'Vintage Cars', '1:18', 'Gearbox Collectibles', 'This 1:18 replica features grille-mounted chrome horn, lift-up louvered hood, fold-down rumble seat, working steering system, chrome-covered spare, opening doors, detailed and wired engine. Color black.', 548, '72.56', '168.75'),
('S18_2870', '1999 Indy 500 Monte Carlo SS', 'Classic Cars', '1:18', 'Red Start Diecast', 'Features include opening and closing doors. Color: Red', 8164, '56.76', '132.00'),
('S18_2949', '1913 Ford Model T Speedster', 'Vintage Cars', '1:18', 'Carousel DieCast Legends', 'This 250 part reproduction includes moving handbrakes, clutch, throttle and foot pedals, squeezable horn, detailed wired engine, removable water, gas, and oil cans, pivoting monocle windshield, all topped with a baked enamel red finish. Each replica comes with an Owners Title and Certificate of Authenticity. Color red.', 4189, '60.78', '101.31'),
('S18_2957', '1934 Ford V8 Coupe', 'Vintage Cars', '1:18', 'Min Lin Diecast', 'Chrome Trim, Chrome Grille, Opening Hood, Opening Doors, Opening Trunk, Detailed Engine, Working Steering System', 5649, '34.35', '62.46'),
('S18_3029', '1999 Yamaha Speed Boat', 'Ships', '1:18', 'Min Lin Diecast', 'Exact replica. Wood and Metal. Many extras including rigging, long boats, pilot house, anchors, etc. Comes with three masts, all square-rigged.', 4259, '51.61', '86.02'),
('S18_3136', '18th Century Vintage Horse Carriage', 'Vintage Cars', '1:18', 'Red Start Diecast', 'Hand crafted diecast-like metal horse carriage is re-created in about 1:18 scale of antique horse carriage. This antique style metal Stagecoach is all hand-assembled with many different parts.\r\n\r\nThis collectible metal horse carriage is painted in classic Red, and features turning steering wheel and is entirely hand-finished.', 5992, '60.74', '104.72'),
('S18_3140', '1903 Ford Model A', 'Vintage Cars', '1:18', 'Unimax Art Galleries', 'Features opening trunk,  working steering system', 3913, '68.30', '136.59'),
('S18_3232', '1992 Ferrari 360 Spider red', 'Classic Cars', '1:18', 'Unimax Art Galleries', 'his replica features opening doors, superb detail and craftsmanship, working steering system, opening forward compartment, opening rear trunk with removable spare, 4 wheel independent spring suspension as well as factory baked enamel finish.', 8347, '77.90', '169.34'),
('S18_3233', '1985 Toyota Supra', 'Classic Cars', '1:18', 'Highway 66 Mini Classics', 'This model features soft rubber tires, working steering, rubber mud guards, authentic Ford logos, detailed undercarriage, opening doors and hood, removable split rear gate, full size spare mounted in bed, detailed interior with opening glove box', 7733, '57.01', '107.57'),
('S18_3259', 'Collectable Wooden Train', 'Trains', '1:18', 'Carousel DieCast Legends', 'Hand crafted wooden toy train set is in about 1:18 scale, 25 inches in total length including 2 additional carts, of actual vintage train. This antique style wooden toy train model set is all hand-assembled with 100% wood.', 6450, '67.56', '100.84'),
('S18_3278', '1969 Dodge Super Bee', 'Classic Cars', '1:18', 'Min Lin Diecast', 'This replica features opening doors, superb detail and craftsmanship, working steering system, opening forward compartment, opening rear trunk with removable spare, 4 wheel independent spring suspension as well as factory baked enamel finish.', 1917, '49.05', '80.41'),
('S18_3320', '1917 Maxwell Touring Car', 'Vintage Cars', '1:18', 'Exoto Designs', 'Features Gold Trim, Full Size Spare Tire, Chrome Trim, Chrome Grille, Opening Hood, Opening Doors, Opening Trunk, Detailed Engine, Working Steering System', 7913, '57.54', '99.21'),
('S18_3482', '1976 Ford Gran Torino', 'Classic Cars', '1:18', 'Gearbox Collectibles', 'Highly detailed 1976 Ford Gran Torino \"Starsky and Hutch\" diecast model. Very well constructed and painted in red and white patterns.', 9127, '73.49', '146.99'),
('S18_3685', '1948 Porsche Type 356 Roadster', 'Classic Cars', '1:18', 'Gearbox Collectibles', 'This model features working front and rear suspension on accurately replicated and actuating shock absorbers as well as opening engine cover, rear stabilizer flap,  and 4 opening doors.', 8990, '62.16', '141.28'),
('S18_3782', '1957 Vespa GS150', 'Motorcycles', '1:18', 'Studio M Art Models', 'Features rotating wheels , working kick stand. Comes with stand.', 7689, '32.95', '62.17'),
('S18_3856', '1941 Chevrolet Special Deluxe Cabriolet', 'Vintage Cars', '1:18', 'Exoto Designs', 'Features opening hood, opening doors, opening trunk, wide white wall tires, front door arm rests, working steering system, leather upholstery. Color black.', 2378, '64.58', '105.87'),
('S18_4027', '1970 Triumph Spitfire', 'Classic Cars', '1:18', 'Min Lin Diecast', 'Features include opening and closing doors. Color: White.', 5545, '91.92', '143.62'),
('S18_4409', '1932 Alfa Romeo 8C2300 Spider Sport', 'Vintage Cars', '1:18', 'Exoto Designs', 'This 1:18 scale precision die cast replica features the 6 front headlights of the original, plus a detailed version of the 142 horsepower straight 8 engine, dual spares and their famous comprehensive dashboard. Color black.', 6553, '43.26', '92.03'),
('S18_4522', '1904 Buick Runabout', 'Vintage Cars', '1:18', 'Exoto Designs', 'Features opening trunk,  working steering system', 8290, '52.66', '87.77'),
('S18_4600', '1940s Ford truck', 'Trucks and Buses', '1:18', 'Motor City Art Classics', 'This 1940s Ford Pick-Up truck is re-created in 1:18 scale of original 1940s Ford truck. This antique style metal 1940s Ford Flatbed truck is all hand-assembled. This collectible 1940\'s Pick-Up truck is painted in classic dark green color, and features rotating wheels.', 3128, '84.76', '121.08'),
('S18_4668', '1939 Cadillac Limousine', 'Vintage Cars', '1:18', 'Studio M Art Models', 'Features completely detailed interior including Velvet flocked drapes,deluxe wood grain floor, and a wood grain casket with seperate chrome handles', 6645, '23.14', '50.31'),
('S18_4721', '1957 Corvette Convertible', 'Classic Cars', '1:18', 'Classic Metal Creations', '1957 die cast Corvette Convertible in Roman Red with white sides and whitewall tires. 1:18 scale quality die-cast with detailed engine and underbvody. Now you can own The Classic Corvette.', 1249, '69.93', '148.80'),
('S18_4933', '1957 Ford Thunderbird', 'Classic Cars', '1:18', 'Studio M Art Models', 'This 1:18 scale precision die-cast replica, with its optional porthole hardtop and factory baked-enamel Thunderbird Bronze finish, is a 100% accurate rendition of this American classic.', 3209, '34.21', '71.27'),
('S24_1046', '1970 Chevy Chevelle SS 454', 'Classic Cars', '1:24', 'Unimax Art Galleries', 'This model features rotating wheels, working streering system and opening doors. All parts are particularly delicate due to their precise scale and require special care and attention. It should not be picked up by the doors, roof, hood or trunk.', 1005, '49.24', '73.49'),
('S24_1444', '1970 Dodge Coronet', 'Classic Cars', '1:24', 'Highway 66 Mini Classics', '1:24 scale die-cast about 18\" long doors open, hood opens and rubber wheels', 4074, '32.37', '57.80'),
('S24_1578', '1997 BMW R 1100 S', 'Motorcycles', '1:24', 'Autoart Studio Design', 'Detailed scale replica with working suspension and constructed from over 70 parts', 7003, '60.86', '112.70'),
('S24_1628', '1966 Shelby Cobra 427 S/C', 'Classic Cars', '1:24', 'Carousel DieCast Legends', 'This diecast model of the 1966 Shelby Cobra 427 S/C includes many authentic details and operating parts. The 1:24 scale model of this iconic lighweight sports car from the 1960s comes in silver and it\'s own display case.', 8197, '29.18', '50.31'),
('S24_1785', '1928 British Royal Navy Airplane', 'Planes', '1:24', 'Classic Metal Creations', 'Official logos and insignias', 3627, '66.74', '109.42'),
('S24_1937', '1939 Chevrolet Deluxe Coupe', 'Vintage Cars', '1:24', 'Motor City Art Classics', 'This 1:24 scale die-cast replica of the 1939 Chevrolet Deluxe Coupe has the same classy look as the original. Features opening trunk, hood and doors and a showroom quality baked enamel finish.', 7332, '22.57', '33.19'),
('S24_2000', '1960 BSA Gold Star DBD34', 'Motorcycles', '1:24', 'Highway 66 Mini Classics', 'Detailed scale replica with working suspension and constructed from over 70 parts', 15, '37.32', '76.17'),
('S24_2011', '18th century schooner', 'Ships', '1:24', 'Carousel DieCast Legends', 'All wood with canvas sails. Many extras including rigging, long boats, pilot house, anchors, etc. Comes with 4 masts, all square-rigged.', 1898, '82.34', '122.89'),
('S24_2022', '1938 Cadillac V-16 Presidential Limousine', 'Vintage Cars', '1:24', 'Classic Metal Creations', 'This 1:24 scale precision die cast replica of the 1938 Cadillac V-16 Presidential Limousine has all the details of the original, from the flags on the front to an opening back seat compartment complete with telephone and rifle. Features factory baked-enamel black finish, hood goddess ornament, working jump seats.', 2847, '20.61', '44.80'),
('S24_2300', '1962 Volkswagen Microbus', 'Trucks and Buses', '1:24', 'Autoart Studio Design', 'This 1:18 scale die cast replica of the 1962 Microbus is loaded with features: A working steering system, opening front doors and tailgate, and famous two-tone factory baked enamel finish, are all topped of by the sliding, real fabric, sunroof.', 2327, '61.34', '127.79'),
('S24_2360', '1982 Ducati 900 Monster', 'Motorcycles', '1:24', 'Highway 66 Mini Classics', 'Features two-tone paint with chrome accents, superior die-cast detail , rotating wheels , working kick stand', 6840, '47.10', '69.26'),
('S24_2766', '1949 Jaguar XK 120', 'Classic Cars', '1:24', 'Classic Metal Creations', 'Precision-engineered from original Jaguar specification in perfect scale ratio. Features opening doors, superb detail and craftsmanship, working steering system, opening forward compartment, opening rear trunk with removable spare, 4 wheel independent spring suspension as well as factory baked enamel finish.', 2350, '47.25', '90.87'),
('S24_2840', '1958 Chevy Corvette Limited Edition', 'Classic Cars', '1:24', 'Carousel DieCast Legends', 'The operating parts of this 1958 Chevy Corvette Limited Edition are particularly delicate due to their precise scale and require special care and attention. Features rotating wheels, working streering, opening doors and trunk. Color dark green.', 2542, '15.91', '35.36'),
('S24_2841', '1900s Vintage Bi-Plane', 'Planes', '1:24', 'Autoart Studio Design', 'Hand crafted diecast-like metal bi-plane is re-created in about 1:24 scale of antique pioneer airplane. All hand-assembled with many different parts. Hand-painted in classic yellow and features correct markings of original airplane.', 5942, '34.25', '68.51'),
('S24_2887', '1952 Citroen-15CV', 'Classic Cars', '1:24', 'Exoto Designs', 'Precision crafted hand-assembled 1:18 scale reproduction of the 1952 15CV, with its independent spring suspension, working steering system, opening doors and hood, detailed engine and instrument panel, all topped of with a factory fresh baked enamel finish.', 1452, '72.82', '117.44'),
('S24_2972', '1982 Lamborghini Diablo', 'Classic Cars', '1:24', 'Second Gear Diecast', 'This replica features opening doors, superb detail and craftsmanship, working steering system, opening forward compartment, opening rear trunk with removable spare, 4 wheel independent spring suspension as well as factory baked enamel finish.', 7723, '16.24', '37.76'),
('S24_3151', '1912 Ford Model T Delivery Wagon', 'Vintage Cars', '1:24', 'Min Lin Diecast', 'This model features chrome trim and grille, opening hood, opening doors, opening trunk, detailed engine, working steering system. Color white.', 9173, '46.91', '88.51'),
('S24_3191', '1969 Chevrolet Camaro Z28', 'Classic Cars', '1:24', 'Exoto Designs', '1969 Z/28 Chevy Camaro 1:24 scale replica. The operating parts of this limited edition 1:24 scale diecast model car 1969 Chevy Camaro Z28- hood, trunk, wheels, streering, suspension and doors- are particularly delicate due to their precise scale and require special care and attention.', 4695, '50.51', '85.61'),
('S24_3371', '1971 Alpine Renault 1600s', 'Classic Cars', '1:24', 'Welly Diecast Productions', 'This 1971 Alpine Renault 1600s replica Features opening doors, superb detail and craftsmanship, working steering system, opening forward compartment, opening rear trunk with removable spare, 4 wheel independent spring suspension as well as factory baked enamel finish.', 7995, '38.58', '61.23'),
('S24_3420', '1937 Horch 930V Limousine', 'Vintage Cars', '1:24', 'Autoart Studio Design', 'Features opening hood, opening doors, opening trunk, wide white wall tires, front door arm rests, working steering system', 2902, '26.30', '65.75'),
('S24_3432', '2002 Chevy Corvette', 'Classic Cars', '1:24', 'Gearbox Collectibles', 'The operating parts of this limited edition Diecast 2002 Chevy Corvette 50th Anniversary Pace car Limited Edition are particularly delicate due to their precise scale and require special care and attention. Features rotating wheels, poseable streering, opening doors and trunk.', 9446, '62.11', '107.08'),
('S24_3816', '1940 Ford Delivery Sedan', 'Vintage Cars', '1:24', 'Carousel DieCast Legends', 'Chrome Trim, Chrome Grille, Opening Hood, Opening Doors, Opening Trunk, Detailed Engine, Working Steering System. Color black.', 6621, '48.64', '83.86'),
('S24_3856', '1956 Porsche 356A Coupe', 'Classic Cars', '1:18', 'Classic Metal Creations', 'Features include: Turnable front wheels; steering function; detailed interior; detailed engine; opening hood; opening trunk; opening doors; and detailed chassis.', 6600, '98.30', '140.43'),
('S24_3949', 'Corsair F4U ( Bird Cage)', 'Planes', '1:24', 'Second Gear Diecast', 'Has retractable wheels and comes with a stand. Official logos and insignias.', 6812, '29.34', '68.24'),
('S24_3969', '1936 Mercedes Benz 500k Roadster', 'Vintage Cars', '1:24', 'Red Start Diecast', 'This model features grille-mounted chrome horn, lift-up louvered hood, fold-down rumble seat, working steering system and rubber wheels. Color black.', 2081, '21.75', '41.03'),
('S24_4048', '1992 Porsche Cayenne Turbo Silver', 'Classic Cars', '1:24', 'Exoto Designs', 'This replica features opening doors, superb detail and craftsmanship, working steering system, opening forward compartment, opening rear trunk with removable spare, 4 wheel independent spring suspension as well as factory baked enamel finish.', 6582, '69.78', '118.28'),
('S24_4258', '1936 Chrysler Airflow', 'Vintage Cars', '1:24', 'Second Gear Diecast', 'Features opening trunk,  working steering system. Color dark green.', 4710, '57.46', '97.39'),
('S24_4278', '1900s Vintage Tri-Plane', 'Planes', '1:24', 'Unimax Art Galleries', 'Hand crafted diecast-like metal Triplane is Re-created in about 1:24 scale of antique pioneer airplane. This antique style metal triplane is all hand-assembled with many different parts.', 2756, '36.23', '72.45'),
('S24_4620', '1961 Chevrolet Impala', 'Classic Cars', '1:18', 'Classic Metal Creations', 'This 1:18 scale precision die-cast reproduction of the 1961 Chevrolet Impala has all the features-doors, hood and trunk that open; detailed 409 cubic-inch engine; chrome dashboard and stick shift, two-tone interior; working steering system; all topped of with a factory baked-enamel finish.', 7869, '32.33', '80.84'),
('S32_1268', '1980’s GM Manhattan Express', 'Trucks and Buses', '1:32', 'Motor City Art Classics', 'This 1980’s era new look Manhattan express is still active, running from the Bronx to mid-town Manhattan. Has 35 opeining windows and working lights. Needs a battery.', 5099, '53.93', '96.31'),
('S32_1374', '1997 BMW F650 ST', 'Motorcycles', '1:32', 'Exoto Designs', 'Features official die-struck logos and baked enamel finish. Comes with stand.', 178, '66.92', '99.89'),
('S32_2206', '1982 Ducati 996 R', 'Motorcycles', '1:32', 'Gearbox Collectibles', 'Features rotating wheels , working kick stand. Comes with stand.', 9241, '24.14', '40.23'),
('S32_2509', '1954 Greyhound Scenicruiser', 'Trucks and Buses', '1:32', 'Classic Metal Creations', 'Model features bi-level seating, 50 windows, skylights & glare resistant glass, working steering system, original logos', 2874, '25.98', '54.11'),
('S32_3207', '1950\'s Chicago Surface Lines Streetcar', 'Trains', '1:32', 'Gearbox Collectibles', 'This streetcar is a joy to see. It has 80 separate windows, electric wire guides, detailed interiors with seats, poles and drivers controls, rolling and turning wheel assemblies, plus authentic factory baked-enamel finishes (Green Hornet for Chicago and Cream and Crimson for Boston).', 8601, '26.72', '62.14'),
('S32_3522', '1996 Peterbilt 379 Stake Bed with Outrigger', 'Trucks and Buses', '1:32', 'Red Start Diecast', 'This model features, opening doors, detailed engine, working steering, tinted windows, detailed interior, die-struck logos, removable stakes operating outriggers, detachable second trailer, functioning 360-degree self loader, precision molded resin trailer and trim, baked enamel finish on cab', 814, '33.61', '64.64'),
('S32_4289', '1928 Ford Phaeton Deluxe', 'Vintage Cars', '1:32', 'Highway 66 Mini Classics', 'This model features grille-mounted chrome horn, lift-up louvered hood, fold-down rumble seat, working steering system', 136, '33.02', '68.79'),
('S32_4485', '1974 Ducati 350 Mk3 Desmo', 'Motorcycles', '1:32', 'Second Gear Diecast', 'This model features two-tone paint with chrome accents, superior die-cast detail , rotating wheels , working kick stand', 3341, '56.13', '102.05'),
('S50_1341', '1930 Buick Marquette Phaeton', 'Vintage Cars', '1:50', 'Studio M Art Models', 'Features opening trunk,  working steering system', 7062, '27.06', '43.64'),
('S50_1392', 'Diamond T620 Semi-Skirted Tanker', 'Trucks and Buses', '1:50', 'Highway 66 Mini Classics', 'This limited edition model is licensed and perfectly scaled for Lionel Trains. The Diamond T620 has been produced in solid precision diecast and painted with a fire baked enamel finish. It comes with a removable tanker and is a perfect model to add authenticity to your static train or car layout or to just have on display.', 1016, '68.29', '115.75'),
('S50_1514', '1962 City of Detroit Streetcar', 'Trains', '1:50', 'Classic Metal Creations', 'This streetcar is a joy to see. It has 99 separate windows, electric wire guides, detailed interiors with seats, poles and drivers controls, rolling and turning wheel assemblies, plus authentic factory baked-enamel finishes (Green Hornet for Chicago and Cream and Crimson for Boston).', 1645, '37.49', '58.58'),
('S50_4713', '2002 Yamaha YZR M1', 'Motorcycles', '1:50', 'Autoart Studio Design', 'Features rotating wheels , working kick stand. Comes with stand.', 600, '34.17', '81.36'),
('S700_1138', 'The Schooner Bluenose', 'Ships', '1:700', 'Autoart Studio Design', 'All wood with canvas sails. Measures 31 1/2 inches in Length, 22 inches High and 4 3/4 inches Wide. Many extras.\r\nThe schooner Bluenose was built in Nova Scotia in 1921 to fish the rough waters off the coast of Newfoundland. Because of the Bluenose racing prowess she became the pride of all Canadians. Still featured on stamps and the Canadian dime, the Bluenose was lost off Haiti in 1946.', 1897, '34.00', '66.67'),
('S700_1691', 'American Airlines: B767-300', 'Planes', '1:700', 'Min Lin Diecast', 'Exact replia with official logos and insignias and retractable wheels', 5841, '51.15', '91.34'),
('S700_1938', 'The Mayflower', 'Ships', '1:700', 'Studio M Art Models', 'Measures 31 1/2 inches Long x 25 1/2 inches High x 10 5/8 inches Wide\r\nAll wood with canvas sail. Extras include long boats, rigging, ladders, railing, anchors, side cannons, hand painted, etc.', 737, '43.30', '86.61'),
('S700_2047', 'HMS Bounty', 'Ships', '1:700', 'Unimax Art Galleries', 'Measures 30 inches Long x 27 1/2 inches High x 4 3/4 inches Wide. \r\nMany extras including rigging, long boats, pilot house, anchors, etc. Comes with three masts, all square-rigged.', 3501, '39.83', '90.52'),
('S700_2466', 'America West Airlines B757-200', 'Planes', '1:700', 'Motor City Art Classics', 'Official logos and insignias. Working steering system. Rotating jet engines', 9653, '68.80', '99.72'),
('S700_2610', 'The USS Constitution Ship', 'Ships', '1:700', 'Red Start Diecast', 'All wood with canvas sails. Measures 31 1/2\" Length x 22 3/8\" High x 8 1/4\" Width. Extras include 4 boats on deck, sea sprite on bow, anchors, copper railing, pilot houses, etc.', 7083, '33.97', '72.28'),
('S700_2824', '1982 Camaro Z28', 'Classic Cars', '1:18', 'Carousel DieCast Legends', 'Features include opening and closing doors. Color: White. \r\nMeasures approximately 9 1/2\" Long.', 6934, '46.53', '101.15'),
('S700_2834', 'ATA: B757-300', 'Planes', '1:700', 'Highway 66 Mini Classics', 'Exact replia with official logos and insignias and retractable wheels', 7106, '59.33', '118.65'),
('S700_3167', 'F/A 18 Hornet 1/72', 'Planes', '1:72', 'Motor City Art Classics', '10\" Wingspan with retractable landing gears.Comes with pilot', 551, '54.40', '80.00'),
('S700_3505', 'The Titanic', 'Ships', '1:700', 'Carousel DieCast Legends', 'Completed model measures 19 1/2 inches long, 9 inches high, 3inches wide and is in barn red/black. All wood and metal.', 1956, '51.09', '100.17'),
('S700_3962', 'The Queen Mary', 'Ships', '1:700', 'Welly Diecast Productions', 'Exact replica. Wood and Metal. Many extras including rigging, long boats, pilot house, anchors, etc. Comes with three masts, all square-rigged.', 5088, '53.63', '99.31'),
('S700_4002', 'American Airlines: MD-11S', 'Planes', '1:700', 'Second Gear Diecast', 'Polished finish. Exact replia with official logos and insignias and retractable wheels', 8820, '36.27', '74.03'),
('S72_1253', 'Boeing X-32A JSF', 'Planes', '1:72', 'Motor City Art Classics', '10\" Wingspan with retractable landing gears.Comes with pilot', 4857, '32.77', '49.66'),
('S72_3212', 'Pont Yacht', 'Ships', '1:72', 'Unimax Art Galleries', 'Measures 38 inches Long x 33 3/4 inches High. Includes a stand.\r\nMany extras including rigging, long boats, pilot house, anchors, etc. Comes with 2 masts, all square-rigged', 414, '33.30', '54.60');

-- --------------------------------------------------------

--
-- Structure for view `cheap`
--
DROP TABLE IF EXISTS `cheap`;

CREATE ALGORITHM=UNDEFINED DEFINER=`u2071497`@`localhost` SQL SECURITY DEFINER VIEW `cheap`  AS  select `hot_Room`.`price` AS `price`,`hot_Room`.`roomNo` AS `roomNo` from `hot_Room` where (`hot_Room`.`price` = (select min(`hot_Room`.`price`) from `hot_Room`)) ;

--
-- Indexes for dumped tables
--

--
-- Indexes for table `breeds`
--
ALTER TABLE `breeds`
  ADD PRIMARY KEY (`id`);

--
-- Indexes for table `competitions`
--
ALTER TABLE `competitions`
  ADD PRIMARY KEY (`id`),
  ADD KEY `competitions_event_id_foreign` (`event_id`),
  ADD KEY `competitions_chief_judge_id_foreign` (`chief_judge_id`);

--
-- Indexes for table `customers`
--
ALTER TABLE `customers`
  ADD PRIMARY KEY (`customerNumber`),
  ADD KEY `salesRepEmployeeNumber` (`salesRepEmployeeNumber`);

--
-- Indexes for table `dogs`
--
ALTER TABLE `dogs`
  ADD PRIMARY KEY (`id`),
  ADD KEY `dogs_breed_id_foreign` (`breed_id`),
  ADD KEY `dogs_owner_id_foreign` (`owner_id`);

--
-- Indexes for table `ea_Branch`
--
ALTER TABLE `ea_Branch`
  ADD PRIMARY KEY (`branchNo`);

--
-- Indexes for table `ea_Client`
--
ALTER TABLE `ea_Client`
  ADD PRIMARY KEY (`clientNo`);

--
-- Indexes for table `ea_PrivateOwner`
--
ALTER TABLE `ea_PrivateOwner`
  ADD PRIMARY KEY (`ownerNo`);

--
-- Indexes for table `ea_PropertyForRent`
--
ALTER TABLE `ea_PropertyForRent`
  ADD PRIMARY KEY (`propertyNo`);

--
-- Indexes for table `employees`
--
ALTER TABLE `employees`
  ADD PRIMARY KEY (`employeeNumber`),
  ADD KEY `reportsTo` (`reportsTo`),
  ADD KEY `officeCode` (`officeCode`);

--
-- Indexes for table `entries`
--
ALTER TABLE `entries`
  ADD PRIMARY KEY (`id`),
  ADD KEY `entries_competition_id_foreign` (`competition_id`),
  ADD KEY `entries_dog_id_foreign` (`dog_id`);

--
-- Indexes for table `events`
--
ALTER TABLE `events`
  ADD PRIMARY KEY (`id`);

--
-- Indexes for table `judges`
--
ALTER TABLE `judges`
  ADD PRIMARY KEY (`id`);

--
-- Indexes for table `offices`
--
ALTER TABLE `offices`
  ADD PRIMARY KEY (`officeCode`);

--
-- Indexes for table `orderdetails`
--
ALTER TABLE `orderdetails`
  ADD PRIMARY KEY (`orderNumber`,`productCode`),
  ADD KEY `productCode` (`productCode`);

--
-- Indexes for table `orders`
--
ALTER TABLE `orders`
  ADD PRIMARY KEY (`orderNumber`),
  ADD KEY `customerNumber` (`customerNumber`);

--
-- Indexes for table `owners`
--
ALTER TABLE `owners`
  ADD PRIMARY KEY (`id`);

--
-- Indexes for table `payments`
--
ALTER TABLE `payments`
  ADD PRIMARY KEY (`customerNumber`,`checkNumber`);

--
-- Indexes for table `productlines`
--
ALTER TABLE `productlines`
  ADD PRIMARY KEY (`productLine`);

--
-- Indexes for table `products`
--
ALTER TABLE `products`
  ADD PRIMARY KEY (`productCode`),
  ADD KEY `productLine` (`productLine`);

--
-- AUTO_INCREMENT for dumped tables
--

--
-- AUTO_INCREMENT for table `breeds`
--
ALTER TABLE `breeds`
  MODIFY `id` bigint UNSIGNED NOT NULL AUTO_INCREMENT, AUTO_INCREMENT=24;

--
-- AUTO_INCREMENT for table `competitions`
--
ALTER TABLE `competitions`
  MODIFY `id` bigint UNSIGNED NOT NULL AUTO_INCREMENT, AUTO_INCREMENT=16;

--
-- AUTO_INCREMENT for table `dogs`
--
ALTER TABLE `dogs`
  MODIFY `id` bigint UNSIGNED NOT NULL AUTO_INCREMENT, AUTO_INCREMENT=301;

--
-- AUTO_INCREMENT for table `entries`
--
ALTER TABLE `entries`
  MODIFY `id` bigint UNSIGNED NOT NULL AUTO_INCREMENT, AUTO_INCREMENT=201;

--
-- AUTO_INCREMENT for table `events`
--
ALTER TABLE `events`
  MODIFY `id` bigint UNSIGNED NOT NULL AUTO_INCREMENT, AUTO_INCREMENT=11;

--
-- AUTO_INCREMENT for table `judges`
--
ALTER TABLE `judges`
  MODIFY `id` bigint UNSIGNED NOT NULL AUTO_INCREMENT, AUTO_INCREMENT=26;

--
-- AUTO_INCREMENT for table `owners`
--
ALTER TABLE `owners`
  MODIFY `id` bigint UNSIGNED NOT NULL AUTO_INCREMENT, AUTO_INCREMENT=51;

--
-- Constraints for dumped tables
--

--
-- Constraints for table `competitions`
--
ALTER TABLE `competitions`
  ADD CONSTRAINT `competitions_chief_judge_id_foreign` FOREIGN KEY (`chief_judge_id`) REFERENCES `judges` (`id`),
  ADD CONSTRAINT `competitions_event_id_foreign` FOREIGN KEY (`event_id`) REFERENCES `events` (`id`);

--
-- Constraints for table `customers`
--
ALTER TABLE `customers`
  ADD CONSTRAINT `customers_ibfk_1` FOREIGN KEY (`salesRepEmployeeNumber`) REFERENCES `employees` (`employeeNumber`);

--
-- Constraints for table `dogs`
--
ALTER TABLE `dogs`
  ADD CONSTRAINT `dogs_breed_id_foreign` FOREIGN KEY (`breed_id`) REFERENCES `breeds` (`id`),
  ADD CONSTRAINT `dogs_owner_id_foreign` FOREIGN KEY (`owner_id`) REFERENCES `owners` (`id`);

--
-- Constraints for table `employees`
--
ALTER TABLE `employees`
  ADD CONSTRAINT `employees_ibfk_1` FOREIGN KEY (`officeCode`) REFERENCES `offices` (`officeCode`);

--
-- Constraints for table `entries`
--
ALTER TABLE `entries`
  ADD CONSTRAINT `entries_competition_id_foreign` FOREIGN KEY (`competition_id`) REFERENCES `competitions` (`id`),
  ADD CONSTRAINT `entries_dog_id_foreign` FOREIGN KEY (`dog_id`) REFERENCES `dogs` (`id`);

--
-- Constraints for table `orderdetails`
--
ALTER TABLE `orderdetails`
  ADD CONSTRAINT `orderdetails_ibfk_1` FOREIGN KEY (`orderNumber`) REFERENCES `orders` (`orderNumber`),
  ADD CONSTRAINT `orderdetails_ibfk_2` FOREIGN KEY (`productCode`) REFERENCES `products` (`productCode`);

--
-- Constraints for table `orders`
--
ALTER TABLE `orders`
  ADD CONSTRAINT `orders_ibfk_1` FOREIGN KEY (`customerNumber`) REFERENCES `customers` (`customerNumber`);

--
-- Constraints for table `payments`
--
ALTER TABLE `payments`
  ADD CONSTRAINT `payments_ibfk_1` FOREIGN KEY (`customerNumber`) REFERENCES `customers` (`customerNumber`);

--
-- Constraints for table `products`
--
ALTER TABLE `products`
  ADD CONSTRAINT `products_ibfk_1` FOREIGN KEY (`productLine`) REFERENCES `productlines` (`productLine`);
COMMIT;

/*!40101 SET CHARACTER_SET_CLIENT=@OLD_CHARACTER_SET_CLIENT */;
/*!40101 SET CHARACTER_SET_RESULTS=@OLD_CHARACTER_SET_RESULTS */;
/*!40101 SET COLLATION_CONNECTION=@OLD_COLLATION_CONNECTION */;
